Symbol,Name,Last Sale,Net Change,% Change,Market Cap,Country,IPO Year,Volume,Sector,Industry
A,Agilent Technologies Inc. Common Stock,$131.54,1.35,1.037%,37795081843.00,United States,1999,1739843,Industrials,Biotechnology: Laboratory Analytical Instruments
AA,Alcoa Corporation Common Stock ,$41.41,0.31,0.754%,10697865197.00,United States,2016,4317602,Industrials,Aluminum
AACG,ATA Creativity Global American Depositary Shares,$1.005,-0.005,-0.495%,32160131.00,China,2008,67806,Real Estate,Other Consumer Services
AACT,Ares Acquisition Corporation II Class A Ordinary Shares,$10.8953,0.0153,0.141%,0.00,,2023,33360,Finance,Blank Checks
AADI,Aadi Bioscience Inc. Common Stock,$2.03,0.02,0.995%,49968113.00,United States,,43674,Health Care,Biotechnology: Pharmaceutical Preparations
AAL,American Airlines Group Inc. Common Stock,$13.60,0.45,3.422%,8936981546.00,United States,,37026362,Consumer Discretionary,Air Freight/Delivery Services
AAM,AA Mission Acquisition Corp. Class A Ordinary Shares,$10.045,0.005,0.05%,0.00,,2024,116924,,
AAME,Atlantic American Corporation Common Stock,$1.6799,0.0299,1.812%,34269553.00,United States,,1482,Finance,Life Insurance
AAOI,Applied Optoelectronics Inc. Common Stock,$16.60,-0.84,-4.817%,678868869.00,United States,2013,2566532,Technology,Semiconductors
AAON,AAON Inc. Common Stock,$121.33,10.14,9.12%,9829325247.00,United States,,750465,Industrials,Industrial Machinery/Components
AAP,Advance Auto Parts Inc.,$37.09,0.35,0.953%,2213319194.00,United States,,2727019,Consumer Discretionary,Auto & Home Supply Stores
AAPL,Apple Inc. Common Stock,$233.40,1.99,0.86%,3548645575800.00,United States,1980,36025710,Technology,Computer Manufacturing
AAT,American Assets Trust Inc. Common Stock,$27.45,-0.05,-0.182%,1671748453.00,United States,2011,234686,Real Estate,Real Estate Investment Trusts
AB,AllianceBernstein Holding L.P.  Units,$37.99,-0.39,-1.016%,4309409212.00,United States,,373025,Finance,Investment Managers
ABAT,American Battery Technology Company Common Stock,$0.998,-0.002,-0.20%,71904345.00,United States,,356117,Basic Materials,Metal Mining
ABBV,AbbVie Inc. Common Stock,$189.68,1.83,0.974%,335040081552.00,United States,2012,5382624,Health Care,Biotechnology: Pharmaceutical Preparations
ABCB,Ameris Bancorp Common Stock,$63.18,1.93,3.151%,4363654260.00,United States,1994,387474,Finance,Major Banks
ABCL,AbCellera Biologics Inc. Common Shares,$2.89,0.17,6.25%,851583387.00,Canada,2020,2850235,Health Care,Pharmaceuticals and Biotechnology
ABEO,Abeona Therapeutics Inc. Common Stock,$6.39,-0.11,-1.692%,276778997.00,United States,,224453,Health Care,Biotechnology: Pharmaceutical Preparations
ABEV,Ambev S.A. American Depositary Shares (Each representing 1 Common Share),$2.28,0.03,1.333%,35918739888.00,Brazil,2013,17413620,Consumer Staples,Beverages (Production/Distribution)
ABG,Asbury Automotive Group Inc Common Stock,$225.58,2.71,1.216%,4507110958.00,United States,2002,830772,Consumer Discretionary,Retail-Auto Dealers and Gas Stations
ABL,Abacus Life Inc. Class A Common Stock,$9.00,-0.03,-0.332%,671862123.00,United States,2020,25157,Finance,Investment Managers
ABLLL,Abacus Life Inc. 9.875% Fixed Rate Senior Notes due 2028,$26.40,-0.44,-1.639%,1970795561.00,United States,,2025,Finance,Investment Managers
ABLLW,Abacus Life Inc. Warrant,$1.51,0.01,0.667%,112723534.00,United States,2020,12814,Finance,Investment Managers
ABLV,Able View Global Inc. Class B Ordinary Shares,$0.898,-0.012,-1.319%,38038591.00,China,,24098,Consumer Discretionary,Other Consumer Services
ABLVW,Able View Global Inc. Warrant,$0.0133,0.00,0.00%,563378.00,China,,201,Consumer Discretionary,Other Consumer Services
ABM,ABM Industries Incorporated Common Stock,$53.71,0.96,1.82%,3372518521.00,United States,,389130,Finance,Diversified Commercial Services
ABNB,Airbnb Inc. Class A Common Stock,$135.78,1.20,0.892%,87119634078.00,United States,2020,3260359,Finance,Diversified Commercial Services
ABOS,Acumen Pharmaceuticals Inc. Common Stock,$2.89,-0.01,-0.345%,173630558.00,United States,2021,273948,Health Care,Biotechnology: Biological Products (No Diagnostic Substances)
ABR,Arbor Realty Trust Common Stock,$15.19,0.07,0.463%,2864057472.00,United States,2004,1292579,Real Estate,Real Estate Investment Trusts
ABR^D,Arbor Realty Trust 6.375% Series D Cumulative Redeemable Preferred Stock Liquidation Preference $25.00 per Share,$19.73,0.06,0.305%,,United States,,22953,,
ABR^E,Arbor Realty Trust 6.25% Series E Cumulative Redeemable Preferred Stock,$19.97,-0.01,-0.05%,,United States,,4291,,
ABR^F,Arbor Realty Trust 6.25% Series F Fixed-to-Floating Rate Cumulative Redeemable Preferred Stock Liquidation Preference $25.00 per share,$20.36,0.06,0.296%,,United States,,18049,,
ABSI,Absci Corporation Common Stock,$4.29,0.22,5.405%,487156673.00,United States,2021,1727819,Health Care,Biotechnology: Commercial Physical & Biological Resarch
ABT,Abbott Laboratories Common Stock,$114.07,-0.15,-0.131%,198470051246.00,United States,,4104047,Health Care,Biotechnology: Pharmaceutical Preparations
ABTS,Abits Group Inc Ordinary Shares,$0.48,0.00,0.00%,17066245.00,China,,319828,Technology,Computer Software: Programming Data Processing
ABUS,Arbutus Biopharma Corporation Common Stock,$4.05,0.08,2.015%,764567217.00,Canada,,487421,Health Care,Biotechnology: Pharmaceutical Preparations
ABVC,ABVC BioPharma Inc. Common Stock,$0.74,0.0479,6.921%,9192143.00,United States,,330109,Health Care,Biotechnology: Pharmaceutical Preparations
ABVE,Above Food Ingredients Inc. Common Stock,$0.5801,-0.0199,-3.317%,16129453.00,Canada,,74027,Consumer Staples,Packaged Foods
ABVEW,Above Food Ingredients Inc. Warrants,$0.0151,-0.001,-6.211%,419850.00,Canada,,19899,Consumer Staples,Packaged Foods
ABVX,Abivax SA American Depositary Shares,$10.69,0.39,3.786%,672587851.00,France,2023,27905,Health Care,Biotechnology: Pharmaceutical Preparations
AC,Associated Capital Group Inc. Common Stock,$36.09,0.10,0.278%,767654691.00,United States,2015,6168,Finance,Investment Bankers/Brokers/Service
ACA,Arcosa Inc. Common Stock ,$95.42,1.54,1.64%,4654969185.00,United States,2018,259225,Industrials,Metal Fabrications
ACAB,Atlantic Coastal Acquisition Corp. II Class A Common Stock,$11.547,0.3869,3.467%,0.00,United States,2022,74163,Finance,Blank Checks
ACABU,Atlantic Coastal Acquisition Corp. II Unit,$11.50,0.00,0.00%,0.00,United States,2022,350,Finance,Blank Checks
ACAD,ACADIA Pharmaceuticals Inc. Common Stock,$14.74,0.40,2.789%,2445013006.00,United States,1985,819457,Health Care,Biotechnology: Pharmaceutical Preparations
ACB,Aurora Cannabis Inc. Common Shares,$5.95,0.02,0.337%,325231623.00,Canada,,848895,Health Care, Medicinal Chemicals and Botanical Products 
ACCD,Accolade Inc. Common Stock,$3.38,0.19,5.956%,272215330.00,United States,2020,1881999,Consumer Discretionary,Business Services
ACCO,Acco Brands Corporation Common Stock,$4.94,0.13,2.703%,473241320.00,United States,,784737,Consumer Discretionary,Publishing
ACDC,ProFrac Holding Corp. Class A Common Stock,$5.91,0.00,0.00%,946466418.00,United States,2022,496788,Energy,Oilfield Services/Equipment
ACEL,Accel Entertainment Inc. ,$11.36,0.16,1.429%,938730896.00,United States,2017,130516,Consumer Discretionary,Services-Misc. Amusement & Recreation
ACET,Adicet Bio Inc. Common Stock ,$1.43,0.03,2.143%,117833373.00,United States,2018,161106,Health Care,Biotechnology: Pharmaceutical Preparations
ACGL,Arch Capital Group Ltd. Common Stock,$105.66,0.36,0.342%,39734271480.00,Bermuda,,1224739,Finance,Property-Casualty Insurers
ACGLN,Arch Capital Group Ltd. Depositary Shares each Representing a 1/1000th Interest in a 4.550% Non-Cumulative Preferred Share Series G,$20.44,0.00,0.00%,7686622270.00,Bermuda,,15989,Finance,Property-Casualty Insurers
ACGLO,Arch Capital Group Ltd. Depositary Shares Each Representing 1/1000th Interest in a Share of 5.45% Non-Cumulative Preferred Shares Series F,$23.57,0.00,0.00%,8863683312.00,Bermuda,,16411,Finance,Property-Casualty Insurers
ACHC,Acadia Healthcare Company Inc. Common Stock,$51.49,0.60,1.179%,4781732643.00,United States,,1462238,Health Care,Medical Specialities
ACHL,Achilles Therapeutics plc American Depositary Shares,$0.99,0.01,1.02%,40672119.00,United Kingdom,2021,51910,Health Care,Biotechnology: Biological Products (No Diagnostic Substances)
ACHR,Archer Aviation Inc. Class A Common Stock,$3.41,0.31,10.00%,1212437629.00,United States,2020,21816478,Industrials,Aerospace
ACHV,Achieve Life Sciences Inc. Common Shares,$4.84,0.13,2.76%,166211907.00,United States,,36599,Health Care,Biotechnology: In Vitro & In Vivo Diagnostic Substances
ACI,Albertsons Companies Inc. Class A Common Stock,$18.34,-0.07,-0.38%,10625243769.00,United States,2020,2299014,Consumer Staples,Food Chains
ACIC,American Coastal Insurance Corporation Common Stock,$12.06,-0.05,-0.413%,580635719.00,United States,,242277,Finance,Property-Casualty Insurers
ACIU,AC Immune SA Common Stock,$3.00,-0.05,-1.639%,297593487.00,Switzerland,2016,73291,Health Care,Biotechnology: Pharmaceutical Preparations
ACIW,ACI Worldwide Inc. Common Stock,$49.56,0.76,1.557%,5186813657.00,United States,,424834,Technology,Computer Software: Prepackaged Software
ACLS,Axcelis Technologies Inc. Common Stock,$90.12,0.23,0.256%,2939496940.00,United States,2000,744798,Technology,Industrial Machinery/Components
ACLX,Arcellx Inc. Common Stock,$84.99,0.68,0.807%,4568695158.00,United States,2022,536558,Health Care,Biotechnology: Biological Products (No Diagnostic Substances)
ACM,AECOM Common Stock,$105.93,1.44,1.378%,14201690404.00,United States,2007,451676,Consumer Discretionary,Military/Government/Technical
ACMR,ACM Research Inc. Class A Common Stock,$19.69,0.17,0.871%,1230050525.00,United States,2017,687662,Technology,Industrial Machinery/Components
ACN,Accenture plc Class A Ordinary Shares (Ireland),$361.32,0.52,0.144%,225884040411.00,Ireland,2001,2717726,Consumer Discretionary,Business Services
ACNB,ACNB Corporation Common Stock,$42.23,0.23,0.548%,360881913.00,United States,,11076,Finance,Major Banks
ACNT,Ascent Industries Co. Common Stock,$9.48,-0.10,-1.044%,95982507.00,United States,,34018,Industrials,Steel/Iron Ore
ACON,Aclarion Inc. Common Stock,$0.194,0.0093,5.035%,1864340.00,United States,2022,427652,Health Care,Medical Specialities
ACONW,Aclarion Inc. Warrant,$0.0287,-0.0002,-0.692%,275807.00,United States,2022,3361,Health Care,Medical Specialities
ACP,abrdn Income Credit Strategies Fund Common Shares,$6.50,0.03,0.464%,0.00,United States,2011,492820,Finance,Investment Managers
ACP^A,abrdn Income Credit Strategies Fund 5.250% Series A Perpetual Preferred Stock,$24.3834,-0.3466,-1.402%,,United States,,199,,
ACR,ACRES Commercial Realty Corp. Common Stock,$15.12,-0.04,-0.264%,119043268.00,United States,,25015,Real Estate,Real Estate Investment Trusts
ACR^C,ACRES Commercial Realty Corp. 8.625% Fixed-to-Floating Series C Cumulative Redeemable Preferred Stock ,$24.83,0.00,0.00%,,United States,,5417,,
ACR^D,ACRES Commercial Realty Corp. 7.875% Series D Cumulative Redeemable Preferred Stock,$22.8173,-0.2926,-1.266%,,United States,,2023,,
ACRE,Ares Commercial Real Estate Corporation Common Stock,$6.46,0.01,0.155%,352190976.00,United States,2012,298341,Real Estate,Real Estate Investment Trusts
ACRS,Aclaris Therapeutics Inc. Common Stock,$1.61,-0.08,-4.734%,114864737.00,United States,2015,1159337,Health Care,Biotechnology: Pharmaceutical Preparations
ACRV,Acrivon Therapeutics Inc. Common Stock,$8.17,0.21,2.638%,253042572.00,United States,2022,49496,Health Care,Biotechnology: Pharmaceutical Preparations
ACT,Enact Holdings Inc. Common Stock,$34.49,-0.16,-0.462%,5370034884.00,United States,2021,2207027,Finance,Specialty Insurers
ACTG,Acacia Research Corporation (Acacia Tech) Common Stock,$4.74,-0.01,-0.211%,475779676.00,United States,,133517,Miscellaneous,Multi-Sector Companies
ACTU,Actuate Therapeutics Inc. Common stock,$9.23,0.71,8.333%,180277000.00,United States,2024,109692,Health Care,Biotechnology: Pharmaceutical Preparations
ACU,Acme United Corporation. Common Stock,$40.50,0.25,0.621%,149646123.00,United States,1988,10545,Consumer Discretionary,Industrial Machinery/Components
ACV,Virtus Diversified Income & Convertible Fund Common Shares of Beneficial Interest,$20.92,-0.11,-0.523%,216792998.00,United States,2015,41647,Finance,Finance/Investors Services
ACVA,ACV Auctions Inc. Class A Common Stock,$17.66,0.10,0.569%,2941917484.00,United States,2021,1148736,Consumer Discretionary,Business Services
ACXP,Acurx Pharmaceuticals Inc. Common Stock,$1.89,0.05,2.717%,30703237.00,United States,2021,62660,Health Care,Biotechnology: Pharmaceutical Preparations
ADAG,Adagene Inc. American Depositary Shares,$3.02,0.01,0.332%,133232346.00,China,2021,41985,Health Care,Biotechnology: Pharmaceutical Preparations
ADAP,Adaptimmune Therapeutics plc American Depositary Shares,$0.7372,-0.0003,-0.041%,188531528.00,United Kingdom,2015,1341177,Health Care,Biotechnology: Biological Products (No Diagnostic Substances)
ADBE,Adobe Inc. Common Stock,$481.04,-2.68,-0.554%,211753808000.00,United States,1986,2300410,Technology,Computer Software: Prepackaged Software
ADC,Agree Realty Corporation Common Stock,$74.45,-0.58,-0.773%,7707263303.00,United States,,1533561,Real Estate,Real Estate Investment Trusts
ADC^A,Agree Realty Corporation Depositary Shares each representing 1/1000th of a 4.250% Series A Cumulative Redeemable Preferred Stock,$20.69,-0.16,-0.767%,,United States,,27477,,
ADCT,ADC Therapeutics SA Common Shares,$3.06,0.11,3.729%,295741197.00,Switzerland,2020,261161,Health Care,Biotechnology: Pharmaceutical Preparations
ADD,Color Star Technology Co. Ltd. Class A Ordinary Shares,$0.1702,-0.0058,-3.295%,10461121.00,United States,,1217726,Consumer Discretionary,Engineering & Construction
ADEA,Adeia Inc. Common Stock,$12.58,0.44,3.624%,1369994846.00,United States,2003,277683,Technology,Computer Software: Prepackaged Software
ADGM,Adagio Medical Holdings Inc Common Stock,$2.76,-0.14,-4.828%,36949875.00,United States,,12178,Health Care,Medical/Dental Instruments
ADI,Analog Devices Inc. Common Stock,$230.14,-0.03,-0.013%,114263003734.00,United States,,3403693,Technology,Semiconductors
ADIL,Adial Pharmaceuticals Inc Common Stock,$1.04,-0.06,-5.455%,6659516.00,United States,2018,182162,Health Care,Biotechnology: Pharmaceutical Preparations
ADM,Archer-Daniels-Midland Company Common Stock,$57.24,0.68,1.202%,27368849683.00,United States,,1878685,Consumer Staples,Packaged Foods
ADMA,ADMA Biologics Inc Common Stock,$16.43,0.62,3.922%,3829550848.00,United States,,2724644,Health Care,Biotechnology: Biological Products (No Diagnostic Substances)
ADN,Advent Technologies Holdings Inc. Class A Common Stock,$1.84,-0.07,-3.665%,4851175.00,United States,2018,22012,Miscellaneous,Industrial Machinery/Components
ADNT,Adient plc Ordinary Shares ,$21.47,0.58,2.776%,1871967862.00,United States,2016,403433,Consumer Discretionary,Auto Parts:O.E.M.
ADNWW,Advent Technologies Holdings Inc. Warrant,$0.0098,0.00,0.00%,25838.00,United States,2018,27904,Miscellaneous,Industrial Machinery/Components
ADP,Automatic Data Processing Inc. Common Stock,$286.44,-1.52,-0.528%,116808857947.00,United States,,1591838,Technology,EDP Services
ADPT,Adaptive Biotechnologies Corporation Common Stock,$4.67,0.22,4.944%,688695179.00,United States,2019,879138,Health Care,Biotechnology: Biological Products (No Diagnostic Substances)
ADSE,ADS-TEC ENERGY PLC Ordinary Shares,$14.41,-0.09,-0.621%,728926435.00,Ireland,,222976,Consumer Discretionary,Industrial Specialties
ADSEW,ADS-TEC ENERGY PLC Warrant,$3.50,0.02,0.575%,177046671.00,Ireland,,163266,Consumer Discretionary,Industrial Specialties
ADSK,Autodesk Inc. Common Stock,$286.52,0.48,0.168%,61601800000.00,United States,,1016524,Technology,Computer Software: Prepackaged Software
ADT,ADT Inc. Common Stock,$7.37,-0.51,-6.472%,6720172308.00,United States,2018,39911384,Consumer Discretionary,Diversified Commercial Services
ADTN,ADTRAN Holdings Inc. Common Stock,$6.36,0.07,1.113%,503915819.00,United States,1994,250672,Utilities,Telecommunications Equipment
ADTX,Aditxt Inc. Common Stock,$0.715,-0.1234,-14.719%,96323.00,United States,2020,2440940,Health Care,Biotechnology: Pharmaceutical Preparations
ADUS,Addus HomeCare Corporation Common Stock,$128.29,0.33,0.258%,2322085563.00,United States,2009,124905,Health Care,Medical/Nursing Services
ADV,Advantage Solutions Inc. Class A Common Stock,$3.17,0.07,2.258%,1016106744.00,United States,2019,254087,Consumer Discretionary,Business Services
ADVM,Adverum Biotechnologies Inc. Common Stock,$7.92,-0.06,-0.752%,164743152.00,United States,2014,235470,Health Care,Biotechnology: Biological Products (No Diagnostic Substances)
ADVWW,Advantage Solutions Inc. Warrant,$0.0314,0.0077,32.489%,10064906.00,United States,2019,72758,Consumer Discretionary,Business Services
ADX,Adams Diversified Equity Fund Inc.,$21.80,0.04,0.184%,0.00,United States,,320975,Finance,Investment Managers
ADXN,Addex Therapeutics Ltd American Depositary Shares,$11.01,0.00,0.00%,11486678.00,Switzerland,,28555,Health Care,Biotechnology: Pharmaceutical Preparations
AE,Adams Resources & Energy Inc. Common Stock,$26.95,-0.10,-0.37%,69199515.00,United States,1980,3137,Energy,Oil Refining/Marketing
AEAE,AltEnergy Acquisition Corp. Class A Common Stock,$11.22,0.00,0.00%,0.00,United States,2021,1,Finance,Blank Checks
AEAEU,AltEnergy Acquisition Corp. Unit,$11.30,0.00,0.00%,0.00,United States,2021,5,Finance,Blank Checks
AEAEW,AltEnergy Acquisition Corp. Warrant,$0.02,-0.0001,-0.498%,0.00,United States,2021,239,Finance,Blank Checks
AEE,Ameren Corporation Common Stock,$88.12,0.32,0.364%,23511889807.00,United States,,693585,Utilities,Power Generation
AEF,abrdn Emerging Markets Equity Income Fund Inc. Common Stock,$5.49,0.00,0.00%,589420125.00,United States,,126212,Finance,Finance/Investors Services
AEFC,Aegon Funding Company LLC 5.10% Subordinated Notes due 2049,$21.98,0.03,0.137%,0.00,United States,2019,25761,,
AEG,Aegon Ltd. New York Registry Shares,$6.41,0.06,0.945%,14130756234.00,Netherlands,,2352102,Finance,Life Insurance
AEHL,Antelope Enterprise Holdings Limited Class A Ordinary Shares,$0.3899,0.0055,1.431%,3458655.00,China,,836383,Industrials,Building Materials
AEHR,Aehr Test Systems Common Stock,$15.84,-1.12,-6.604%,469352791.00,United States,1997,1667256,Industrials,Electrical Products
AEI,Alset Inc. Common Stock (TX),$1.69,0.00,0.00%,15607351.00,United States,2020,24004,Finance,Real Estate
AEIS,Advanced Energy Industries Inc. Common Stock,$108.37,1.24,1.157%,4082572726.00,United States,1995,118811,Technology,Industrial Machinery/Components
AEM,Agnico Eagle Mines Limited Common Stock,$86.76,-0.12,-0.138%,43370134347.00,Canada,,1805238,Basic Materials,Precious Metals
AEMD,Aethlon Medical Inc. Common Stock,$0.3799,0.0049,1.307%,5294791.00,United States,,86813,Health Care,Medical/Dental Instruments
AENT,Alliance Entertainment Holding Corporation Class A Common Stock,$3.28,-0.03,-0.906%,363940174.00,United States,,61322,Consumer Discretionary,Durable Goods
AENTW,Alliance Entertainment Holding Corporation Warrants,$0.0551,-0.0049,-8.167%,6113751.00,United States,,4108,Consumer Discretionary,Durable Goods
AEO,American Eagle Outfitters Inc. Common Stock,$20.33,0.47,2.367%,3904652703.00,United States,,5353521,Consumer Discretionary,Clothing/Shoe/Accessory Stores
AEON,AEON Biopharma Inc. Class A Common Stock,$1.00,-0.01,-0.99%,39522238.00,United States,,46372,Health Care,Biotechnology: Pharmaceutical Preparations
AEP,American Electric Power Company Inc. Common Stock,$99.11,0.92,0.937%,52738412704.00,United States,,2420481,Utilities,Electric Utilities: Central
AER,AerCap Holdings N.V. Ordinary Shares,$96.09,0.67,0.702%,19457568513.00,Netherlands,2006,1223094,Consumer Discretionary,Diversified Commercial Services
AERT,Aeries Technology Inc. Class A Ordinary Share,$1.73,-0.12,-6.486%,76985739.00,United States,2021,18850,Consumer Discretionary,Professional Services
AERTW,Aeries Technology Inc. Warrant,$0.0425,0.00,0.00%,1891268.00,United States,2021,36,Consumer Discretionary,Professional Services
AES,The AES Corporation Common Stock,$17.05,0.09,0.531%,12121259554.00,United States,,5239127,Utilities,Electric Utilities: Central
AESI,Atlas Energy Solutions Inc. Common Stock,$20.02,-0.01,-0.05%,2199598621.00,United States,2023,771287,Industrials,Mining & Quarrying of Nonmetallic Minerals (No Fuels)
AEVA,Aeva Technologies Inc. Common Stock,$4.48,0.43,10.617%,240344975.00,United States,2020,406211,Consumer Discretionary,Auto Parts:O.E.M.
AEYE,AudioEye Inc. Common Stock,$22.45,-0.30,-1.319%,266686154.00,United States,,103235,Technology,Computer Software: Prepackaged Software
AFB,AllianceBernstein National Municipal Income Fund Inc,$11.235,-0.0085,-0.076%,0.00,United States,2002,53388,Finance,Trusts Except Educational Religious and Charitable
AFBI,Affinity Bancshares Inc. Common Stock (MD),$21.24,-0.14,-0.655%,136200013.00,United States,2017,2354,Finance,Banks
AFCG,Advanced Flower Capital Inc. Common Stock,$10.12,0.17,1.709%,209150991.00,United States,2021,115677,Finance,Real Estate
AFG,American Financial Group Inc. Common Stock,$129.97,0.56,0.433%,10904978836.00,United States,,192705,Finance,Property-Casualty Insurers
AFGB,American Financial Group Inc. 5.875% Subordinated Debentures due 2059,$24.70,-0.15,-0.604%,2072424231.00,United States,2019,5237,Finance,Property-Casualty Insurers
AFGC,American Financial Group Inc. 5.125% Subordinated Debentures due 2059,$22.64,0.03,0.133%,1899582372.00,United States,2019,5746,Finance,Property-Casualty Insurers
AFGD,American Financial Group Inc. 5.625% Subordinated Debentures due 2060,$24.69,0.00,0.00%,2071585192.00,United States,2020,2422,Finance,Property-Casualty Insurers
AFGE,American Financial Group Inc. 4.500% Subordinated Debentures due 2060,$20.25,0.00,0.00%,1699052254.00,United States,2020,5830,Finance,Property-Casualty Insurers
AFJK,Aimei Health Technology Co. Ltd Ordinary Share,$10.55,0.03,0.285%,0.00,United States,2024,9237,,
AFJKR,Aimei Health Technology Co. Ltd Right,$0.192,-0.038,-16.522%,0.00,United States,2024,2150,,
AFJKU,Aimei Health Technology Co. Ltd Unit,$10.91,-0.19,-1.712%,0.00,United States,2023,15366,,
AFL,AFLAC Incorporated Common Stock,$109.79,0.04,0.036%,61485288685.00,United States,,2162710,Finance,Accident &Health Insurance
AFMD,Affimed N.V.,$3.37,0.045,1.353%,51316550.00,Germany,2014,90248,Health Care,Biotechnology: Pharmaceutical Preparations
AFRI,Forafric Global PLC Ordinary Shares,$10.55,0.19,1.834%,283575581.00,Gibraltar,,4301,Consumer Staples,Packaged Foods
AFRIW,Forafric Global PLC Warrants,$1.15,-0.01,-0.862%,30911082.00,Gibraltar,,101,Consumer Staples,Packaged Foods
AFRM,Affirm Holdings Inc. Class A Common Stock,$42.12,1.42,3.489%,13104236415.00,United States,2021,8911691,Finance,Finance: Consumer Services
AFYA,Afya Limited Class A Common Shares,$16.73,0.17,1.027%,1504852676.00,Brazil,2019,87866,Real Estate,Other Consumer Services
AG,First Majestic Silver Corp. Ordinary Shares (Canada),$7.66,-0.01,-0.13%,2310310049.00,Canada,,7326745,Basic Materials,Precious Metals
AGAE,Allied Gaming & Entertainment Inc. Common Stock,$1.27,-0.03,-2.308%,48495348.00,United States,2017,10002,Consumer Discretionary,Services-Misc. Amusement & Recreation
AGCO,AGCO Corporation Common Stock,$101.89,1.47,1.464%,7605304253.00,United States,,529754,Industrials,Industrial Machinery/Components
AGD,abrdn Global Dynamic Dividend Fund Common Shares of Beneficial Interest,$10.35,-0.01,-0.097%,0.00,United States,2006,52669,Finance,Trusts Except Educational Religious and Charitable
AGEN,Agenus Inc. Common Stock,$4.41,0.06,1.379%,95132260.00,United States,2000,233187,Health Care,Biotechnology: Biological Products (No Diagnostic Substances)
AGFY,Agrify Corporation Common Stock,$3.36,-0.005,-0.149%,5527724.00,United States,2021,7121,Consumer Staples,Farming/Seeds/Milling
AGI,Alamos Gold Inc. Class A Common Shares,$20.50,-0.27,-1.30%,8604212010.00,Canada,2015,2258555,Basic Materials,Precious Metals
AGIO,Agios Pharmaceuticals Inc. Common Stock,$46.08,0.99,2.196%,2621635430.00,United States,2013,503056,Health Care,Biotechnology: Pharmaceutical Preparations
AGL,agilon health inc. Common Stock,$2.70,0.12,4.651%,1111003660.00,United States,2021,2416431,Health Care,Misc Health and Biotechnology Services
AGM,Federal Agricultural Mortgage Corporation Common Stock,$186.00,2.58,1.407%,2024006244.00,United States,,28733,Finance,Finance Companies
AGM^D,Federal Agricultural Mortgage Corporation 5.700% Non-Cumulative Preferred Stock Series D,$24.24,-0.2599,-1.061%,,United States,,405,,
AGM^E,Federal Agricultural Mortgage Corporation 5.750% Non-Cumulative Preferred Stock Series E,$23.91,-0.07,-0.292%,,United States,,3209,,
AGM^F,Federal Agricultural Mortgage Corporation 5.250% Non-Cumulative Preferred Stock Series F,$22.06,-0.24,-1.076%,,United States,,4569,,
AGM^G,Federal Agricultural Mortgage Corporation 4.875% Non-Cumulative Preferred Stock Series G,$20.78,-0.1582,-0.756%,,United States,,31863,,
AGMH,AGM Group Holdings Inc. Class A Ordinary Shares,$1.80,0.02,1.124%,47438716.00,Hong Kong,2018,34782,Technology,EDP Services
AGNC,AGNC Investment Corp. Common Stock,$9.64,-0.29,-2.92%,7542957221.00,United States,2008,53894048,Real Estate,Real Estate Investment Trusts
AGNCL,AGNC Investment Corp. Depositary Shares Each Representing a 1/1000th Interest in a Share of 7.75% Series G Fixed-Rate Reset Cumulative Redeemable Preferred Stock,$25.3599,0.1798,0.714%,19843220003.00,United States,,9784,Real Estate,Real Estate Investment Trusts
AGNCM,AGNC Investment Corp. Depositary Shares rep 6.875% Series D Fixed-to-Floating Cumulative Redeemable Preferred Stock,$24.94,0.03,0.12%,19514663183.00,United States,,29508,Real Estate,Real Estate Investment Trusts
AGNCN,AGNC Investment Corp. Depositary Shares Each Representing a 1/1000th Interest in a Share of 7.00% Series C Fixed-To-Floating Rate Cumulative Redeemable Preferred Stock,$25.67,0.12,0.47%,20085862226.00,United States,,29966,Real Estate,Real Estate Investment Trusts
AGNCO,AGNC Investment Corp. Depositary Shares each representing a 1/1000th interest in a share of 6.50% Series E Fixed-to-Floating Cumulative Redeemable Preferred Stock,$25.17,-0.01,-0.04%,19694630005.00,United States,,59619,Real Estate,Real Estate Investment Trusts
AGNCP,AGNC Investment Corp. Depositary Shares Each Representing a 1/1000th Interest in a Share of 6.125% Series F Fixed-to-Floating Rate Cumulative Redeemable Preferred Stock,$24.65,0.01,0.041%,19287748495.00,United States,,33177,Real Estate,Real Estate Investment Trusts
AGO,Assured Guaranty Ltd. Common Stock,$84.76,1.72,2.071%,4461391761.00,Bermuda,2004,213385,Finance,Property-Casualty Insurers
AGR,Avangrid Inc. Common Stock,$35.79,0.04,0.112%,13847545549.00,United States,2015,297316,Utilities,Electric Utilities: Central
AGRI,AgriFORCE  Growing Systems Ltd. Common Shares,$0.0605,0.0018,3.066%,5586772.00,Canada,2021,15191623,Industrials,Metal Fabrications
AGRO,Adecoagro S.A. Common Shares,$11.66,-0.11,-0.935%,1214211920.00,Luxembourg,2011,470745,Consumer Staples,Farming/Seeds/Milling
AGS,PlayAGS Inc. Common Stock,$11.61,0.03,0.259%,467163888.00,United States,2018,210982,Consumer Discretionary,Miscellaneous manufacturing industries
AGX,Argan Inc. Common Stock,$131.20,5.09,4.036%,1771154080.00,United States,,351845,Consumer Discretionary,Engineering & Construction
AGYS,Agilysys Inc. Common Stock (DE),$111.49,1.30,1.18%,3108546119.00,United States,,264290,Technology,EDP Services
AHCO,AdaptHealth Corp. Common Stock,$10.82,0.17,1.596%,1454963745.00,United States,2018,340719,Health Care,Medical/Nursing Services
AHG,Akso Health Group ADS,$0.8897,0.0497,5.917%,214297655.00,China,2017,3607,Consumer Discretionary,Business Services
AHH,Armada Hoffler Properties Inc. Common Stock,$11.04,0.02,0.181%,749316540.00,United States,2013,534878,Finance,Real Estate
AHH^A,Armada Hoffler Properties Inc. 6.75% Series A Cumulative Redeemable Perpetual Preferred Stock,$24.10,0.00,0.00%,,United States,,9440,,
AHL^C,Aspen Insurance Holdings Limited 5.95% Fixed-to-Floating Rate Perpetual Non-Cumulative Preference Shares,$26.20,0.12,0.46%,,Bermuda,,13403,,
AHL^D,Aspen Insurance Holdings Limited 5.625% Perpetual Non-Cumulative Preference Shares,$21.37,0.14,0.659%,,Bermuda,,7636,,
AHL^E,Aspen Insurance Holdings Limited Depositary Shares each representing a 1/1000th interest in a share of 5.625% Perpetual Non-Cumulative Preference Shares,$21.14,0.14,0.667%,,Bermuda,,6649,,
AHR,American Healthcare REIT Inc. Common Stock,$25.96,0.09,0.348%,3417556509.00,United States,2024,1056363,Real Estate,Real Estate Investment Trusts
AHT,Ashford Hospitality Trust Inc Common Stock,$6.10,0.53,9.515%,306199138.00,United States,2003,121816,Real Estate,Real Estate Investment Trusts
AHT^D,Ashford Hospitality Trust Inc 8.45% Series D Cumulative Preferred Stock,$16.70,0.3508,2.146%,,United States,,3812,,
AHT^F,Ashford Hospitality Trust Inc 7.375% Series F Cumulative Preferred Stock,$15.11,-0.74,-4.669%,,United States,,494,,
AHT^G,Ashford Hospitality Trust Inc 7.375% Series G Cumulative Preferred Stock,$15.11,-0.74,-4.669%,,United States,,2276,,
AHT^H,Ashford Hospitality Trust Inc 7.50% Series H Cumulative Preferred Stock,$15.31,0.76,5.223%,,United States,,1004,,
AHT^I,Ashford Hospitality Trust Inc 7.50% Series I Cumulative Preferred Stock,$14.94,-0.03,-0.20%,,United States,,138,,
AI,C3.ai Inc. Class A Common Stock,$26.34,1.06,4.193%,3346042319.00,United States,2020,2315990,Technology,Computer Software: Prepackaged Software
AIEV,Thunder Power Holdings Inc. Common Stock,$0.3533,0.0013,0.369%,24983996.00,United States,2022,60014,Consumer Discretionary,Auto Manufacturing
AIFF,Firefly Neuroscience Inc. Common Stock,$3.36,-0.24,-6.667%,24667080.00,United States,,90847,Technology,Computer Software: Prepackaged Software
AIFU,Fanhua Inc. American Depositary Shares,$1.35,-0.08,-5.594%,76552322.00,China,2007,203247,Finance,Specialty Insurers
AIG,American International Group Inc. New Common Stock,$77.48,0.66,0.859%,49893357106.00,United States,,3389874,Finance,Life Insurance
AIHS,Senmiao Technology Limited Common Stock,$0.875,0.015,1.744%,9203285.00,China,2018,44425,Finance,Finance: Consumer Services
AILE,iLearningEngines Inc. Common Stock,$1.58,-0.03,-1.863%,223053775.00,United States,2021,516844,Technology,Computer Software: Prepackaged Software
AILEW,iLearningEngines Inc. Warrant,$0.25,0.00,0.00%,35293319.00,United States,2021,184,Technology,Computer Software: Prepackaged Software
AIM,AIM ImmunoTech Inc. Common Stock,$0.27,0.0029,1.086%,15426904.00,United States,1997,609966,Health Care,Biotechnology: Biological Products (No Diagnostic Substances)
AIMAU,Aimfinity Investment Corp. I Unit,$11.66,0.00,0.00%,0.00,United States,2022,20,Finance,Blank Checks
AIMAW,Aimfinity Investment Corp. I Warrant,$0.0151,-0.0029,-16.111%,0.00,United States,2022,1000,Finance,Blank Checks
AIMD,Ainos Inc. Common Stock,$0.5449,-0.0151,-2.696%,4175581.00,United States,,79569,Health Care,Biotechnology: Pharmaceutical Preparations
AIMDW,Ainos Inc. Warrants,$0.0495,0.00,0.00%,379320.00,United States,,1,Health Care,Biotechnology: Pharmaceutical Preparations
AIN,Albany International Corporation Common Stock,$72.25,1.14,1.603%,2254200000.00,United States,,298012,Consumer Discretionary,Textiles
AIO,Virtus Artificial Intelligence & Technology Opportunities Fund Common Shares of Beneficial Interest,$22.29,0.15,0.678%,765460266.00,,2019,45536,Finance,Finance/Investors Services
AIOT,PowerFleet Inc. Common Stock,$5.21,0.11,2.157%,561419232.00,United States,,671389,Telecommunications,Telecommunications Equipment
AIP,Arteris Inc. Common Stock,$7.11,0.27,3.947%,279118450.00,United States,2021,109400,Technology,Semiconductors
AIR,AAR Corp. Common Stock,$60.85,-0.30,-0.491%,2184982693.00,United States,,209283,Industrials,Aerospace
AIRE,reAlpha Tech Corp. Common Stock,$1.14,0.04,3.636%,50528478.00,United States,,34977,Finance,Real Estate
AIRG,Airgain Inc. Common Stock,$9.67,0.44,4.767%,109285573.00,United States,2016,41975,Technology,Radio And Television Broadcasting And Communications Equipment
AIRI,Air Industries Group Common Stock,$6.05,0.13,2.196%,20189074.00,United States,,45107,Industrials,Military/Government/Technical
AIRJ,Montana Technologies Corporation Class A Common Stock,$6.71,0.01,0.149%,374254746.00,United States,2022,67579,Industrials,Industrial Machinery/Components
AIRJW,Montana Technologies Corporation Warrant,$0.52,0.00,0.00%,29003348.00,United States,2022,221,Industrials,Industrial Machinery/Components
AIRS,AirSculpt Technologies Inc. Common Stock,$5.79,0.08,1.401%,333458132.00,United States,2021,331341,Health Care,Medical/Nursing Services
AIRT,Air T Inc. Common Stock,$16.80,-0.35,-2.041%,46368790.00,United States,,10037,Consumer Discretionary,Air Freight/Delivery Services
AIRTP,Air T Inc. Air T Funding Alpha Income Trust Preferred Securities,$17.3822,-0.1178,-0.673%,47975689.00,United States,,409,Consumer Discretionary,Air Freight/Delivery Services
AISP,Airship AI Holdings Inc. Class A Common Stock,$2.04,0.07,3.553%,48421495.00,United States,2021,375676,Technology,Computer Software: Prepackaged Software
AISPW,Airship AI Holdings Inc. Warrants,$0.21,0.00,0.00%,4984566.00,United States,2021,28439,Technology,Computer Software: Prepackaged Software
AIT,Applied Industrial Technologies Inc. Common Stock,$233.39,2.09,0.904%,8952543995.00,United States,,172453,Consumer Discretionary,Industrial Specialties
AITR,AI TRANSPORTATION ACQUISITION CORP Ordinary shares,$10.56,0.00,0.00%,0.00,United States,2024,325817,,
AITRR,AI TRANSPORTATION ACQUISITION CORP Right,$0.12,-0.04,-25.00%,0.00,United States,2024,11107,,
AITRU,AI TRANSPORTATION ACQUISITION CORP Unit,$10.722,0.00,0.00%,0.00,United States,2023,1,,
AIV,Apartment Investment and Management Company Common Stock,$8.71,0.01,0.115%,1233417961.00,United States,1994,537587,Real Estate,Real Estate Investment Trusts
AIXI,XIAO-I Corporation American Depositary Shares,$4.93,-0.09,-1.793%,41251854.00,China,2023,83963,Technology,Computer Software: Prepackaged Software
AIZ,Assurant Inc. Common Stock,$194.23,2.46,1.283%,10059803919.00,United States,2004,223035,Finance,Property-Casualty Insurers
AIZN,Assurant Inc. 5.25% Subordinated Notes due 2061,$22.62,0.21,0.937%,1171563428.00,United States,2020,7724,Finance,Property-Casualty Insurers
AJG,Arthur J. Gallagher & Co. Common Stock,$285.99,3.02,1.067%,62660409000.00,United States,,1008168,Finance,Specialty Insurers
AJX,Great Ajax Corp. Common Stock,$3.21,-0.04,-1.231%,146400232.00,United States,2015,147933,Real Estate,Real Estate Investment Trusts
AKA,a.k.a. Brands Holding Corp. Common Stock,$25.18,0.83,3.409%,265518618.00,,2021,4023,Consumer Discretionary,Catalog/Specialty Distribution
AKAM,Akamai Technologies Inc. Common Stock,$102.85,0.88,0.863%,15584425445.00,United States,1999,930717,Consumer Discretionary,Business Services
AKAN,Akanda Corp. Common Shares,$0.8491,0.0073,0.867%,1627452.00,United Kingdom,2022,216052,Health Care, Medicinal Chemicals and Botanical Products 
AKBA,Akebia Therapeutics Inc. Common Stock,$1.63,0.04,2.516%,342769782.00,United States,2014,2455469,Health Care,Biotechnology: Pharmaceutical Preparations
AKO/A,Embotelladora Andina S.A.,$13.88,-0.03,-0.216%,,Chile,,2752,,
AKO/B,Embotelladora Andina S.A.,$18.34,0.15,0.825%,,Chile,,7751,,
AKR,Acadia Realty Trust Common Stock,$24.60,0.59,2.457%,2591144101.00,United States,,1632168,Real Estate,Real Estate Investment Trusts
AKRO,Akero Therapeutics Inc. Common Stock,$29.71,0.38,1.296%,2062787701.00,United States,2019,386272,Health Care,Biotechnology: Pharmaceutical Preparations
AKTS,Akoustis Technologies Inc. Common Stock,$0.067,0.008,13.559%,10357592.00,United States,,18402577,Utilities,Telecommunications Equipment
AKTX,Akari Therapeutics plc ADS,$2.40,0.0355,1.501%,28688280.00,United Kingdom,,2296,Health Care,Biotechnology: Pharmaceutical Preparations
AKYA,Akoya BioSciences Inc. Common Stock,$2.90,0.10,3.571%,143548512.00,United States,2021,120243,Industrials,Biotechnology: Laboratory Analytical Instruments
AL,Air Lease Corporation Class A Common Stock,$44.97,0.38,0.852%,5008618473.00,United States,2011,673578,Consumer Discretionary,Diversified Commercial Services
ALAB,Astera Labs Inc. Common Stock,$72.87,0.20,0.275%,11415574895.00,United States,2024,1865456,Technology,Semiconductors
ALAR,Alarum Technologies Ltd. American Depositary Share,$14.80,-2.18,-12.839%,101676000.00,Israel,2018,495319,Technology,Computer Software: Prepackaged Software
ALB,Albemarle Corporation Common Stock,$98.14,4.63,4.951%,11534711683.00,United States,,2383337,Industrials,Major Chemicals
ALB^A,Albemarle Corporation Depositary Shares each representing a 1/20th of 7.25% Series A Mandatory Convertible Preferred Stock,$45.96,1.22,2.727%,,United States,,34919,,
ALBT,Avalon GloboCare Corp. Common Stock,$4.30,0.85,24.638%,68731996.00,United States,,935668,Health Care,Biotechnology: Biological Products (No Diagnostic Substances)
ALC,Alcon Inc. Ordinary Shares,$94.87,0.62,0.658%,47406539000.00,Switzerland,2019,523070,Health Care,Ophthalmic Goods
ALCE,Alternus Clean Energy Inc. Class A Common Stock,$2.53,-0.09,-3.435%,8833551.00,United States,2022,235386,Utilities,Power Generation
ALCO,Alico Inc. Common Stock,$25.58,-0.30,-1.159%,195143144.00,United States,,20027,,
ALCY,Alchemy Investments Acquisition Corp 1 Class A Ordinary Shares,$10.90,0.00,0.00%,0.00,United States,2023,103,Finance,Blank Checks
ALCYW,Alchemy Investments Acquisition Corp 1 Warrants,$0.09,0.005,5.882%,0.00,United States,2023,124461,Finance,Blank Checks
ALDFU,Aldel Financial II Inc. Units,$9.98,-0.01,-0.10%,0.00,United States,2024,15124,Finance,Blank Checks
ALDX,Aldeyra Therapeutics Inc. Common Stock,$5.62,0.295,5.54%,333949117.00,United States,2014,318694,Health Care,Biotechnology: Pharmaceutical Preparations
ALE,Allete Inc.,$64.29,-0.01,-0.016%,3712973351.00,United States,,166219,Utilities,Power Generation
ALEC,Alector Inc. Common Stock,$5.07,0.31,6.513%,493417784.00,United States,2019,411026,Health Care,Biotechnology: Biological Products (No Diagnostic Substances)
ALEX,Alexander & Baldwin Inc. Common Stock REIT Holding Company,$18.92,0.18,0.961%,1374004021.00,United States,,278544,Real Estate,Real Estate Investment Trusts
ALF,Centurion Acquisition Corp. Class A Ordinary Shares,$10.05,-0.05,-0.495%,0.00,United States,2024,289728,,
ALFUU,Centurion Acquisition Corp. Unit,$10.075,0.005,0.05%,0.00,United States,2024,1081,,
ALG,Alamo Group Inc. Common Stock,$174.16,2.38,1.385%,2100366813.00,United States,,42053,Industrials,Industrial Machinery/Components
ALGM,Allegro MicroSystems Inc. Common Stock,$23.55,0.51,2.214%,4566827304.00,United States,2020,1668030,Technology,Semiconductors
ALGN,Align Technology Inc. Common Stock,$215.80,-3.50,-1.596%,16119626627.00,United States,2001,791388,Health Care,Industrial Specialties
ALGS,Aligos Therapeutics Inc. Common Stock,$8.87,0.47,5.595%,28349434.00,United States,2020,181135,Health Care,Biotechnology: Biological Products (No Diagnostic Substances)
ALGT,Allegiant Travel Company Common Stock,$63.80,1.52,2.441%,1167335840.00,United States,2006,368024,Consumer Discretionary,Air Freight/Delivery Services
ALHC,Alignment Healthcare Inc. Common Stock,$11.54,0.50,4.529%,2207601377.00,United States,2021gg,888044,Health Care,Medical Specialities
ALIT,Alight Inc. Class A Common Stock,$7.18,0.15,2.134%,3923035741.00,United States,2021,5098807,Consumer Discretionary,Business Services
ALK,Alaska Air Group Inc. Common Stock,$47.10,1.56,3.426%,5942097048.00,United States,,1835234,Consumer Discretionary,Air Freight/Delivery Services
ALKS,Alkermes plc Ordinary Shares,$26.53,0.44,1.686%,4292620537.00,Ireland,1991,1955968,Health Care,Biotechnology: Pharmaceutical Preparations
ALKT,Alkami Technology Inc. Common Stock,$38.77,0.51,1.333%,3837662795.00,United States,2021,328887,Technology,Computer Software: Prepackaged Software
ALL,Allstate Corporation (The) Common Stock,$189.21,1.09,0.579%,49959119845.00,United States,,1778291,Finance,Property-Casualty Insurers
ALL^B,Allstate Corporation (The) 5.100% Fixed-to-Floating Rate Subordinated Debentures due 2053,$26.10,0.00,0.00%,,United States,,32852,,
ALL^H,Allstate Corporation (The) Depositary Shares each representing a 1/1000th interest in a share of Fixed Rate Noncumulative Perpetual Preferred Stock Series H,$23.74,-0.01,-0.042%,,United States,,76363,,
ALL^I,Allstate Corporation (The) Depositary Shares each representing a 1/1000th interest in a share of Fixed Rate Noncumulative Perpetual Preferred Stock Series I,$22.28,-0.06,-0.269%,,United States,,13447,,
ALL^J,Allstate Corporation (The) Depositary Shares each representing a 1/1000th interest in a share of Fixed Rate Noncumulative Perpetual Preferred Stock Series J,$27.50,0.04,0.146%,,United States,,28284,,
ALLE,Allegion plc Ordinary Shares,$142.33,-0.27,-0.189%,12372644565.00,United States,2013,1372716,Consumer Discretionary,Diversified Commercial Services
ALLK,Allakos Inc. Common Stock,$1.29,-0.02,-1.527%,114617420.00,United States,2018,933065,Health Care,Biotechnology: Pharmaceutical Preparations
ALLO,Allogene Therapeutics Inc. Common Stock,$2.68,0.24,9.836%,560418863.00,United States,2018,3083196,Health Care,Biotechnology: Biological Products (No Diagnostic Substances)
ALLR,Allarity Therapeutics Inc. Common Stock,$1.51,0.01,0.667%,2133102.00,United States,,218405,Health Care,Biotechnology: Pharmaceutical Preparations
ALLT,Allot Ltd. Ordinary Shares,$3.44,-0.02,-0.578%,132016670.00,Israel,2006,91637,Telecommunications,Computer Communications Equipment
ALLY,Ally Financial Inc. Common Stock,$35.12,0.70,2.034%,10700076566.00,United States,2014,2122763,Finance,Major Banks
ALMS,Alumis Inc. Common Stock,$11.99,0.09,0.756%,652295591.00,United States,2024,63235,Health Care,Biotechnology: Pharmaceutical Preparations
ALNT,Allient Inc. Common Stock,$18.07,0.16,0.893%,304373483.00,United States,,228066,Industrials,Electrical Products
ALNY,Alnylam Pharmaceuticals Inc. Common Stock,$286.91,2.05,0.72%,36833652985.00,United States,2004,521372,Health Care,Biotechnology: Pharmaceutical Preparations
ALOT,AstroNova Inc. Common Stock,$14.21,-0.24,-1.661%,106767744.00,United States,1983,13793,Technology,Computer peripheral equipment
ALRM,Alarm.com Holdings Inc. Common Stock,$54.63,0.13,0.239%,2690459213.00,United States,2015,351251,Technology,Computer Software: Prepackaged Software
ALRN,Aileron Therapeutics Inc. Common Stock,$4.02,0.305,8.21%,87096512.00,United States,2017,132191,Health Care,Biotechnology: Pharmaceutical Preparations
ALRS,Alerus Financial Corporation Common Stock,$23.89,0.67,2.885%,472491546.00,United States,2019,72455,Finance,Major Banks
ALSA,Alpha Star Acquisition Corporation Ordinary Shares,$11.78,0.00,0.00%,0.00,United States,2022,4,Finance,Blank Checks
ALSAR,Alpha Star Acquisition Corporation Rights,$0.09,0.00,0.00%,0.00,United States,2022,51,Finance,Blank Checks
ALSAW,Alpha Star Acquisition Corporation Warrants,$0.009,-0.0001,-1.099%,0.00,United States,2022,2163,Finance,Blank Checks
ALSN,Allison Transmission Holdings Inc. Common Stock,$99.85,1.36,1.381%,8700717418.00,United States,2012,427451,Consumer Discretionary,Auto Parts:O.E.M.
ALT,Altimmune Inc. Common Stock,$7.01,0.32,4.783%,498207367.00,United States,,1858551,Health Care,Biotechnology: Pharmaceutical Preparations
ALTG,Alta Equipment Group Inc. Class A Common Stock,$6.70,0.50,8.065%,221720011.00,United States,2019,331886,Industrials,Industrial Machinery/Components
ALTG^A,Alta Equipment Group Inc. Depositary Shares (each representing 1/1000th in a share of 10% Series A Cumulative Perpetual Preferred Stock),$25.50,0.00,0.00%,,United States,,253,,
ALTI,AlTi Global Inc. Class A Common Stock,$4.05,0.06,1.504%,566294717.00,United States,2021,99271,Finance,Investment Managers
ALTM,Arcadium Lithium plc Ordinary Shares,$5.48,0.02,0.366%,5893182344.00,United States,2024,11032344,Industrials,Major Chemicals
ALTO,Alto Ingredients Inc. Common Stock,$1.79,0.08,4.678%,136911846.00,United States,,591230,Industrials,Major Chemicals
ALTR,Altair Engineering Inc. Class A Common Stock,$102.00,-1.44,-1.392%,8658391482.00,United States,2017,480544,Technology,Computer Software: Prepackaged Software
ALTS,ALT5 Sigma Corporation Common Stock,$2.82,0.02,0.714%,36008622.00,United States,,104056,Consumer Discretionary,Home Furnishings
ALUR,Allurion Technologies Inc. Common Stock,$0.7541,-0.006,-0.789%,48525210.00,United States,,85056,Health Care,Medical/Dental Instruments
ALV,Autoliv Inc. Common Stock,$97.08,2.34,2.47%,7645219502.00,Sweden,,815365,Consumer Discretionary,Auto Parts:O.E.M.
ALVO,Alvotech Ordinary Shares,$12.99,-0.09,-0.688%,3922200600.00,Luxembourg,,173456,Health Care,Biotechnology: Biological Products (No Diagnostic Substances)
ALVOW,Alvotech Warrant,$3.13,-0.35,-10.057%,945072200.00,Luxembourg,,9685,Health Care,Biotechnology: Biological Products (No Diagnostic Substances)
ALVR,AlloVir Inc. Common Stock,$0.8543,0.0513,6.389%,98556560.00,United States,2020,252515,Health Care,Biotechnology: Biological Products (No Diagnostic Substances)
ALX,Alexander's Inc. Common Stock,$228.15,2.84,1.26%,1165228214.00,United States,,4585,Real Estate,Real Estate Investment Trusts
ALXO,ALX Oncology Holdings Inc. Common Stock,$1.46,-0.01,-0.68%,76900813.00,United States,2020,792906,Health Care,Biotechnology: Pharmaceutical Preparations
ALZN,Alzamend Neuro Inc. Common Stock,$1.63,0.02,1.242%,6340804.00,United States,2021,73079,Health Care,Biotechnology: Pharmaceutical Preparations
AM,Antero Midstream Corporation Common Stock,$14.88,-0.13,-0.866%,7161163680.00,United States,2017,2199769,Utilities,Natural Gas Distribution
AMAL,Amalgamated Financial Corp. Common Stock (DE),$34.55,0.79,2.34%,1058736242.00,United States,2018,193646,Finance,Major Banks
AMAT,Applied Materials Inc. Common Stock,$185.34,-1.18,-0.633%,152795053670.00,United States,1972,4097855,Technology,Semiconductors
AMBA,Ambarella Inc. Ordinary Shares,$59.33,1.58,2.736%,2448815788.00,United States,2012,281899,Technology,Semiconductors
AMBC,Ambac Financial Group Inc. Common Stock,$11.44,0.09,0.793%,542724983.00,United States,,255385,Finance,Property-Casualty Insurers
AMBI,Ambipar Emergency Response Class A Ordinary Shares,$6.40,-0.30,-4.478%,354751046.00,,,4670,Industrials,Environmental Services
AMBO,Ambow Education Holding Ltd. American Depository Shares (each representing twenty (20) Class A Ordinary Shares),$1.74,0.02,1.163%,4970094.00,China,,17623,Real Estate,Other Consumer Services
AMBP,Ardagh Metal Packaging S.A. Ordinary Shares,$3.66,-0.05,-1.348%,2187179400.00,,,2707025,Industrials,Containers/Packaging
AMC,AMC Entertainment Holdings Inc. Class A Common Stock,$4.44,0.12,2.778%,1604416000.00,United States,2013,8399466,Consumer Discretionary,Movies/Entertainment
AMCR,Amcor plc Ordinary Shares,$11.08,0.08,0.727%,16014402789.00,,2019,5557462,Consumer Discretionary,Miscellaneous manufacturing industries
AMCX,AMC Networks Inc. Class A Common Stock,$8.26,0.17,2.101%,364250479.00,United States,,849164,Telecommunications,Cable & Other Pay Television Services
AMD,Advanced Micro Devices Inc. Common Stock,$159.92,3.69,2.362%,258827616652.00,United States,,35729506,Technology,Semiconductors
AME,AMETEK Inc.,$168.05,1.09,0.653%,38909618918.00,United States,,1044807,Industrials,Industrial Machinery/Components
AMED,Amedisys Inc Common Stock,$95.49,-1.73,-1.779%,3126398366.00,United States,,1512246,Health Care,Medical/Nursing Services
AMG,Affiliated Managers Group Inc. Common Stock,$194.81,3.46,1.808%,5808058911.00,United States,,128429,Finance,Investment Managers
AMGN,Amgen Inc. Common Stock,$317.17,0.19,0.06%,170424708707.00,United States,1983,1815962,Health Care,Biotechnology: Biological Products (No Diagnostic Substances)
AMH,American Homes 4 Rent Common Shares of Beneficial Interest,$38.24,-0.03,-0.078%,14014928834.00,United States,2013,2291146,Real Estate,Real Estate Investment Trusts
AMH^G,American Homes 4 Rent Series G cumulative redeemable perpetual preferred shares of beneficial interest,$24.75,0.40,1.643%,,United States,,3742,,
AMH^H,American Homes 4 Rent Series H cumulative redeemable perpetual Preferred Shares of Beneficial Interest,$25.10,0.09,0.36%,,United States,,5010,,
AMIX,Autonomix Medical Inc. Common Stock,$12.38,4.67,60.571%,14259866.00,United States,2024,18342662,Health Care,Medical/Dental Instruments
AMKR,Amkor Technology Inc. Common Stock,$29.53,-0.35,-1.171%,7275872220.00,United States,1998,2378011,Technology,Semiconductors
AMLI,American Lithium Corp. Common Stock,$0.8196,0.0313,3.971%,178311767.00,Canada,,480448,Basic Materials,Metal Mining
AMLX,Amylyx Pharmaceuticals Inc. Common Stock,$5.33,0.02,0.377%,362879554.00,United States,2022,1899786,Health Care,Biotechnology: Pharmaceutical Preparations
AMN,AMN Healthcare Services Inc,$40.00,0.33,0.832%,1520075600.00,United States,,437985,Consumer Discretionary,Professional Services
AMP,Ameriprise Financial Inc. Common Stock,$513.40,8.92,1.768%,50410058557.00,United States,,347792,Finance,Investment Managers
AMPG,Amplitech Group Inc. Common Stock,$1.0201,-0.0101,-0.98%,9914977.00,United States,,18777,Telecommunications,Telecommunications Equipment
AMPGW,Amplitech Group Inc. Warrants,$0.0231,-0.0018,-7.229%,224523.00,United States,,302,Telecommunications,Telecommunications Equipment
AMPH,Amphastar Pharmaceuticals Inc. Common Stock,$51.41,1.12,2.227%,2502424009.00,United States,2014,337755,Health Care,Biotechnology: Pharmaceutical Preparations
AMPL,Amplitude Inc. Class A Common Stock,$9.01,-0.10,-1.098%,1113237677.00,United States,,543465,Technology,Computer Software: Prepackaged Software
AMPS,Altus Power Inc. Class A Common Stock,$3.77,0.35,10.234%,606166387.00,United States,2021,1484607,Utilities,Electric Utilities: Central
AMPX,Amprius Technologies Inc. Common Stock,$1.39,0.02,1.46%,154361567.00,United States,2022,1458528,Miscellaneous,Industrial Machinery/Components
AMPY,Amplify Energy Corp. Common Stock,$6.57,-0.18,-2.667%,261108882.00,United States,2016,204826,Energy,Oil & Gas Production
AMR,Alpha Metallurgical Resources Inc. Common Stock,$209.14,3.13,1.519%,2722168331.00,United States,2018,122704,Energy,Coal Mining
AMRC,Ameresco Inc. Class A Common Stock,$31.74,1.23,4.031%,1663255826.00,United States,2010,219879,Consumer Discretionary,Engineering & Construction
AMRK,A-Mark Precious Metals Inc. Common Stock,$39.57,0.52,1.332%,908265682.00,United States,,100395,Industrials,Other Specialty Stores
AMRN,Amarin Corporation plc,$0.6335,0.0514,8.83%,260476905.00,Ireland,,1624718,Health Care,Biotechnology: Pharmaceutical Preparations
AMRX,Amneal Pharmaceuticals Inc. Class A Common Stock,$8.54,0.14,1.667%,2643493872.00,United States,,743471,Health Care,Biotechnology: Pharmaceutical Preparations
AMS,American Shared Hospital Services Common Stock,$3.18,-0.045,-1.395%,20224800.00,United States,1988,8115,Health Care,Medical Specialities
AMSC,American Superconductor Corporation Common Stock,$24.22,1.29,5.626%,927523331.00,United States,1991,888304,Consumer Discretionary,Metal Fabrications
AMSF,AMERISAFE Inc. Common Stock,$54.89,-0.09,-0.164%,1046658219.00,United States,2005,189520,Finance,Property-Casualty Insurers
AMST,Amesite Inc. Common Stock,$2.92,0.13,4.659%,8153925.00,United States,2020,10883,Technology,Computer Software: Prepackaged Software
AMT,American Tower Corporation (REIT) Common Stock,$222.22,-0.58,-0.26%,103794885819.00,United States,,1934518,Real Estate,Real Estate Investment Trusts
AMTB,Amerant Bancorp Inc. Class A Common Stock,$22.00,1.12,5.364%,736849564.00,United States,,300326,Finance,Major Banks
AMTD,AMTD IDEA Group American Depositary Shares each representing six (6) Class A Ordinary Shares,$1.33,-0.025,-1.845%,87846500.00,,,31290,Finance,Finance: Consumer Services
AMTM,Amentum Holdings Inc. Common Stock,$30.88,1.23,4.148%,4733297795.00,United States,2024,964415,,
AMTX,Aemetis Inc. (DE) Common Stock,$2.88,-0.10,-3.356%,135926349.00,United States,,461796,Industrials,Major Chemicals
AMWD,American Woodmark Corporation Common Stock,$96.09,2.78,2.979%,1489139593.00,United States,1986,74866,Basic Materials,Forest Products
AMWL,American Well Corporation Class A Common Stock,$9.93,0.52,5.526%,146102096.00,United States,2020,30434,Consumer Discretionary,Business Services
AMX,America Movil S.A.B. de C.V. American Depositary Shares (each representing the right to receive twenty (20) Series B Shares,$16.72,0.10,0.602%,52208200000.00,Mexico,2023,1053373,Telecommunications,Telecommunications Equipment
AMZN,Amazon.com Inc. Common Stock,$188.39,0.56,0.298%,1977259844712.00,United States,1997,27876449,Consumer Discretionary,Catalog/Specialty Distribution
AN,AutoNation Inc. Common Stock,$158.03,2.20,1.412%,6270501289.00,United States,,908986,Consumer Discretionary,Retail-Auto Dealers and Gas Stations
ANAB,AnaptysBio Inc. Common Stock,$30.49,-1.54,-4.808%,920326350.00,United States,2017,560827,Health Care,Biotechnology: Pharmaceutical Preparations
ANDE,Andersons Inc. (The) Common Stock,$47.25,0.67,1.438%,1609736436.00,United States,,78187,Industrials,Farming/Seeds/Milling
ANEB,Anebulo Pharmaceuticals Inc. Common Stock,$1.83,0.00,0.00%,47457787.00,United States,2021,410,Health Care,Biotechnology: Pharmaceutical Preparations
ANET,Arista Networks Inc. Common Stock,$392.38,-1.71,-0.434%,123267305093.00,United States,2014,1031372,Telecommunications,Computer Communications Equipment
ANF,Abercrombie & Fitch Company Common Stock,$137.92,-3.61,-2.551%,7044768236.00,United States,,1530265,Consumer Discretionary,Clothing/Shoe/Accessory Stores
ANG^A,American National Group Inc. Depositary Shares each representing a 1/1000th interest in a share of  5.95% Fixed-Rate Reset Non-Cumulative Preferred Stock Series A,$25.07,-0.0412,-0.164%,,United States,,7683,,
ANG^B,American National Group Inc. Depositary Shares each representing a 1/1000th interest in a share of 6.625% Fixed-Rate Reset Non-Cumulative Preferred Stock Series B,$25.08,0.11,0.441%,,United States,,5591,,
ANGH,Anghami Inc. Ordinary Shares,$0.7999,-0.0001,-0.013%,23764742.00,United Arab Emirates,,10308,Consumer Discretionary,Telecommunications Equipment
ANGHW,Anghami Inc. Warrants,$0.0399,0.0109,37.586%,1185415.00,United Arab Emirates,,50060,Consumer Discretionary,Telecommunications Equipment
ANGI,Angi Inc. Class A Common Stock,$2.36,-0.06,-2.479%,1176859442.00,United States,,297393,Consumer Discretionary,Advertising
ANGO,AngioDynamics Inc. Common Stock,$6.75,0.02,0.297%,274281181.00,United States,2004,339584,Health Care,Medical/Dental Instruments
ANIK,Anika Therapeutics Inc. Common Stock,$24.66,0.34,1.398%,364887263.00,United States,,67396,Health Care,Medical/Dental Instruments
ANIP,ANI Pharmaceuticals Inc.,$57.965,-0.355,-0.609%,1219007950.00,United States,,191280,Health Care,Biotechnology: Pharmaceutical Preparations
ANIX,Anixa Biosciences Inc. Common Stock,$3.97,0.72,22.154%,127752583.00,United States,,550760,Health Care,Biotechnology: Pharmaceutical Preparations
ANL,Adlai Nortye Ltd. American Depositary Shares,$2.06,-0.0153,-0.737%,76014552.00,Cayman Islands,2023,5751,Health Care,Biotechnology: Pharmaceutical Preparations
ANNX,Annexon Inc. Common Stock,$7.57,0.17,2.297%,799800492.00,United States,2020,692831,Health Care,Biotechnology: Pharmaceutical Preparations
ANRO,Alto Neuroscience Inc. Common Stock,$4.22,-0.15,-3.432%,113766866.00,United States,2024,714356,Health Care,Biotechnology: Pharmaceutical Preparations
ANSC,Agriculture & Natural Solutions Acquisition Corporation Class A Ordinary Shares,$10.38,-0.015,-0.144%,0.00,United States,2024,3012,,
ANSCW,Agriculture & Natural Solutions Acquisition Corporation Warrant,$0.251,-0.019,-7.037%,0.00,United States,2024,17679,,
ANSS,ANSYS Inc. Common Stock,$321.17,-1.64,-0.508%,28065968453.00,United States,1996,363248,Technology,Computer Software: Prepackaged Software
ANTE,AirNet Technology Inc. American Depositary Shares,$0.5478,0.1078,24.50%,7839018.00,China,2007,1431173,Consumer Discretionary,Advertising
ANTX,AN2 Therapeutics Inc. Common Stock,$1.10,0.03,2.804%,32826674.00,United States,2022,248826,Health Care,Biotechnology: Pharmaceutical Preparations
ANVS,Annovis Bio Inc. Common Stock,$9.70,-0.17,-1.722%,126623975.00,United States,2020,361704,Health Care,Biotechnology: Pharmaceutical Preparations
ANY,Sphere 3D Corp. Common Shares,$1.13,0.09,8.654%,23439822.00,Canada,,891418,Finance,Finance: Consumer Services
AOD,abrdn Total Dynamic Dividend Fund Common Shares of Beneficial Interest,$8.88,0.00,0.00%,0.00,United States,2007,265550,Finance,Investment Managers
AOMN,Angel Oak Mortgage REIT Inc. 9.500% Senior Notes due 2029,$25.17,-0.02,-0.079%,0.00,United States,2024,10537,Finance,Real Estate
AOMR,Angel Oak Mortgage REIT Inc. Common Stock,$9.25,-0.09,-0.964%,215736048.00,United States,2021,96088,Finance,Real Estate
AON,Aon plc Class A Ordinary Shares (Ireland),$371.71,-3.73,-0.994%,80751083665.00,United States,,1020036,Finance,Specialty Insurers
AORT,Artivion Inc. Common Stock,$26.46,-0.01,-0.038%,1108501084.00,United States,,99881,Health Care,Medical/Dental Instruments
AOS,A.O. Smith Corporation Common Stock,$77.00,0.13,0.169%,11164650651.00,United States,,710278,Consumer Discretionary,Consumer Electronics/Appliances
AOSL,Alpha and Omega Semiconductor Limited Common Shares,$36.22,0.21,0.583%,1049412491.00,Bermuda,2010,162160,Technology,Semiconductors
AOUT,American Outdoor Brands Inc. Common Stock ,$9.30,-0.04,-0.428%,119466954.00,United States,,31513,Consumer Discretionary,Recreational Games/Products/Toys
AP,Ampco-Pittsburgh Corporation Common Stock,$1.97,-0.03,-1.50%,39585749.00,United States,,14843,Industrials,Fluid Controls
APA,APA Corporation Common Stock,$23.70,-1.12,-4.512%,8766744779.00,United States,,5665505,Energy,Oil & Gas Production
APAM,Artisan Partners Asset Management Inc. Class A Common Stock,$44.48,0.83,1.901%,3574938198.00,United States,2013,264879,Finance,Investment Managers
APCX,AppTech Payments Corp. Common Stock,$0.7351,-0.0149,-1.987%,18461979.00,United States,,80477,Technology,Computer Software: Prepackaged Software
APCXW,AppTech Payments Corp. Warrant,$0.241,0.00,0.00%,6052696.00,United States,,528,Technology,Computer Software: Prepackaged Software
APD,Air Products and Chemicals Inc. Common Stock,$318.26,0.24,0.075%,70753813407.00,United States,,1185632,Industrials,Major Chemicals
APDN,Applied DNA Sciences Inc. Common Stock,$0.3073,-0.0021,-0.679%,3165001.00,United States,,2456120,Consumer Discretionary,Other Consumer Services
APEI,American Public Education Inc. Common Stock,$14.95,0.85,6.028%,264639981.00,United States,2007,138028,Real Estate,Other Consumer Services
APG,APi Group Corporation Common Stock,$32.87,0.03,0.091%,9029243780.00,United States,2020,2230099,Consumer Discretionary,Engineering & Construction
APGE,Apogee Therapeutics Inc. Common Stock,$54.91,1.68,3.156%,3211450062.00,United States,2023,176556,Health Care,Biotechnology: Biological Products (No Diagnostic Substances)
APH,Amphenol Corporation Common Stock,$68.68,-0.73,-1.052%,82710554853.00,United States,,7116350,Technology,Electrical Products
API,Agora Inc. American Depositary Shares,$2.98,0.17,6.05%,274762484.00,China,2020,1107515,Technology,Computer Software: Prepackaged Software
APLD,Applied Digital Corporation Common Stock,$8.27,0.23,2.861%,1781019964.00,United States,2022,8622162,Finance,Finance: Consumer Services
APLE,Apple Hospitality REIT Inc. Common Shares,$15.10,0.21,1.41%,3635219798.00,United States,2015,1290399,Real Estate,Real Estate Investment Trusts
APLM,Apollomics Inc. Class A Ordinary Shares,$0.1326,-0.0036,-2.643%,14582022.00,United States,,249114,Health Care,Biotechnology: Pharmaceutical Preparations
APLMW,Apollomics Inc. Warrant,$0.01,0.00,0.00%,1099700.00,United States,,500,Health Care,Biotechnology: Pharmaceutical Preparations
APLS,Apellis Pharmaceuticals Inc. Common Stock,$27.34,0.66,2.474%,3329091408.00,United States,2017,2253204,Health Care,Biotechnology: Pharmaceutical Preparations
APLT,Applied Therapeutics Inc. Common Stock,$8.63,0.20,2.372%,991123319.00,United States,2019,680814,Health Care,Biotechnology: Pharmaceutical Preparations
APM,Aptorum Group Limited Class A Ordinary Shares,$1.48,-0.17,-10.303%,7668912.00,Hong Kong,2018,99566,Health Care,Biotechnology: Pharmaceutical Preparations
APO,Apollo Global Management Inc. (New) Common Stock,$144.84,1.75,1.223%,82491343812.00,United States,,1941745,Finance,Investment Managers
APO^A,Apollo Global Management Inc. 6.75% Series A Mandatory Convertible Preferred Stock,$77.23,0.86,1.126%,,United States,,80550,,
APOG,Apogee Enterprises Inc. Common Stock,$76.69,1.75,2.335%,1682809897.00,United States,,155227,Consumer Discretionary,Auto Parts:O.E.M.
APOS,Apollo Global Management Inc. 7.625% Fixed-Rate Resettable Junior Subordinated Notes due 2053,$27.16,0.15,0.555%,15468550800.00,United States,1987,23017,Finance,Investment Managers
APP,Applovin Corporation Class A Common Stock,$166.185,4.555,2.818%,55547101431.00,United States,2021,2579152,Technology,Computer Software: Programming Data Processing
APPF,AppFolio Inc. Class A Common Stock,$210.37,-1.97,-0.928%,7630659499.00,United States,2015,346311,Technology,Computer Software: Prepackaged Software
APPN,Appian Corporation Class A Common Stock,$33.38,1.08,3.344%,2415001609.00,United States,2017,427705,Technology,Computer Software: Prepackaged Software
APPS,Digital Turbine Inc. Common Stock,$3.50,0.42,13.636%,359715913.00,United States,,1987669,Miscellaneous,Multi-Sector Companies
APRE,Aprea Therapeutics Inc. Common stock,$4.28,0.20,4.902%,23248545.00,United States,2019,25604,Health Care,Biotechnology: Pharmaceutical Preparations
APT,Alpha Pro Tech Ltd. Common Stock,$5.73,-0.20,-3.373%,64025301.00,Canada,2000,36777,Health Care,Industrial Specialties
APTO,Aptose Biosciences Inc. Common Shares,$0.373,-0.0146,-3.767%,6754804.00,Canada,,81829,Health Care,Biotechnology: Biological Products (No Diagnostic Substances)
APTV,Aptiv PLC Ordinary Shares,$70.40,1.09,1.573%,18709510477.00,United Kingdom,2011,2309191,Consumer Discretionary,Auto Parts:O.E.M.
APVO,Aptevo Therapeutics Inc. Common Stock,$0.2376,-0.0076,-3.10%,2238308.00,United States,,2203274,Health Care,Biotechnology: Pharmaceutical Preparations
APWC,Asia Pacific Wire & Cable Corporation Ltd. Ordinary Shares (Bermuda),$1.5525,-0.0775,-4.755%,32006692.00,Taiwan,,13388,Industrials,Telecommunications Equipment
APXI,APx Acquisition Corp. I Class A Ordinary Share,$11.81,0.06,0.511%,0.00,Mexico,2022,14121,Finance,Blank Checks
APYX,Apyx Medical Corporation Common Stock,$1.27,0.06,4.959%,43997786.00,United States,,25237,Health Care,Medical/Dental Instruments
AQB,AquaBounty Technologies Inc. Common Stock,$1.20,0.05,4.348%,4638934.00,United States,,10628,Consumer Staples,Meat/Poultry/Fish
AQMS,Aqua Metals Inc. Common Stock,$0.164,0.0091,5.875%,22271088.00,United States,2015,735464,Industrials,Metal Fabrications
AQN,Algonquin Power & Utilities Corp. Common Shares,$5.01,0.05,1.008%,3842619900.00,United States,2016,2516549,Utilities,Electric Utilities: Central
AQNB,Algonquin Power & Utilities Corp. 6.20% Fixed-to-Floating Subordinated Notes Series 2019-A due July 1 2079,$25.63,0.07,0.274%,19657953700.00,United States,2019,5105,Utilities,Electric Utilities: Central
AQST,Aquestive Therapeutics Inc. Common Stock,$5.49,0.00,0.00%,499918082.00,United States,2018,1821077,Health Care,Biotechnology: Pharmaceutical Preparations
AQU,Aquaron Acquisition Corp. Common Stock,$11.00,0.00,0.00%,0.00,United States,2022,203,Finance,Blank Checks
AR,Antero Resources Corporation Common Stock,$27.41,-0.33,-1.19%,8524701870.00,United States,2013,3565805,Energy,Oil & Gas Production
ARAY,Accuray Incorporated Common Stock,$1.87,0.12,6.857%,187500973.00,United States,2007,633664,Health Care,Medical/Dental Instruments
ARBB,ARB IOT Group Limited Ordinary Shares,$0.6713,-0.0128,-1.871%,17747494.00,Malaysia,2023,4163141,Technology,EDP Services
ARBE,Arbe Robotics Ltd. Ordinary Shares,$1.8734,0.0434,2.372%,146540265.00,Israel,,50737,Technology,EDP Services
ARBEW,Arbe Robotics Ltd. Warrant,$0.1873,0.00,0.00%,14650898.00,Israel,,2167,Technology,EDP Services
ARBK,Argo Blockchain plc American Depositary Shares,$1.24,0.12,10.714%,789074000.00,United Kingdom,2021,770094,Finance,Finance: Consumer Services
ARBKL,Argo Blockchain plc 8.75% Senior Notes due 2026,$9.60,-0.04,-0.415%,6108960000.00,United Kingdom,,7728,Finance,Finance: Consumer Services
ARC,ARC Document Solutions Inc. Common Stock,$3.42,-0.01,-0.292%,147914142.00,United States,2004,132629,Consumer Discretionary,Professional Services
ARCB,ArcBest Corporation Common Stock,$105.94,2.16,2.081%,2505019313.00,United States,,126086,Industrials,Trucking Freight/Courier Services
ARCC,Ares Capital Corporation Common Stock,$21.67,0.09,0.417%,13660477427.00,United States,2004,1885873,Finance,Finance: Consumer Services
ARCH,Arch Resources Inc. Class A Common Stock,$144.59,2.38,1.674%,2614834529.00,United States,2016,165138,Energy,Coal Mining
ARCO,Arcos Dorados Holdings Inc. Class A Shares,$9.28,0.32,3.571%,1954878112.00,Argentina,2011,945824,Consumer Discretionary,Restaurants
ARCT,Arcturus Therapeutics Holdings Inc. Common Stock,$19.57,0.62,3.272%,529216754.00,Israel,2013,218970,Health Care,Biotechnology: Pharmaceutical Preparations
ARDC,Ares Dynamic Credit Allocation Fund Inc. Common Shares,$15.13,0.09,0.598%,346703027.00,United States,2012,103009,Finance,Investment Managers
ARDT,Ardent Health Partners Inc. Common Stock,$18.04,0.30,1.691%,2575450437.00,,2024,170392,Health Care,Hospital/Nursing Management
ARDX,Ardelyx Inc. Common Stock,$5.90,0.13,2.253%,1389026280.00,United States,2014,2282971,Health Care,Biotechnology: Pharmaceutical Preparations
ARE,Alexandria Real Estate Equities Inc. Common Stock,$112.72,-0.30,-0.265%,19699201834.00,United States,,1188044,Real Estate,Real Estate Investment Trusts
AREB,American Rebel Holdings Inc. Common Stock,$2.70,0.02,0.746%,2551927.00,United States,,110909,Industrials,Plastic Products
AREBW,American Rebel Holdings Inc. Warrants,$0.0092,0.00,0.00%,8695.00,United States,,7059,Industrials,Plastic Products
AREC,American Resources Corporation Class A Common Stock,$1.02,0.01,0.99%,78970838.00,United States,,127466,Energy,Coal Mining
AREN,The Arena Group Holdings Inc. Common Stock,$0.67,-0.03,-4.286%,19826392.00,United States,2022,6284,Technology,EDP Services
ARES,Ares Management Corporation Class A Common Stock,$170.98,1.51,0.891%,53515639402.00,United States,2014,781517,Finance,Investment Managers
ARES^B,Ares Management Corporation 6.75% Series B Mandatory Convertible Preferred Stock,$54.53,0.26,0.479%,,United States,,287398,,
ARGD,Argo Group International Holdings Ltd. 6.5% Senior Notes Due 2042,$22.17,0.11,0.499%,27859680644.00,Bermuda,,34740,Finance,Specialty Insurers
ARGO^A,Argo Group International Holdings Inc. Depositary Shares Each Representing a 1/1000th Interest in a 7.00% Resettable Fixed Rate Preference Share Series A,$24.78,-0.05,-0.201%,,Bermuda,,14065,,
ARGX,argenx SE American Depositary Shares,$554.47,-2.36,-0.424%,32821567761.00,Netherlands,2017,114718,Health Care,Biotechnology: Biological Products (No Diagnostic Substances)
ARHS,Arhaus Inc. Class A Common Stock,$8.74,-0.04,-0.456%,1228636128.00,United States,2021,786090,Consumer Discretionary,Other Specialty Stores
ARI,Apollo Commercial Real Estate Finance Inc,$8.85,0.03,0.34%,1224368799.00,United States,2009,1425159,Real Estate,Real Estate Investment Trusts
ARIS,Aris Water Solutions Inc. Class A Common Stock,$15.14,0.09,0.598%,879798178.00,United States,2021,456734,Energy,Oilfield Services/Equipment
ARKO,ARKO Corp. Common Stock,$7.06,0.21,3.066%,817345505.00,United States,,325286,Consumer Staples,Food Chains
ARKOW,ARKO Corp. Warrant,$0.5974,0.00,0.00%,69161785.00,United States,,5,Consumer Staples,Food Chains
ARKR,Ark Restaurants Corp. Common Stock,$11.20,-0.17,-1.495%,40366558.00,United States,,2440,Consumer Discretionary,Restaurants
ARL,American Realty Investors Inc. Common Stock,$14.50,0.32,2.257%,234204624.00,United States,,2244,Real Estate,Other Consumer Services
ARLO,Arlo Technologies Inc. Common Stock,$10.99,0.08,0.733%,1098301531.00,United States,2018,415639,Consumer Staples,Consumer Electronics/Appliances
ARLP,Alliance Resource Partners L.P. Common Units representing Limited Partners Interests,$25.50,-0.13,-0.507%,3265580516.00,United States,1999,556695,Energy,Coal Mining
ARM,Arm Holdings plc American Depositary Shares,$150.02,6.27,4.362%,156070381160.00,United Kingdom,2023,5709229,Technology,Semiconductors
ARMK,Aramark Common Stock,$38.21,0.61,1.622%,10066368255.00,United States,2013,2450010,Consumer Discretionary,Restaurants
ARMN,Aris Mining Corporation Common Shares,$4.57,-0.07,-1.509%,778321462.00,,2023,358826,,
ARMP,Armata Pharmaceuticals Inc. Common Stock,$2.3225,-0.0675,-2.824%,84035173.00,United States,,7034,Health Care,Biotechnology: Biological Products (No Diagnostic Substances)
AROC,Archrock Inc. Common Stock,$20.48,0.11,0.54%,3459873403.00,United States,,1375904,Utilities,Natural Gas Distribution
AROW,Arrow Financial Corporation Common Stock,$29.21,1.05,3.729%,488761232.00,United States,,30847,Finance,Major Banks
ARQ,Arq Inc. Common Stock,$5.98,0.05,0.843%,218352853.00,United States,,88592,Industrials,Major Chemicals
ARQQ,Arqit Quantum Inc. Ordinary Shares,$7.00,-0.16,-2.235%,47757472.00,United Kingdom,,151441,Technology,Computer Software: Prepackaged Software
ARQQW,Arqit Quantum Inc. Warrants,$0.0953,0.0046,5.072%,650184.00,United Kingdom,,15302,Technology,Computer Software: Prepackaged Software
ARQT,Arcutis Biotherapeutics Inc. Common Stock,$8.71,-0.04,-0.457%,1018120810.00,United States,2020,1059717,Health Care,Biotechnology: Pharmaceutical Preparations
ARR,ARMOUR Residential REIT Inc.,$19.10,-0.29,-1.496%,1065021081.00,United States,,3037108,Real Estate,Real Estate Investment Trusts
ARR^C,ARMOUR Residential REIT Inc. 7% Series C Cumulative Redeemable Preferred Stock (liquidation preference $25.00 per share),$23.27,0.0201,0.086%,,United States,,9920,,
ARRY,Array Technologies Inc. Common Stock,$6.67,0.23,3.571%,1013349275.00,United States,2020,6191852,Consumer Discretionary,Miscellaneous manufacturing industries
ARTL,Artelo Biosciences Inc. Common Stock,$1.14,-0.03,-2.564%,3679578.00,United States,,8394,Health Care,Biotechnology: Pharmaceutical Preparations
ARTNA,Artesian Resources Corporation Class A Common Stock,$34.31,0.41,1.209%,353240664.00,United States,,17271,Utilities,Water Supply
ARTV,Artiva Biotherapeutics Inc. Common Stock,$10.60,0.14,1.338%,257443726.00,United States,2024,52923,Health Care,Biotechnology: Biological Products (No Diagnostic Substances)
ARTW,Art's-Way Manufacturing Co. Inc. Common Stock,$1.605,-0.005,-0.311%,8075492.00,United States,,43694,Industrials,Industrial Machinery/Components
ARVN,Arvinas Inc. Common Stock,$27.12,1.20,4.63%,1861735414.00,United States,2018,887411,Health Care,Biotechnology: Pharmaceutical Preparations
ARW,Arrow Electronics Inc. Common Stock,$133.82,1.43,1.08%,7084988696.00,United States,,318412,Technology,Electronic Components
ARWR,Arrowhead Pharmaceuticals Inc. Common Stock,$20.18,0.08,0.398%,2508682229.00,United States,,850491,Health Care,Biotechnology: Pharmaceutical Preparations
AS,Amer Sports Inc. Ordinary Shares,$17.98,-0.18,-0.991%,9084387934.00,,2024,1111590,Consumer Discretionary,Apparel
ASA,ASA  Gold and Precious Metals Limited,$22.25,0.04,0.18%,423740812792.00,United States,,29052,Industrials,Precious Metals
ASAI,Sendas Distribuidora S A ADS,$6.57,0.22,3.465%,1776308825.00,,2021,589331,Consumer Staples,Food Chains
ASAN,Asana Inc. Class A Common Stock,$12.00,0.15,1.266%,2737972152.00,United States,2020,1185997,Technology,Computer Software: Prepackaged Software
ASB,Associated Banc-Corp Common Stock,$23.78,0.87,3.797%,3588421381.00,United States,,1480285,Finance,Major Banks
ASB^E,Associated Banc-Corp Depositary Shares each representing a 1/40th interest in a share of 5.875% Non-Cumulative Perpetual Preferred Stock Series E,$22.76,-0.40,-1.727%,,United States,,33797,,
ASB^F,Associated Banc-Corp Depositary Shares each representing a 1/40th interest in a share of Associated Banc-Corp 5.625% Non-Cumulative Perpetual Preferred Stock Series F,$21.64,-0.08,-0.368%,,United States,,5139,,
ASBA,Associated Banc-Corp 6.625% Fixed-Rate Reset Subordinated Notes due 2033,$24.86,0.06,0.242%,3751394261.00,United States,2023,13397,Finance,Major Banks
ASC,Ardmore Shipping Corporation Common Stock,$14.42,-0.38,-2.568%,595613039.00,,2013,688313,Consumer Discretionary,Marine Transportation
ASG,Liberty All-Star Growth Fund Inc.,$5.66,0.03,0.533%,0.00,United States,,141680,Finance,Investment Managers
ASGI,abrdn Global Infrastructure Income Fund Common Shares of Beneficial Interest,$20.08,0.06,0.30%,0.00,United States,2020,162830,Finance,Investment Managers
ASGN,ASGN Incorporated Common Stock,$93.93,1.18,1.272%,4208064000.00,United States,1992,211526,Consumer Discretionary,Professional Services
ASH,Ashland Inc. Common Stock,$85.55,1.71,2.04%,4177566307.00,United States,,296794,Consumer Discretionary,Specialty Chemicals
ASIX,AdvanSix Inc. Common Stock ,$29.01,0.11,0.381%,774942273.00,United States,2016,142740,Industrials,Major Chemicals
ASLE,AerSale Corporation Common Stock,$5.53,0.24,4.537%,294236634.00,United States,2019,351425,Consumer Discretionary,Industrial Specialties
ASM,Avino Silver & Gold Mines Ltd. Common Shares (Canada),$1.42,-0.02,-1.389%,191848819.00,Canada,,1468571,Basic Materials,Metal Mining
ASMB,Assembly Biosciences Inc. Common Stock,$16.80,-0.11,-0.651%,106605425.00,United States,2010,22388,Health Care,Biotechnology: Pharmaceutical Preparations
ASML,ASML Holding N.V. New York Registry Shares,$708.65,-3.05,-0.429%,278798302587.00,Netherlands,1995,1180873,Technology,Industrial Machinery/Components
ASND,Ascendis Pharma A/S American Depositary Shares,$129.44,-0.88,-0.675%,7328165994.00,Denmark,2015,248979,Health Care,Biotechnology: Pharmaceutical Preparations
ASNS,Actelis Networks Inc. Common Stock,$1.34,0.04,3.077%,8061877.00,United States,2022,295339,Telecommunications,Telecommunications Equipment
ASO,Academy Sports and Outdoors Inc. Common Stock,$52.34,-0.21,-0.40%,3679952752.00,United States,2020,799892,Consumer Discretionary,Other Specialty Stores
ASPI,ASP Isotopes Inc. Common Stock,$5.09,0.21,4.303%,339436530.00,United States,2022,3593836,Industrials,Major Chemicals
ASPN,Aspen Aerogels Inc. Common Stock,$19.47,0.47,2.474%,1500788000.00,United States,2014,1830844,Consumer Discretionary,RETAIL: Building Materials
ASPS,Altisource Portfolio Solutions S.A. Common Stock,$1.17,0.00,0.00%,31793424.00,Luxembourg,,69151,Consumer Discretionary,Other Consumer Services
ASR,Grupo Aeroportuario del Sureste S.A. de C.V. Common Stock,$278.51,11.23,4.202%,8355300000.00,Mexico,,59942,Consumer Discretionary,Aerospace
ASRT,Assertio Holdings Inc. Common Stock,$1.10,0.05,4.762%,104869192.00,United States,,462533,Health Care,Biotechnology: Pharmaceutical Preparations
ASRV,AmeriServ Financial Inc. Common Stock,$2.71,-0.06,-2.166%,44767214.00,United States,,702,Finance,Major Banks
ASST,Asset Entities Inc. Class B Common Stock,$0.92,-0.0196,-2.086%,2962571.00,United States,2023,147651,Technology,Computer Software: Prepackaged Software
ASTC,Astrotech Corporation (DE) Common Stock,$7.61,-0.0401,-0.524%,12950158.00,United States,,19759,Industrials,Biotechnology: Laboratory Analytical Instruments
ASTE,Astec Industries Inc. Common Stock,$31.83,0.78,2.512%,725742493.00,United States,1986,101275,Industrials,Construction/Ag Equipment/Trucks
ASTH,Astrana Health Inc. Common Stock,$56.08,0.40,0.718%,2752452442.00,United States,,131384,Consumer Discretionary,Professional Services
ASTI,Ascent Solar Technologies Inc. Common Stock,$3.21,0.29,9.932%,3285268.00,United States,,263733,Technology,Semiconductors
ASTL,Algoma Steel Group Inc. Common Shares,$10.55,0.77,7.873%,1098498410.00,Canada,,1420095,Industrials,Steel/Iron Ore
ASTLW,Algoma Steel Group Inc. Warrant,$1.77,0.13,7.927%,184262437.00,Canada,,135174,Industrials,Steel/Iron Ore
ASTS,AST SpaceMobile Inc. Class A Common Stock,$26.73,1.11,4.333%,7200913141.00,United States,2019,8934994,Consumer Discretionary,Telecommunications Equipment
ASUR,Asure Software Inc Common Stock,$9.63,-0.08,-0.824%,254790107.00,United States,,89275,Technology,EDP Services
ASX,ASE Technology Holding Co. Ltd. American Depositary Shares (each representing Two Common Shares) ,$10.15,-0.17,-1.647%,22250965695.00,Taiwan,2018,4416729,Technology,Semiconductors
ASYS,Amtech Systems Inc. Common Stock,$5.74,-0.12,-2.048%,81615883.00,United States,,18790,Technology,Industrial Machinery/Components
ATAI,ATAI Life Sciences N.V. Common Shares,$1.22,0.08,7.018%,204714725.00,Germany,2008,724665,Health Care,Biotechnology: Pharmaceutical Preparations
ATAT,Atour Lifestyle Holdings Limited American Depositary Shares,$27.36,1.39,5.352%,3764605657.00,China,2022,1018074,Consumer Discretionary,Hotels/Resorts
ATCH,AtlasClear Holdings Inc. Common Stock,$0.17,-0.0076,-4.279%,2117377.00,,2024,180750,Finance,Finance: Consumer Services
ATCO^D,Atlas Corp. 7.95% Series D,$25.3999,-0.0902,-0.354%,,United Kingdom,,9038,,
ATCO^H,Atlas Corp. 7.875% Series H,$25.3534,0.0334,0.132%,,United Kingdom,,14110,,
ATCOL,Atlas Corp. 7.125% Notes due 2027,$24.9795,0.0295,0.118%,5104018195.00,United Kingdom,,4811,Consumer Discretionary,Marine Transportation
ATEC,Alphatec Holdings Inc. Common Stock,$5.27,0.02,0.381%,740223004.00,United States,2006,2159127,Health Care,Medical/Dental Instruments
ATEK,Athena Technology Acquisition Corp. II Class A Common Stock,$12.10,0.18,1.51%,0.00,,2022,12243,Finance,Blank Checks
ATEN,A10 Networks Inc. Common Stock,$14.56,0.06,0.414%,1075490547.00,United States,2014,228177,Telecommunications,Computer Communications Equipment
ATER,Aterian Inc. Common Stock,$2.69,0.01,0.373%,23103931.00,United States,2019,60136,Consumer Discretionary,Home Furnishings
ATEX,Anterix Inc. Common Stock,$32.97,0.08,0.243%,613070622.00,United States,2015,75689,Telecommunications,Telecommunications Equipment
ATGE,Adtalem Global Education Inc. Common Stock,$73.33,1.24,1.72%,2763795381.00,United States,,530809,Real Estate,Other Consumer Services
ATGL,Alpha Technology Group Limited Ordinary Shares,$10.77,0.33,3.161%,164377125.00,China,2023,215925,Technology,EDP Services
ATH^A,Athene Holding Ltd. Depositary Shares Each Representing a 1/1000th Interest in a 6.35% Fixed-to-Floating Rate Perpetual Non-Cumulative Preference Share Series A,$25.23,0.15,0.598%,,Bermuda,,29087,,
ATH^B,Athene Holding Ltd. Depositary Shares Each Representing a 1/1000th Interest in a 5.625% Fixed Rate Perpetual Non- Cumulative Preference Share Series B par value $1.00 per share,$22.41,-0.09,-0.40%,,Bermuda,,10202,,
ATH^C,Athene Holding Ltd. Depositary Shares each representing a 1/1000th Interest in a Share of 6.375% Fixed-Rate Reset Perpetual Non-Cumulative Preference Shares Series C,$25.13,0.00,0.00%,,Bermuda,,55614,,
ATH^D,Athene Holding Ltd. Depositary Shares Each Representing a 1/1000th Interest in a 4.875% Fixed-Rate Perpetual Non-Cumulative Preference Share Series D,$19.65,0.10,0.512%,,Bermuda,,30249,,
ATH^E,Athene Holding Ltd. Depositary Shares Each Representing a 1/1000th Interest in a 7.750% Fixed-Rate Reset Perpetual Non-Cumulative Preference Share Series E,$26.67,0.02,0.075%,,Bermuda,,19613,,
ATHA,Athira Pharma Inc. Common Stock,$0.4876,0.0198,4.233%,18743039.00,United States,2020,605417,Health Care,Biotechnology: Biological Products (No Diagnostic Substances)
ATHE,Alterity Therapeutics Limited American Depositary Shares,$1.15,-0.01,-0.862%,10054177.00,Australia,,6061,Health Care,Biotechnology: Pharmaceutical Preparations
ATHM,Autohome Inc. American Depositary Shares each representing four class A ordinary shares.,$29.62,0.87,3.026%,3579562931.00,China,2013,241418,Technology,EDP Services
ATHS,Athene Holding Ltd. 7.250% Fixed-Rate Reset Junior Subordinated Debentures due 2064,$25.53,-0.07,-0.273%,5203152679.00,Bermuda,2024,31566,,
ATI,ATI Inc. Common Stock,$63.22,1.84,2.998%,7868602321.00,United States,,1734527,Industrials,Steel/Iron Ore
ATIF,ATIF Holdings Limited Ordinary Shares,$0.85,-0.0141,-1.632%,10129834.00,China,2019,16386,Consumer Discretionary,Professional Services
ATIP,ATI Physical Therapy Inc. Class A Common Stock,$5.89,0.00,0.00%,25921978.00,,2020,1517,Health Care,Hospital/Nursing Management
ATKR,Atkore Inc. Common Stock,$88.21,2.63,3.073%,3163627745.00,United States,2016,432301,Miscellaneous,Industrial Machinery/Components
ATLC,Atlanticus Holdings Corporation Common Stock,$37.19,0.75,2.058%,548354612.00,United States,1995,10940,Finance,Finance: Consumer Services
ATLCL,Atlanticus Holdings Corporation 6.125% Senior Notes due 2026,$23.69,0.188,0.80%,349301446.00,United States,,1187,Finance,Finance: Consumer Services
ATLCP,Atlanticus Holdings Corporation 7.625% Series B Cumulative Perpetual Preferred Stock no par value per share,$22.87,-0.0526,-0.229%,337210809.00,United States,,15679,Finance,Finance: Consumer Services
ATLCZ,Atlanticus Holdings Corporation 9.25% Senior Notes due 2029,$25.00,0.05,0.20%,368616975.00,United States,,37142,Finance,Finance: Consumer Services
ATLO,Ames National Corporation Common Stock,$17.225,0.525,3.144%,154890077.00,United States,,11983,Finance,Major Banks
ATLX,Atlas Lithium Corporation Common Stock,$10.25,2.03,24.696%,156310368.00,United States,,559780,Industrials,Mining & Quarrying of Nonmetallic Minerals (No Fuels)
ATMC,AlphaTime Acquisition Corp Ordinary Shares,$11.28,-0.02,-0.177%,0.00,United States,2023,4414,Finance,Blank Checks
ATMCR,AlphaTime Acquisition Corp Right,$0.23,0.00,0.00%,0.00,United States,2023,2700,Finance,Blank Checks
ATMCU,AlphaTime Acquisition Corp Unit,$11.37,-0.33,-2.821%,0.00,United States,2022,15398,Finance,Blank Checks
ATMCW,AlphaTime Acquisition Corp Warrant,$0.02,0.00,0.00%,0.00,United States,2023,1127,Finance,Blank Checks
ATMU,Atmus Filtration Technologies Inc. Common Stock,$39.88,0.47,1.193%,3324373909.00,United States,2023,501070,Consumer Discretionary,Auto Parts:O.E.M.
ATMV,AlphaVest Acquisition Corp Ordinary Shares,$11.20,0.00,0.00%,0.00,United States,2023,41311,Finance,Blank Checks
ATMVR,AlphaVest Acquisition Corp Right.,$0.15,0.00,0.00%,0.00,United States,2023,2,Finance,Blank Checks
ATNF,180 Life Sciences Corp. Common Stock,$4.23,-0.03,-0.704%,4101416.00,United States,2017,602546,Health Care,Biotechnology: Pharmaceutical Preparations
ATNFW,180 Life Sciences Corp. Warrant,$0.0114,-0.0015,-11.628%,11053.00,United States,2017,45308,Health Care,Biotechnology: Pharmaceutical Preparations
ATNI,ATN International Inc. Common Stock,$31.63,0.59,1.901%,478062652.00,United States,,29745,Telecommunications,Telecommunications Equipment
ATNM,Actinium Pharmaceuticals Inc. (Delaware) Common Stock,$1.83,0.15,8.929%,57012508.00,United States,,211753,Health Care,Biotechnology: Pharmaceutical Preparations
ATO,Atmos Energy Corporation Common Stock,$141.49,0.77,0.547%,21963892692.00,United States,,591145,Utilities,Oil/Gas Transmission
ATOM,Atomera Incorporated Common Stock,$3.69,0.33,9.821%,102598376.00,United States,2016,280531,Technology,Semiconductors
ATOS,Atossa Therapeutics Inc. Common Stock,$1.45,0.03,2.113%,182348253.00,United States,2012,372157,Health Care,Biotechnology: Pharmaceutical Preparations
ATPC,Agape ATP Corporation Common Stock,$1.90,-0.06,-3.061%,7312642.00,Malaysia,,3548603,Health Care,Medical/Nursing Services
ATR,AptarGroup Inc. Common Stock,$169.10,0.19,0.112%,11226280807.00,United States,,349962,Industrials,Plastic Products
ATRA,Atara Biotherapeutics Inc. Common Stock,$8.83,0.23,2.674%,43399883.00,United States,2014,85947,Health Care,Biotechnology: Biological Products (No Diagnostic Substances)
ATRC,AtriCure Inc. Common Stock,$28.75,0.82,2.936%,1400053269.00,United States,2005,1221836,Health Care,Medical/Dental Instruments
ATRO,Astronics Corporation Common Stock,$18.38,0.25,1.379%,643155000.00,United States,,91500,Industrials,Military/Government/Technical
ATS,ATS Corporation Common Shares,$30.61,0.17,0.558%,2997519788.00,Canada,2023,137700,Industrials,Industrial Machinery/Components
ATSG,Air Transport Services Group Inc,$17.20,0.54,3.241%,1131080445.00,United States,,463265,Consumer Discretionary,Air Freight/Delivery Services
ATUS,Altice USA Inc. Class A Common Stock,$2.57,0.03,1.181%,1183699287.00,United States,2017,3612485,Telecommunications,Cable & Other Pay Television Services
ATXG,Addentax Group Corp. Common Stock,$0.63,-0.018,-2.778%,3807574.00,China,,4493,Consumer Discretionary,Professional Services
ATXI,Avenue Therapeutics Inc. Common Stock,$2.52,0.32,14.545%,3607017.00,United States,2017,223686,Health Care,Biotechnology: Pharmaceutical Preparations
ATXS,Astria Therapeutics Inc. Common Stock,$12.10,0.63,5.493%,682745912.00,United States,2015,181440,Health Care,Biotechnology: Pharmaceutical Preparations
ATYR,aTyr Pharma Inc. Common Stock,$3.315,0.065,2.00%,251264396.00,United States,2015,2312118,Health Care,Biotechnology: Biological Products (No Diagnostic Substances)
AU,AngloGold Ashanti PLC Ordinary Shares,$28.69,-0.81,-2.746%,12042049569.00,South Africa,,2654283,Basic Materials,Precious Metals
AUB,Atlantic Union Bankshares Corporation Common Stock,$38.06,1.25,3.396%,3417135043.00,United States,,1148128,Finance,Major Banks
AUB^A,Atlantic Union Bankshares Corporation Depositary Shares each representing a 1/400th ownership interest in a share of 6.875% Perpetual Non-Cumulative Preferred Stock Series A,$24.8132,0.0582,0.235%,,United States,,18582,,
AUBN,Auburn National Bancorporation Inc. Common Stock,$21.61,0.32,1.503%,75498835.00,United States,,1251,Finance,Major Banks
AUDC,AudioCodes Ltd. Common Stock,$9.56,0.39,4.253%,291644559.00,Israel,1999,103353,Utilities,Telecommunications Equipment
AUID,authID Inc. Common Stock,$6.96,0.24,3.571%,76009123.00,United States,,24149,Technology,Computer Software: Prepackaged Software
AUMN,Golden Minerals Company Common Stock,$0.3606,-0.0193,-5.08%,5421638.00,United States,,151423,Basic Materials,Precious Metals
AUNA,Auna SA Class A Ordinary Shares,$6.96,0.01,0.144%,514466336.00,Peru,2024,15613,Health Care,Medical/Nursing Services
AUPH,Aurinia Pharmaceuticals Inc Ordinary Shares,$7.24,0.19,2.695%,1035254652.00,Canada,,1072209,Health Care,Biotechnology: Pharmaceutical Preparations
AUR,Aurora Innovation Inc. Class A Common Stock,$6.85,0.44,6.864%,10745519972.00,United States,2021,6191681,Technology,EDP Services
AURA,Aura Biosciences Inc. Common Stock,$10.98,0.06,0.549%,544675143.00,United States,2021,86200,Health Care,Biotechnology: Biological Products (No Diagnostic Substances)
AUROW,Aurora Innovation Inc. Warrant,$1.1578,0.1428,14.069%,1816228179.00,United States,2021,70262,Technology,EDP Services
AUST,Austin Gold Corp. Common Shares,$2.74,0.55,25.114%,36364595.00,,2022,581817,Basic Materials,Precious Metals
AUTL,Autolus Therapeutics plc American Depositary Share,$4.55,0.11,2.477%,1210729779.00,United Kingdom,2018,2207830,Health Care,Biotechnology: Biological Products (No Diagnostic Substances)
AUUD,Auddia Inc. Common Stock,$0.6174,-0.0156,-2.464%,2741256.00,United States,2021,54518,Technology,EDP Services
AUUDW,Auddia Inc. Warrants,$0.03,0.0041,15.83%,133200.00,United States,2021,22626,Technology,EDP Services
AVA,Avista Corporation Common Stock,$38.19,0.41,1.085%,3005696633.00,United States,,236417,Utilities,Power Generation
AVAH,Aveanna Healthcare Holdings Inc. Common Stock,$4.94,-0.07,-1.397%,954532374.00,United States,2021,238068,Health Care,Medical/Nursing Services
AVAL,Grupo Aval Acciones y Valores S.A. ADR (Each representing 20 preferred shares),$2.03,0.00,0.00%,2410030155.00,,2014,77464,Finance,Commercial Banks
AVAV,AeroVironment Inc. Common Stock,$220.80,-0.10,-0.045%,6227891866.00,United States,2007,150172,Industrials,Aerospace
AVB,AvalonBay Communities Inc. Common Stock,$228.80,2.45,1.082%,32539202010.00,United States,,648718,Real Estate,Real Estate Investment Trusts
AVBP,ArriVent BioPharma Inc. Common Stock,$32.17,0.49,1.547%,1080458178.00,United States,2024,127623,Health Care,Biotechnology: Pharmaceutical Preparations
AVD,American Vanguard Corporation Common Stock ($0.10 Par Value),$5.42,0.05,0.931%,156290697.00,United States,1998,215675,Industrials,Agricultural Chemicals
AVDL,Avadel Pharmaceuticals plc Ordinary Share,$12.80,-0.08,-0.621%,1232262758.00,France,,457436,Health Care,Biotechnology: Pharmaceutical Preparations
AVDX,AvidXchange Holdings Inc. Common Stock,$8.41,0.34,4.213%,1747981740.00,United States,2021,5376609,Technology,Computer Software: Prepackaged Software
AVGO,Broadcom Inc. Common Stock,$172.02,-0.98,-0.566%,803432497798.00,United States,2009,13184645,Technology,Semiconductors
AVGR,Avinger Inc. Common Stock,$0.82,-0.01,-1.205%,1882840.00,United States,2015,70939,Health Care,Medical/Dental Instruments
AVIR,Atea Pharmaceuticals Inc. Common Stock,$3.42,0.07,2.09%,288723240.00,United States,2020,115346,Health Care,Biotechnology: Pharmaceutical Preparations
AVK,Advent Convertible and Income Fund,$11.22,-0.02,-0.178%,0.00,United States,2003,187300,Finance,Trusts Except Educational Religious and Charitable
AVNS,Avanos Medical Inc. Common Stock,$22.62,0.28,1.253%,1039366244.00,United States,2014,130548,Health Care,Industrial Specialties
AVNT,Avient Corporation Common Stock,$48.92,0.91,1.895%,4467018507.00,United States,,308842,Industrials,Major Chemicals
AVNW,Aviat Networks Inc. Common Stock,$20.94,0.28,1.355%,265445701.00,United States,,208521,Technology,Radio And Television Broadcasting And Communications Equipment
AVO,Mission Produce Inc. Common Stock,$11.95,0.20,1.702%,847381790.00,United States,2020,157933,Consumer Staples,Farming/Seeds/Milling
AVPT,AvePoint Inc. Class A Common Stock,$11.97,0.01,0.084%,2235094264.00,United States,2019,465629,Technology,Computer Software: Prepackaged Software
AVPTW,AvePoint Inc. Warrant,$2.71,0.04,1.498%,506023848.00,United States,2019,1578,Technology,Computer Software: Prepackaged Software
AVT,Avnet Inc. Common Stock,$54.41,0.49,0.909%,4794199275.00,United States,,498430,Technology,Electronic Components
AVTE,Aerovate Therapeutics Inc. Common Stock,$2.18,0.06,2.83%,62931610.00,United States,2021,132863,Health Care,Biotechnology: Pharmaceutical Preparations
AVTR,Avantor Inc. Common Stock,$22.64,0.21,0.936%,15391587630.00,United States,2019,4587843,Industrials,Biotechnology: Laboratory Analytical Instruments
AVTX,Avalo Therapeutics Inc. Common Stock,$14.10,-0.34,-2.355%,136521473.00,United States,2015,56122,Health Care,Biotechnology: Pharmaceutical Preparations
AVXL,Anavex Life Sciences Corp. Common Stock,$5.78,0.54,10.305%,490118088.00,United States,,697808,Health Care,Biotechnology: Biological Products (No Diagnostic Substances)
AVY,Avery Dennison Corporation Common Stock,$207.03,-0.13,-0.063%,16669859543.00,United States,,598863,Consumer Discretionary,Containers/Packaging
AWF,Alliancebernstein Global High Income Fund,$10.90,-0.04,-0.366%,0.00,United States,1993,137827,Finance,Trusts Except Educational Religious and Charitable
AWH,Aspira Women's Health Inc. Common Stock,$0.94,-0.025,-2.591%,15099163.00,United States,,140770,Health Care,Biotechnology: In Vitro & In Vivo Diagnostic Substances
AWI,Armstrong World Industries Inc Common Stock,$137.30,1.11,0.815%,6000018513.00,United States,,411980,Industrials,Plastic Products
AWK,American Water Works Company Inc. Common Stock,$138.79,1.13,0.821%,27045040489.00,United States,2008,564824,Utilities,Water Supply
AWP,abrdn Global Premier Properties Fund Common Shares of Beneficial Interest,$4.40,-0.01,-0.227%,0.00,United States,2007,211218,Finance,Trusts Except Educational Religious and Charitable
AWR,American States Water Company Common Stock,$83.27,0.93,1.129%,3119060961.00,United States,,146193,Utilities,Water Supply
AWRE,Aware Inc. Common Stock,$2.07,0.055,2.73%,43850069.00,United States,1996,20493,Technology,Computer Software: Prepackaged Software
AWX,Avalon Holdings Corporation Common Stock,$2.67,0.02,0.755%,10411481.00,United States,1998,440,Utilities,Environmental Services
AX,Axos Financial Inc. Common Stock,$67.03,2.18,3.362%,3813664544.00,United States,2018,321644,Finance,Savings Institutions
AXDX,Accelerate Diagnostics Inc. Common Stock,$1.88,0.00,0.00%,44517240.00,United States,,61236,Industrials,Biotechnology: Laboratory Analytical Instruments
AXGN,Axogen Inc. Common Stock,$13.94,0.63,4.733%,610987426.00,United States,,217830,Health Care,Biotechnology: Electromedical & Electrotherapeutic Apparatus
AXIL,AXIL Brands Inc. Common Stock,$4.26,0.136,3.298%,27540270.00,,2024,3164,Consumer Discretionary,Package Goods/Cosmetics
AXL,American Axle & Manufacturing Holdings Inc. Common Stock,$6.30,0.30,5.00%,740760476.00,United States,,2532093,Consumer Discretionary,Auto Parts:O.E.M.
AXNX,Axonics Inc. Common Stock,$70.24,0.01,0.014%,3590532675.00,United States,2018,491810,Health Care,Medical/Dental Instruments
AXON,Axon Enterprise Inc. Common Stock,$444.77,0.25,0.056%,33613200981.00,United States,2001,447190,Industrials,Ordnance And Accessories
AXP,American Express Company Common Stock,$271.47,4.12,1.541%,191235654288.00,United States,,2336383,Finance,Finance: Consumer Services
AXR,AMREP Corporation Common Stock,$30.00,0.41,1.386%,158623470.00,United States,,15414,Real Estate,Homebuilding
AXS,Axis Capital Holdings Limited Common Stock,$80.76,1.02,1.279%,6798460225.00,Bermuda,2003,784654,Finance,Property-Casualty Insurers
AXS^E,Axis Capital Holdings Limited Depositary Shares each representing 1/100th interest in a share of a 5.50% Series E Preferred Shares,$22.26,-0.02,-0.09%,,Bermuda,,20996,,
AXSM,Axsome Therapeutics Inc. Common Stock,$90.11,0.24,0.267%,4325298473.00,United States,2015,282451,Health Care,Biotechnology: Pharmaceutical Preparations
AXTA,Axalta Coating Systems Ltd. Common Shares,$35.59,0.37,1.051%,7805062245.00,United States,2014,2137671,Consumer Discretionary,Paints/Coatings
AXTI,AXT Inc Common Stock,$2.75,0.03,1.103%,122326091.00,United States,1998,284608,Technology,Semiconductors
AY,Atlantica Sustainable Infrastructure plc Ordinary Shares,$21.95,-0.01,-0.046%,2547410016.00,United Kingdom,2014,403542,Utilities,Electric Utilities: Central
AYI,Acuity Brands Inc. ,$306.02,2.93,0.967%,9414833522.00,United States,,236973,Consumer Discretionary,Building Products
AYRO,AYRO Inc. Common Stock,$0.7899,0.0165,2.133%,5433420.00,United States,,29402,Consumer Discretionary,Telecommunications Equipment
AYTU,Aytu BioPharma Inc.  Common Stock,$2.0825,-0.0823,-3.802%,12805278.00,United States,,27771,Health Care,Biotechnology: Pharmaceutical Preparations
AZ,A2Z Cust2Mate Solutions Corp. Common Shares,$4.97,-0.39,-7.276%,123735575.00,Canada,,144185,Industrials,Industrial Machinery/Components
AZEK,The AZEK Company Inc. Class A Common Stock,$43.77,1.22,2.867%,6333327769.00,United States,2020,1795098,Industrials,Plastic Products
AZI,Autozi Internet Technology (Global) Ltd. Class A Ordinary Shares,$0.7711,-0.0089,-1.141%,80951003.00,China,2024,46292,Consumer Discretionary,Automotive Aftermarket
AZN,AstraZeneca PLC American Depositary Shares,$76.01,0.96,1.279%,235675793909.00,United Kingdom,,5073818,Health Care,Biotechnology: Pharmaceutical Preparations
AZO,AutoZone Inc. Common Stock,$3105.93,-25.03,-0.799%,53058012063.00,United States,,109939,Consumer Discretionary,Auto & Home Supply Stores
AZPN,Aspen Technology Inc. Common Stock,$239.92,3.15,1.33%,15176031156.00,United States,,149332,Technology,EDP Services
AZTA,Azenta Inc.,$41.91,1.04,2.545%,2050053676.00,United States,,398816,Technology,Industrial Machinery/Components
AZTR,Azitra Inc Common Stock,$0.5205,-0.0006,-0.115%,3968842.00,,2023,67627,Health Care,Biotechnology: Pharmaceutical Preparations
AZUL,Azul S.A. American Depositary Shares (each representing three preferred shares),$3.21,0.41,14.643%,359253352.00,Brazil,2017,2821287,Consumer Discretionary,Air Freight/Delivery Services
AZZ,AZZ Inc.,$78.07,1.55,2.026%,2332493643.00,United States,,89639,Industrials,Industrial Specialties
B,Barnes Group Inc. Common Stock,$46.78,-0.12,-0.256%,2374843023.00,United States,,828965,Industrials,Metal Fabrications
BA,Boeing Company (The) Common Stock,$150.69,-4.32,-2.787%,93156695279.00,United States,,20845275,Industrials,Aerospace
BABA,Alibaba Group Holding Limited American Depositary Shares each representing eight Ordinary share,$99.93,2.51,2.576%,243193732139.00,China,2014,16021281,Consumer Discretionary,Business Services
BAC,Bank of America Corporation Common Stock,$42.62,0.73,1.743%,330713189342.00,United States,,24524876,Finance,Major Banks
BAC^B,Bank of America Corporation Depositary Shares each representing a 1/1000th interest in a share of 6.000% Non-Cumulative Preferred Stock Series GG,$25.55,0.02,0.078%,,United States,,50691,,
BAC^E,Bank of America Corporation Depositary Sh repstg 1/1000th Perp Pfd Ser E,$24.49,-0.09,-0.366%,,United States,,18061,,
BAC^K,Bank of America Corporation Depositary Shares each representing a 1/1000th interest in a share of 5.875% Non- Cumulative Preferred Stock Series HH,$25.17,-0.03,-0.119%,,United States,,32923,,
BAC^L,Bank of America Corporation Non Cumulative Perpetual Conv Pfd Ser L,$1230.98,-15.92,-1.277%,,United States,,12053,,
BAC^M,Bank of America Corporation Depositary Shares each representing a 1/1000th interest in a share of 5.375% Non-Cumulative Preferred Stock Series KK,$24.30,0.04,0.165%,,United States,,381878,,
BAC^N,Bank of America Corporation Depositary shares each representing 1/1000th interest in a share of 5.000% Non-Cumulative Preferred Stock Series LL,$22.59,-0.03,-0.133%,,United States,,110520,,
BAC^O,Bank of America Corporation Depositary shares each representing 1/1000th interest in a share of 4.375% Non-Cumulative Preferred Stock Series NN,$20.00,-0.08,-0.398%,,United States,,51799,,
BAC^P,Bank of America Corporation Depositary Shares each representing a 1/1000th interest in a share of 4.125% Non-Cumulative Preferred Stock Series PP,$18.98,-0.02,-0.105%,,United States,,27972,,
BAC^Q,Bank of America Corporation Depositary shares each representing 1/1000th interest in a share of 4.250% Non-Cumulative Preferred Stock Series QQ,$19.69,-0.05,-0.253%,,United States,,72472,,
BAC^S,Bank of America Corporation Depositary shares each representing 1/1000th interest in a share of 4.750% Non-Cumulative Preferred Stock Series SS,$22.09,0.01,0.045%,,United States,,48916,,
BACK,IMAC Holdings Inc. Common Stock,$1.22,-0.05,-3.937%,1400952.00,United States,2019,32406,Health Care,Medical Specialities
BAER,Bridger Aerospace Group Holdings Inc. Common Stock,$3.27,-0.18,-5.217%,173850292.00,United States,,75200,Consumer Discretionary,Business Services
BAERW,Bridger Aerospace Group Holdings Inc. Warrant,$0.12,-0.001,-0.826%,6379827.00,United States,,780,Consumer Discretionary,Business Services
BAFN,BayFirst Financial Corp. Common Stock,$12.81,-0.19,-1.462%,52959345.00,United States,,7599,Finance,Major Banks
BAH,Booz Allen Hamilton Holding Corporation Common Stock,$186.00,4.07,2.237%,24029485452.00,United States,2010,1493021,Consumer Discretionary,Professional Services
BAK,Braskem SA ADR,$6.32,0.23,3.777%,2854545881.00,Brazil,,407229,Industrials,Major Chemicals
BALL,Ball Corporation Common Stock,$64.59,0.56,0.875%,19607290672.00,United States,,1291997,Industrials,Containers/Packaging
BALY,Bally's Corporation Common Stock,$17.39,0.03,0.173%,706591297.00,United States,2019,270560,Consumer Discretionary,Hotels/Resorts
BAM,Brookfield Asset Management Inc Class A Limited Voting Shares,$53.38,0.92,1.754%,20855350825.00,,2022,974379,Consumer Discretionary,Other Consumer Services
BANC,Banc of California Inc. Common Stock,$15.84,0.62,4.074%,2515087001.00,United States,,2343953,Finance,Major Banks
BANC^F,Banc of California Inc. Depositary Shares each representing a 1/40th interest in a share of 7.75% non-cumulative perpetual preferred stock Series F,$24.08,0.02,0.083%,,United States,,29018,,
BAND,Bandwidth Inc. Class A Common Stock,$18.30,0.42,2.349%,499562404.00,United States,2017,166410,Technology,Computer Software: Prepackaged Software
BANF,BancFirst Corporation Common Stock,$111.20,3.94,3.673%,3672060189.00,United States,1993,124880,Finance,Major Banks
BANFP,BancFirst Corporation - BFC Capital Trust II Cumulative Trust Preferred Securities,$25.76,-0.20,-0.77%,850649914.00,United States,,709,Finance,Major Banks
BANL,CBL International Limited Ordinary Shares,$0.9405,-0.0595,-5.95%,25863750.00,Malaysia,2023,22307,Energy,Oil Refining/Marketing
BANR,Banner Corporation Common Stock,$65.02,1.81,2.863%,2240351422.00,United States,,146377,Finance,Major Banks
BANX,ArrowMark Financial Corp. Common Stock,$20.54,0.34,1.683%,145887938.00,United States,,22042,Finance,Trusts Except Educational Religious and Charitable
BAOS,Baosheng Media Group Holdings Limited Ordinary shares,$2.08,-0.13,-5.882%,3191733.00,China,2021,21849,Consumer Discretionary,Business Services
BAP,Credicorp Ltd. Common Stock,$191.89,2.56,1.352%,18111022809.00,Peru,,193405,Finance,Commercial Banks
BARK,BARK Inc. Class A Common Stock,$1.40,0.08,6.061%,242968894.00,United States,2020,659929,Consumer Discretionary,Other Specialty Stores
BASE,Couchbase Inc. Common Stock,$16.46,0.16,0.982%,844798422.00,United States,2021,151268,Technology,Computer Software: Prepackaged Software
BATL,Battalion Oil Corporation Common Stock,$6.70,0.01,0.149%,110258972.00,United States,,27440,Energy,Oil & Gas Production
BATRA,Atlanta Braves Holdings Inc. Series A Common Stock,$42.77,0.10,0.234%,2650549668.00,United States,,26445,Consumer Discretionary,Services-Misc. Amusement & Recreation
BATRK,Atlanta Braves Holdings Inc. Series C Common Stock,$40.20,0.15,0.375%,2491281194.00,United States,,182555,Consumer Discretionary,Services-Misc. Amusement & Recreation
BAX,Baxter International Inc. Common Stock,$36.01,0.04,0.111%,18371495592.00,United States,,1886509,Health Care,Medical/Dental Instruments
BAYA,Bayview Acquisition Corp Ordinary Shares,$10.64,0.02,0.188%,0.00,United States,2023,828,,
BAYAR,Bayview Acquisition Corp Right,$0.19,-0.01,-5.00%,0.00,United States,2023,411,,
BB,BlackBerry Limited Common Stock,$2.41,0.02,0.837%,1422317325.00,Canada,,5929441,Technology,Computer Software: Prepackaged Software
BBAI,BigBear.ai Inc. Common Stock,$1.73,0.14,8.805%,432627136.00,United States,2021,5491886,Technology,Computer Software: Prepackaged Software
BBAR,Banco BBVA Argentina S.A. ADS,$13.81,0.36,2.677%,2820508730.00,Argentina,,1424249,Finance,Commercial Banks
BBCP,Concrete Pumping Holdings Inc. Common Stock,$5.60,0.15,2.752%,299786262.00,United States,2017,37228,Consumer Discretionary,Engineering & Construction
BBD,Banco Bradesco Sa American Depositary Shares,$2.64,0.06,2.326%,28095329402.00,Brazil,,19897715,Finance,Major Banks
BBDC,Barings BDC Inc. Common Stock,$9.90,0.08,0.815%,1047004121.00,United States,,227301,Finance,Diversified Financial Services
BBDO,Banco Bradesco Sa American Depositary Shares (each representing one Common Share),$2.30,0.0223,0.979%,24476991524.00,Brazil,,43067,Finance,Major Banks
BBGI,Beasley Broadcast Group Inc. Class A Common Stock,$13.4988,0.1868,1.403%,20724181.00,United States,2000,2549,Consumer Discretionary,Broadcasting
BBIO,BridgeBio Pharma Inc. Common Stock,$24.44,0.60,2.517%,4595520117.00,United States,2019,1723245,Health Care,Biotechnology: Pharmaceutical Preparations
BBLG,Bone Biologics Corp Common Stock,$1.73,0.00,0.00%,3116469.00,United States,,79335,Health Care,Industrial Specialties
BBLGW,Bone Biologics Corp Warrants,$30.00,0.00,0.00%,54042810.00,United States,,611,Health Care,Industrial Specialties
BBN,BlackRock Taxable Municipal Bond Trust Common Shares of Beneficial Interest,$16.50,-0.10,-0.602%,0.00,United States,2010,374547,Finance,Finance Companies
BBSI,Barrett Business Services Inc. Common Stock,$36.69,0.79,2.201%,958993571.00,United States,1993,104666,Consumer Discretionary,Professional Services
BBU,Brookfield Business Partners L.P. Limited Partnership Units ,$21.52,-0.16,-0.738%,4668585771.00,,2016,19964,Consumer Discretionary,Engineering & Construction
BBUC,Brookfield Business Corporation Class A Exchangeable Subordinate Voting Shares,$23.71,0.26,1.109%,2344648042.00,,2022,33816,Consumer Discretionary,Engineering & Construction
BBVA,Banco Bilbao Vizcaya Argentaria S.A. Common Stock,$9.85,0.15,1.546%,57503712743.00,Spain,,1245961,Finance,Commercial Banks
BBW,Build-A-Bear Workshop Inc. Common Stock,$38.79,1.68,4.527%,524350458.00,United States,2004,247687,Consumer Discretionary,Recreational Games/Products/Toys
BBWI,Bath & Body Works Inc.,$29.45,-0.93,-3.061%,6452846810.00,United States,,4512482,Consumer Discretionary,Clothing/Shoe/Accessory Stores
BBY,Best Buy Co. Inc. Common Stock,$91.54,-1.14,-1.23%,19655949019.00,United States,,2196646,Consumer Discretionary,Consumer Electronics/Video Chains
BC,Brunswick Corporation Common Stock,$82.05,1.29,1.597%,5433625703.00,United States,,490098,Industrials,Industrial Machinery/Components
BC^A,Brunswick Corporation 6.500% Senior Notes due 2048,$25.00,0.05,0.20%,,United States,,2033,,
BC^B,Brunswick Corporation 6.625% Senior Notes due 2049,$25.10,0.12,0.48%,,United States,,2464,,
BC^C,Brunswick Corporation 6.375% Notes due 2049,$24.96,0.17,0.686%,,United States,,9207,,
BCAB,BioAtla Inc. Common Stock,$2.09,0.10,5.025%,101021690.00,United States,2020,694072,Health Care,Biotechnology: Biological Products (No Diagnostic Substances)
BCAL,California BanCorp Common Stock,$14.27,0.22,1.566%,458352400.00,United States,,48938,Finance,Major Banks
BCAN,Femto Technologies Inc. Common Stock,$8.16,0.00,0.00%,5304710.00,Canada,,13001,Technology,Computer Software: Prepackaged Software
BCAT,BlackRock Capital Allocation Term Trust Common Shares of Beneficial Interest,$15.82,-0.28,-1.739%,1710695700.00,United States,2020,602181,Finance,Finance/Investors Services
BCAX,Bicara Therapeutics Inc. Common Stock,$22.35,-0.15,-0.667%,1156856674.00,United States,2024,282499,Health Care,Biotechnology: Pharmaceutical Preparations
BCBP,BCB Bancorp Inc. (NJ) Common Stock,$12.07,0.44,3.783%,205544303.00,United States,2005,27599,Finance,Savings Institutions
BCC,Boise Cascade L.L.C. Common Stock,$138.62,3.24,2.393%,5394958988.00,United States,2013,157978,Consumer Discretionary,RETAIL: Building Materials
BCDA,BioCardia Inc. Common Stock,$2.63,0.21,8.678%,5585794.00,United States,,224952,Health Care,Biotechnology: Biological Products (No Diagnostic Substances)
BCE,BCE Inc. Common Stock,$32.69,-0.10,-0.305%,29822534637.00,Canada,,1097001,Telecommunications,Telecommunications Equipment
BCG,Binah Capital Group Inc. Common Stock,$2.06,-0.0312,-1.492%,34201068.00,United States,,857,Finance,Finance: Consumer Services
BCGWW,Binah Capital Group Inc. Warrants,$0.034,0.0034,11.111%,564484.00,United States,,8104,Finance,Finance: Consumer Services
BCH,Banco De Chile ADS,$24.24,-0.25,-1.021%,12243270241.00,Chile,,165634,Finance,Commercial Banks
BCLI,Brainstorm Cell Therapeutics Inc. Common Stock,$2.02,0.0604,3.082%,10737524.00,United States,,104730,Health Care,Biotechnology: Biological Products (No Diagnostic Substances)
BCML,BayCom Corp Common Stock,$24.73,0.41,1.686%,275894483.00,United States,2018,19719,Finance,Major Banks
BCO,Brinks Company (The) Common Stock,$104.41,2.81,2.766%,4608470088.00,United States,,207789,Consumer Discretionary,Oil Refining/Marketing
BCOV,Brightcove Inc. Common Stock,$2.25,-0.01,-0.442%,101073506.00,United States,2012,61606,Technology,EDP Services
BCOW,1895 Bancorp of Wisconsin Inc. (MD) Common Stock,$10.12,0.00,0.00%,60527194.00,United States,2019,5,Finance,Banks
BCPC,Balchem Corporation Common Stock,$170.79,-0.67,-0.391%,5541064817.00,United States,,200390,Industrials,Major Chemicals
BCRX,BioCryst Pharmaceuticals Inc. Common Stock,$8.15,0.20,2.516%,1686120378.00,United States,1994,1484275,Health Care,Biotechnology: Biological Products (No Diagnostic Substances)
BCS,Barclays PLC Common Stock,$12.68,0.09,0.715%,46158584305.00,United Kingdom,,9169422,Finance,Commercial Banks
BCSA,Blockchain Coinvestors Acquisition Corp. I Class A Ordinary Shares,$11.57,0.0501,0.435%,0.00,Cayman Islands,2021,10411,Finance,Blank Checks
BCSAU,Blockchain Coinvestors Acquisition Corp. I Unit,$11.72,0.00,0.00%,0.00,Cayman Islands,2021,61,Finance,Blank Checks
BCSAW,Blockchain Coinvestors Acquisition Corp. I Warrant,$0.0139,-0.0018,-11.465%,0.00,Cayman Islands,2021,41656,Finance,Blank Checks
BCSF,Bain Capital Specialty Finance Inc. Common Stock,$16.78,0.04,0.239%,1083354807.00,United States,2018,99155,Finance,Finance/Investors Services
BCTX,BriaCell Therapeutics Corp. Common Shares,$0.885,0.018,2.076%,31716772.00,Canada,,518185,Health Care,Biotechnology: Pharmaceutical Preparations
BCTXW,BriaCell Therapeutics Corp. Warrant,$0.3298,-0.0027,-0.812%,11819425.00,Canada,,561,Health Care,Biotechnology: Pharmaceutical Preparations
BCV,Bancroft Fund Ltd.,$16.92,-0.03,-0.177%,0.00,United States,1972,10673,Finance,Finance/Investors Services
BCV^A,Bancroft Fund Limited 5.375% Series A Cumulative Preferred Shares,$24.3798,0.1398,0.577%,,United States,,1139,,
BCX,BlackRock Resources Common Shares of Beneficial Interest,$9.43,-0.05,-0.527%,800211034.00,United States,2011,200133,Finance,Finance/Investors Services
BCYC,Bicycle Therapeutics plc American Depositary Shares,$24.79,0.06,0.243%,1710347824.00,United Kingdom,2019,316610,Health Care,Biotechnology: Pharmaceutical Preparations
BDC,Belden Inc Common Stock,$118.50,1.95,1.673%,4835451276.00,United States,,202271,Industrials,Telecommunications Equipment
BDJ,Blackrock Enhanced Equity Dividend Trust,$8.82,0.06,0.685%,1600901671.00,United States,2005,353311,Finance,Finance Companies
BDL,Flanigan's Enterprises Inc. Common Stock,$25.7648,-0.0852,-0.33%,47887668.00,United States,1972,1191,Consumer Discretionary,Restaurants
BDMD,Baird Medical Investment Holdings Ltd Ordinary Share,$3.00,-0.08,-2.597%,88235292.00,China,,32392,Health Care,Medical/Dental Instruments
BDMDW,Baird Medical Investment Holdings Ltd Warrant,$0.0311,0.00,0.00%,914706.00,China,,11675,Health Care,Medical/Dental Instruments
BDN,Brandywine Realty Trust Common Stock,$5.32,0.14,2.703%,918626515.00,United States,,1698712,Real Estate,Real Estate Investment Trusts
BDRX,Biodexa Pharmaceuticals plc American Depositary Shs,$6.51,0.20,3.17%,3781268.00,United Kingdom,,51869,Health Care,Biotechnology: Pharmaceutical Preparations
BDSX,Biodesix Inc. Common Stock,$1.60,-0.04,-2.439%,232283400.00,United States,2020,47229,Health Care,Medical Specialities
BDTX,Black Diamond Therapeutics Inc. Common Stock,$2.92,-0.06,-2.013%,164994293.00,United States,2020,644138,Health Care,Biotechnology: Biological Products (No Diagnostic Substances)
BDX,Becton Dickinson and Company Common Stock,$238.91,0.78,0.328%,69055124084.00,United States,,925156,Health Care,Medical/Dental Instruments
BE,Bloom Energy Corporation Class A Common Stock,$10.15,0.65,6.842%,2310580216.00,United States,2018,6232499,Energy,Industrial Machinery/Components
BEAGU,Bold Eagle Acquisition Corp. Units,$9.97,-0.03,-0.30%,0.00,United States,2024,248153,,
BEAM,Beam Therapeutics Inc. Common Stock,$22.35,0.80,3.712%,1841989085.00,United States,2020,569366,Health Care,Biotechnology: Biological Products (No Diagnostic Substances)
BEAT,Heartbeam Inc. Common Stock,$2.44,0.01,0.412%,64811551.00,United States,2021,34256,Health Care,Medical/Dental Instruments
BEATW,Heartbeam Inc. Warrant,$0.7699,-0.0101,-1.295%,20450169.00,United States,2021,1620,Health Care,Medical/Dental Instruments
BECN,Beacon Roofing Supply Inc. Common Stock,$94.85,1.49,1.596%,5868499824.00,United States,2004,900007,Consumer Discretionary,RETAIL: Building Materials
BEDU,Bright Scholar Education Holdings Limited American Depositary Shares each  representing four Class A Ordinary Share,$1.90,0.00,0.00%,56479788.00,China,2017,271,Real Estate,Other Consumer Services
BEEM,Beam Global Common Stock,$5.08,0.30,6.276%,74275396.00,United States,,118903,Technology,Semiconductors
BEEP,Mobile Infrastructure Corporation Common Stock,$2.85,-0.11,-3.716%,0.00,,2023,108921,Finance,Blank Checks
BEKE,KE Holdings Inc American Depositary Shares (each representing three Class A Ordinary Shares),$22.08,1.30,6.256%,26430649669.00,China,2020,13267047,Finance,Real Estate
BELFA,Bel Fuse Inc. Class A Common Stock,$102.28,-1.07,-1.035%,1283432453.00,United States,,3935,,
BELFB,Bel Fuse Inc. Class B Common Stock,$77.02,-1.52,-1.935%,966464290.00,United States,,63094,,
BEN,Franklin Resources Inc. Common Stock,$20.78,0.41,2.013%,10867907375.00,United States,,3709424,Finance,Investment Managers
BENF,Beneficient Class A Common Stock,$1.27,0.03,2.419%,5391939.00,United States,,163896,Finance,Finance: Consumer Services
BENFW,Beneficient Warrant,$0.0088,0.00,0.00%,37361.00,United States,,10534,Finance,Finance: Consumer Services
BEP,Brookfield Renewable Partners L.P. ,$27.21,-0.50,-1.804%,13098837077.00,Canada,,309721,Utilities,Electric Utilities: Central
BEP^A,Brookfield Renewable Partners L.P. 5.25% Class A Preferred Limited Partnership Units Series 17,$21.00,-0.5105,-2.373%,,Canada,,1469,,
BEPC,Brookfield Renewable Corporation Class A Subordinate Voting Shares ,$32.54,-0.80,-2.40%,12173622865.00,United States,2020,718020,Utilities,Electric Utilities: Central
BEPH,Brookfield BRP Holdings (Canada) Inc. 4.625% Perpetual Subordinated Notes,$17.47,0.34,1.985%,5016761020.00,Canada,,12648,Utilities,Electric Utilities: Central
BEPI,Brookfield BRP Holdings (Canada) Inc. 4.875% Perpetual Subordinated Notes,$17.88,-0.03,-0.168%,5134498399.00,Canada,2021,7467,Utilities,Electric Utilities: Central
BEPJ,Brookfield BRP Holdings (Canada) Inc. 7.250% Perpetual Subordinated Notes,$25.68,0.00,0.00%,7374380251.00,Canada,2024,25601,Utilities,Electric Utilities: Central
BERY,Berry Global Group Inc. Common Stock,$69.80,1.83,2.692%,7999080000.00,United States,2012,623796,Industrials,Plastic Products
BEST,BEST Inc. American Depositary Shares each representing twenty (20) Class A Ordinary Shares,$2.69,-0.0101,-0.374%,54272687.00,Cayman Islands,2023,19785,Industrials,Trucking Freight/Courier Services
BETR,Better Home & Finance Holding Company Class A Common Stock,$16.16,1.35,9.115%,244478742.00,United Kingdom,2021,66829,Finance,Finance: Consumer Services
BETRW,Better Home & Finance Holding Company Warrant,$0.104,0.014,15.556%,1573378.00,United Kingdom,2021,13434,Finance,Finance: Consumer Services
BF/A,Brown Forman Corporation,$47.50,0.06,0.126%,,United States,,43972,,
BF/B,Brown Forman Corporation,$48.35,-0.02,-0.041%,,United States,,1512233,,
BFAC,Battery Future Acquisition Corp. Class A Ordinary Shares,$11.13,0.00,0.00%,0.00,,2022,87862,Finance,Blank Checks
BFAM,Bright Horizons Family Solutions Inc. Common Stock,$130.79,1.02,0.786%,7591464242.00,United States,2013,296104,Consumer Discretionary,Other Consumer Services
BFC,Bank First Corporation Common Stock,$93.00,2.73,3.024%,931277541.00,United States,,10920,Finance,Major Banks
BFH,Bread Financial Holdings Inc. Common Stock,$51.25,1.87,3.787%,2545958755.00,United States,,647731,Consumer Discretionary,Business Services
BFIN,BankFinancial Corporation Common Stock,$12.11,-0.36,-2.887%,150898811.00,United States,2005,17871,Finance,Savings Institutions
BFK,BlackRock Municipal Income Trust,$10.18,-0.05,-0.489%,0.00,United States,,215548,Finance,Finance Companies
BFLY,Butterfly Network Inc. Class A Common Stock,$1.89,0.07,3.846%,401765408.00,United States,2020,2754700,Health Care,Medical Electronics
BFRG,Bullfrog AI Holdings Inc. Common Stock,$2.44,0.09,3.83%,19155342.00,United States,2023,82737,Health Care,Biotechnology: Pharmaceutical Preparations
BFRGW,Bullfrog AI Holdings Inc. Warrants,$0.2198,0.0396,21.976%,1725551.00,United States,2023,2434,Health Care,Biotechnology: Pharmaceutical Preparations
BFRI,Biofrontera Inc. Common Stock,$0.89,-0.0176,-1.939%,4933731.00,United States,2021,96152,Health Care,Biotechnology: Pharmaceutical Preparations
BFRIW,Biofrontera Inc. Warrants,$0.039,0.00,0.00%,216197.00,United States,2021,114,Health Care,Biotechnology: Pharmaceutical Preparations
BFS,Saul Centers Inc. Common Stock,$39.66,0.28,0.711%,957240423.00,United States,1993,24032,Real Estate,Real Estate Investment Trusts
BFS^D,Saul Centers Inc. Depositary Shares each representing 1/100th of a share of 6.125% Series D Cumulative Redeemable Preferred Stock,$22.84,-0.21,-0.911%,,United States,,1043,,
BFS^E,Saul Centers Inc. Depositary shares each representing a 1/100th fractional interest in a share of 6.000% Series E Cumulative Redeemable Preferred Stock,$23.35,0.05,0.215%,,United States,,189,,
BFST,Business First Bancshares Inc. Common Stock,$26.54,0.57,2.195%,676827725.00,United States,,72437,Finance,Major Banks
BFZ,BlackRock California Municipal Income Trust,$11.86,-0.12,-1.002%,0.00,United States,2001,59280,Finance,Finance Companies
BG,Bunge Limited Common Shares,$89.87,0.09,0.10%,12730217070.00,United States,,1721760,Consumer Staples,Packaged Foods
BGB,Blackstone Strategic Credit 2027 Term Fund Common Shares of Beneficial Interest,$12.27,0.01,0.082%,0.00,United States,2012,141526,Finance,Trusts Except Educational Religious and Charitable
BGC,BGC Group Inc. Class A Common Stock,$9.36,0.20,2.183%,4554608376.00,United States,,2726866,Finance,Investment Bankers/Brokers/Service
BGFV,Big 5 Sporting Goods Corporation Common Stock,$1.95,0.08,4.278%,44282287.00,United States,2002,193792,Consumer Discretionary,Other Specialty Stores
BGH,Barings Global Short Duration High Yield Fund Common Shares of Beneficial Interests,$15.29,0.01,0.065%,0.00,United States,2012,48793,Finance,Investment Managers
BGI,Birks Group Inc. Common Stock,$2.2099,-0.01,-0.45%,42354875.00,Canada,,1137,Consumer Discretionary,Consumer Specialties
BGLC,BioNexus Gene Lab Corp Common stock,$0.3746,-0.0004,-0.107%,6730687.00,Malaysia,,15365,Health Care,Medical Specialities
BGM,Qilian International Holding Group Ltd. Class A Ordinary Shares,$7.8414,-0.1386,-1.737%,56066010.00,China,2021,5414,Health Care,Biotechnology: Pharmaceutical Preparations
BGNE,BeiGene Ltd. American Depositary Shares,$217.22,4.41,2.072%,23050872892.00,Cayman Islands,2016,142696,Health Care,Biotechnology: Pharmaceutical Preparations
BGR,BlackRock Energy and Resources Trust,$12.96,-0.138,-1.054%,1757197074.00,United States,2004,122399,Finance,Trusts Except Educational Religious and Charitable
BGS,B&G Foods Inc. Common Stock,$8.58,0.37,4.507%,679226142.00,United States,,736549,Consumer Staples,Packaged Foods
BGSF,BGSF Inc. Common Stock,$7.85,-0.11,-1.382%,86005675.00,United States,,14747,Consumer Discretionary,Professional Services
BGT,BlackRock Floating Rate Income Trust,$13.09,0.12,0.925%,0.00,United States,2004,113424,Finance,Trusts Except Educational Religious and Charitable
BGX,Blackstone Long Short Credit Income Fund Common Shares,$12.60,-0.01,-0.079%,0.00,,2011,57200,Finance,Trusts Except Educational Religious and Charitable
BGY,Blackrock Enhanced International Dividend Trust,$5.68,0.02,0.353%,0.00,United States,2007,217563,Finance,Trusts Except Educational Religious and Charitable
BH,Biglari Holdings Inc. Class B Common Stock,$172.61,0.33,0.192%,392774745.00,United States,2018,860,Consumer Discretionary,Restaurants
BHAT,Blue Hat Interactive Entertainment Technology Ordinary Shares,$0.266,-0.012,-4.317%,15533943.00,China,2019,325952,Consumer Discretionary,Recreational Games/Products/Toys
BHB,Bar Harbor Bankshares Inc. Common Stock,$33.06,0.65,2.006%,504730524.00,United States,1997,41531,Finance,Major Banks
BHC,Bausch Health Companies Inc. Common Stock,$8.19,0.15,1.866%,3006572440.00,Canada,,1143423,Health Care,Biotechnology: Pharmaceutical Preparations
BHE,Benchmark Electronics Inc. Common Stock,$45.17,0.66,1.483%,1630898218.00,United States,,181701,Technology,Electrical Products
BHF,Brighthouse Financial Inc. Common Stock,$48.78,1.37,2.89%,2963675192.00,United States,,338957,Finance,Life Insurance
BHFAL,Brighthouse Financial Inc. 6.25% Junior Subordinated Debentures due 2058,$24.92,0.27,1.095%,1514038249.00,United States,,26548,Finance,Life Insurance
BHFAM,Brighthouse Financial Inc. Depositary shares each representing a 1/1000th Interest in a Share of 4.625% Non-Cumulative Preferred Stock Series D,$17.56,-0.13,-0.735%,1066874464.00,United States,,30577,Finance,Life Insurance
BHFAN,Brighthouse Financial Inc. Depositary shares each representing a 1/1000th interest in a share of 5.375% Non-Cumulative Preferred Stock Series C,$20.35,-0.39,-1.88%,1236383562.00,United States,,63420,Finance,Life Insurance
BHFAO,Brighthouse Financial Inc. Depositary Shares 6.75% Non-Cumulative Preferred Stock Series B,$24.93,0.00,0.00%,1514645809.00,United States,,13363,Finance,Life Insurance
BHFAP,Brighthouse Financial Inc. Depositary Shares 6.6% Non-Cumulative Preferred Stock Series A,$24.87,0.01,0.04%,1511000452.00,United States,,19333,Finance,Life Insurance
BHIL,Benson Hill Inc. Common Stock,$7.15,-0.04,-0.556%,43755069.00,United States,,4417,Consumer Staples,Packaged Foods
BHK,Blackrock Core Bond Trust,$11.46,-0.05,-0.434%,0.00,United States,2001,115449,Finance,Finance Companies
BHLB,Berkshire Hills Bancorp Inc. Common Stock,$27.75,0.77,2.854%,1192813493.00,United States,,200871,Finance,Banks
BHM,Bluerock Homes Trust Inc. Class A Common Stock,$14.6256,-0.0273,-0.186%,57839144.00,,2022,1123,Real Estate,Real Estate Investment Trusts
BHP,BHP Group Limited American Depositary Shares (Each representing two Ordinary Shares),$57.12,0.68,1.205%,144807000993.00,Australia,,1704121,Energy,Coal Mining
BHR,Braemar Hotels & Resorts Inc. Common Stock,$2.95,-0.01,-0.338%,196240508.00,United States,2013,156394,Real Estate,Real Estate Investment Trusts
BHR^B,Braemar Hotels & Resorts Inc. 5.50% Series B Cumulative Convertible Preferred Stock par value $0.01 per share,$14.6165,0.0665,0.457%,,United States,,1360,,
BHR^D,Braemar Hotels & Resorts Inc. 8.25% Series D Cumulative Preferred Stock  par value $0.01 per share,$21.40,-0.02,-0.093%,,United States,,13946,,
BHRB,Burke & Herbert Financial Services Corp. Common Stock,$65.07,2.91,4.681%,972469003.00,United States,,62212,Finance,Major Banks
BHV,BlackRock Virginia Municipal Bond Trust,$11.04,-0.09,-0.809%,0.00,United States,2002,2745,Finance,Finance/Investors Services
BHVN,Biohaven Ltd. Common Shares ,$51.75,-1.09,-2.063%,4892561593.00,United States,2022,728756,Health Care,Biotechnology: Pharmaceutical Preparations
BIAF,bioAffinity Technologies Inc. Common Stock,$1.35,-0.05,-3.571%,18156373.00,United States,2022,102683,Health Care,Biotechnology: Commercial Physical & Biological Resarch
BIAFW,bioAffinity Technologies Inc. Warrant,$0.7821,-0.1213,-13.427%,10518592.00,United States,2022,4225,Health Care,Biotechnology: Commercial Physical & Biological Resarch
BIDU,Baidu Inc. ADS,$93.13,3.34,3.72%,32655934385.00,China,2005,4531749,Technology,Computer Software: Programming Data Processing
BIGC,BigCommerce Holdings Inc. Series 1 Common Stock,$5.42,0.17,3.238%,421421542.00,United States,2020,804231,Technology,Computer Software: Prepackaged Software
BIGZ,BlackRock Innovation and Growth Term Trust Common Shares of Beneficial Interest,$7.63,0.13,1.733%,1799124808.00,United States,2021,619849,,
BIIB,Biogen Inc. Common Stock,$185.01,3.32,1.827%,26948860386.00,United States,,1893363,Health Care,Biotechnology: Biological Products (No Diagnostic Substances)
BILI,Bilibili Inc. American Depositary Shares,$22.23,1.58,7.651%,9162246242.00,China,2018,6695849,Technology,EDP Services
BILL,BILL Holdings Inc. Common Stock,$56.69,1.92,3.506%,6047988240.00,United States,2019,1347308,Technology,EDP Services
BIO,Bio-Rad Laboratories Inc. Class A Common Stock,$328.59,8.36,2.611%,9158019512.00,United States,1980,177998,Industrials,Biotechnology: Laboratory Analytical Instruments
BIO/B,Bio-Rad Laboratories Inc.,$334.85,0.00,0.00%,,United States,,112,,
BIOA,BioAge Labs Inc. Common Stock,$24.16,0.10,0.416%,813399165.00,United States,2024,231492,Health Care,Biotechnology: Pharmaceutical Preparations
BIOR,Biora Therapeutics Inc. Common Stock,$4.42,0.52,13.333%,16255642.00,United States,2020,83731,Health Care,Biotechnology: Pharmaceutical Preparations
BIOX,Bioceres Crop Solutions Corp. Ordinary Shares,$7.04,0.04,0.571%,442089289.00,Argentina,,82041,Industrials,Agricultural Chemicals
BIP,Brookfield Infrastructure Partners LP Limited Partnership Units,$35.46,-0.24,-0.672%,16359257247.00,Bermuda,,293804,Consumer Discretionary,Marine Transportation
BIP^A,Brookfield Infrastructure Partners LP 5.125% Class A Preferred Limited Partnership Units Series 13,$20.30,-0.01,-0.049%,,Bermuda,,894,,
BIP^B,Brookfield Infrastructure Partners LP 5.000% Class A Preferred Limited Partnership Units Series 14,$19.96,-0.11,-0.548%,,Bermuda,,3377,,
BIPC,Brookfield Infrastructure Corporation ,$43.86,0.63,1.457%,6273176457.00,Canada,2020,298196,Consumer Discretionary,Marine Transportation
BIPH,Brookfield Infrastructure Corporation 5.000% Subordinated Notes due 2081,$19.79,0.20,1.021%,9129997206.00,Canada,2021,4510,Utilities,Oil & Gas Production
BIPI,BIP Bermuda Holdings I Limited 5.125% Perpetual Subordinated Notes,$19.60,-0.05,-0.254%,185747240.00,Bermuda,2022,8489,Consumer Discretionary,Marine Transportation
BIPJ,Brookfield Infrastructure Corporation 7.250% Subordinated Notes due 2084,$25.46,0.06,0.236%,11745817527.00,Canada,2024,5145,Utilities,Oil & Gas Production
BIRD,Allbirds Inc. Class A Common Stock,$11.78,1.34,12.835%,92906422.00,United States,2021,111722,Consumer Discretionary,Apparel
BIRK,Birkenstock Holding plc Ordinary Shares,$48.52,-0.88,-1.781%,8865640824.00,,2023,1203789,Consumer Discretionary,Shoe Manufacturing
BIT,BlackRock Multi-Sector Income Trust Common Shares of Beneficial Interest,$14.79,0.075,0.51%,0.00,,2013,147127,Finance,Trusts Except Educational Religious and Charitable
BITF,Bitfarms Ltd. Common Stock,$2.14,0.24,12.632%,965752040.00,Canada,,44932253,Finance,Finance: Consumer Services
BIVI,BioVie Inc. Class A Common Stock,$2.87,0.01,0.35%,22835614.00,United States,,6861906,Health Care,Biotechnology: Pharmaceutical Preparations
BJ,BJ's Wholesale Club Holdings Inc. Common Stock,$85.33,0.66,0.779%,11313525664.00,United States,2018,937133,Consumer Discretionary,Department/Specialty Retail Stores
BJDX,Bluejay Diagnostics Inc. Common Stock,$0.1059,0.0006,0.57%,662107.00,United States,2021,1451127,Health Care,Medical/Dental Instruments
BJRI,BJ's Restaurants Inc. Common Stock,$37.30,1.43,3.987%,863663633.00,United States,,279817,Consumer Discretionary,Restaurants
BK,The Bank of New York Mellon Corporation Common Stock,$76.51,1.31,1.742%,56461128248.00,United States,,3847666,Finance,Major Banks
BKD,Brookdale Senior Living Inc. Common Stock,$6.31,0.19,3.105%,1244338405.00,United States,2005,981651,Health Care,Hospital/Nursing Management
BKDT,Brookdale Senior Living Inc. 7.00% Tangible Equity Units,$86.05,0.00,0.00%,16969147341.00,United States,2022,35,Health Care,Hospital/Nursing Management
BKE,Buckle Inc. (The) Common Stock,$43.11,0.72,1.699%,2188858346.00,United States,,239668,Consumer Discretionary,Clothing/Shoe/Accessory Stores
BKH,Black Hills Corporation Common Stock,$60.35,0.48,0.802%,4209319440.00,United States,,299844,Utilities,Electric Utilities: Central
BKHA,Black Hawk Acquisition Corporation Class A Ordinary Shares,$10.34,0.04,0.388%,0.00,United States,2024,1000,,
BKHAR,Black Hawk Acquisition Corporation Rights,$1.01,0.00,0.00%,0.00,United States,2024,45,,
BKHAU,Black Hawk Acquisition Corporation Units,$10.50,0.06,0.575%,0.00,United States,2024,300,,
BKKT,Bakkt Holdings Inc. Class A Common Stock,$11.68,0.91,8.449%,157873117.00,United States,,106869,Finance,Finance: Consumer Services
BKN,BlackRock Investment Quality Municipal Trust Inc. (The),$12.46,-0.13,-1.033%,0.00,United States,1993,20550,Finance,Trusts Except Educational Religious and Charitable
BKNG,Booking Holdings Inc. Common Stock,$4347.59,-0.23,-0.005%,145750294025.00,United States,,215255,Consumer Discretionary,Transportation Services
BKR,Baker Hughes Company Class A Common Stock,$37.40,-0.12,-0.32%,37008265257.00,United States,,8516116,Industrials,Metal Fabrications
BKSY,BlackSky Technology Inc. Class A Common Stock,$6.89,0.52,8.163%,128249041.00,United States,2019,953233,Technology,Radio And Television Broadcasting And Communications Equipment
BKT,BlackRock Income Trust Inc. (The),$11.85,-0.14,-1.168%,1762835281.00,United States,,61690,Finance,Investment Bankers/Brokers/Service
BKTI,BK Technologies Corporation Common Stock,$27.40,1.17,4.461%,96912594.00,United States,,29794,Technology,Radio And Television Broadcasting And Communications Equipment
BKU,BankUnited Inc. Common Stock,$35.83,1.24,3.585%,2678432094.00,United States,2011,935331,Finance,Savings Institutions
BKV,BKV Corporation Common Stock,$17.71,-0.34,-1.884%,1489863614.00,,2024,131518,Energy,Oil & Gas Production
BKYI,BIO-key International Inc. Common Stock,$0.69,-0.0046,-0.662%,1367719.00,United States,,24708,Technology,Computer Software: Prepackaged Software
BL,BlackLine Inc. Common Stock,$57.04,0.47,0.831%,3546466791.00,United States,2016,822307,Technology,Computer Software: Prepackaged Software
BLAC,Bellevue Life Sciences Acquisition Corp. Common Stock,$11.0001,0.0501,0.458%,0.00,United States,2023,13376,Finance,Blank Checks
BLBD,Blue Bird Corporation Common Stock,$42.46,0.03,0.071%,1373820687.00,United States,2014,411606,Consumer Discretionary,Construction/Ag Equipment/Trucks
BLBX,Blackboxstocks Inc. Common Stock,$2.88,-0.08,-2.703%,10130201.00,United States,,5936,Technology,EDP Services
BLCO,Bausch + Lomb Corporation Common Shares,$20.37,-0.09,-0.44%,7168109441.00,,2022,214862,Health Care,Ophthalmic Goods
BLD,TopBuild Corp. Common Stock,$370.55,3.39,0.923%,11178089857.00,United States,2015,363761,Consumer Discretionary,Engineering & Construction
BLDE,Blade Air Mobility Inc. Class A Common Stock,$3.79,0.25,7.062%,295370182.00,United States,2019,446294,Consumer Discretionary,Transportation Services
BLDEW,Blade Air Mobility Inc. Warrants,$0.29,0.0887,44.064%,22600885.00,United States,2019,97381,Consumer Discretionary,Transportation Services
BLDP,Ballard Power Systems Inc. Common Shares,$1.68,0.16,10.526%,503006077.00,Canada,,6102680,Energy,Industrial Machinery/Components
BLDR,Builders FirstSource Inc. Common Stock,$184.80,4.00,2.212%,21520776077.00,United States,2005,839218,Consumer Discretionary,RETAIL: Building Materials
BLE,BlackRock Municipal Income Trust II,$10.82,-0.06,-0.551%,0.00,United States,2002,112982,Finance,Finance/Investors Services
BLEU,bleuacacia ltd Class A Ordinary Shares,$10.99,-0.28,-2.484%,0.00,United States,2022,1105,Finance,Blank Checks
BLEUR,bleuacacia ltd Rights,$0.0119,-0.0065,-35.326%,0.00,United States,2022,600,Finance,Blank Checks
BLEUW,bleuacacia ltd Warrants,$0.0096,-0.0004,-4.00%,0.00,United States,2022,2600,Finance,Blank Checks
BLFS,BioLife Solutions Inc. Common Stock,$22.86,0.83,3.768%,1054719275.00,United States,,225002,Health Care,Biotechnology: Electromedical & Electrotherapeutic Apparatus
BLFY,Blue Foundry Bancorp Common Stock,$10.00,0.34,3.52%,232135990.00,United States,2021,32091,Finance,Banks
BLIN,Bridgeline Digital Inc. Common Stock,$1.12,0.04,3.704%,11667722.00,United States,2007,13270,Technology,Computer Software: Prepackaged Software
BLK,BlackRock Inc. Common Stock,$986.22,12.15,1.247%,146087267573.00,United States,1999,329439,Finance,Investment Bankers/Brokers/Service
BLKB,Blackbaud Inc. Common Stock,$86.21,0.67,0.783%,4450706771.00,United States,2004,184420,Technology,Computer Software: Prepackaged Software
BLMN,Bloomin' Brands Inc. Common Stock,$16.71,0.75,4.699%,1419842918.00,United States,2012,1125545,Consumer Discretionary,Restaurants
BLMZ,BloomZ Inc. Ordinary Shares,$0.85,-0.029,-3.299%,11415500.00,Japan,2024,176617,Consumer Discretionary,Movies/Entertainment
BLND,Blend Labs Inc. Class A Common Stock,$3.44,0.09,2.687%,874598627.00,United States,2021,1795730,Technology,Computer Software: Programming Data Processing
BLNK,Blink Charging Co. Common Stock,$2.25,0.05,2.273%,227590760.00,United States,,3315250,Consumer Discretionary,Industrial Specialties
BLRX,BioLineRx Ltd. American Depositary Shares,$0.4359,0.0309,7.63%,34845846.00,Israel,,713996,Health Care,Biotechnology: Pharmaceutical Preparations
BLTE,Belite Bio Inc American Depositary Shares,$67.79,0.89,1.33%,1976040809.00,United States,2022,79121,Health Care,Biotechnology: Pharmaceutical Preparations
BLUE,bluebird bio Inc. Common Stock,$0.4946,0.0144,2.999%,95909659.00,United States,2013,4498278,Health Care,Biotechnology: Biological Products (No Diagnostic Substances)
BLW,Blackrock Limited Duration Income Trust,$14.29,0.00,0.00%,510313805.00,United States,2003,99522,Consumer Discretionary,Other Consumer Services
BLX,Banco Latinoamericano de Comercio Exterior S.A.,$33.10,0.49,1.503%,2418938798.00,Panama,1992,163725,Finance,Commercial Banks
BLZE,Backblaze Inc. Class A Common Stock,$7.26,0.06,0.833%,311454000.00,United States,2021,105861,Technology,Computer Software: Prepackaged Software
BMA,Banco Macro S.A.  ADR (representing Ten Class B Common Shares),$79.11,-0.30,-0.378%,5058399487.00,Argentina,,307217,Finance,Commercial Banks
BMBL,Bumble Inc. Class A Common Stock,$7.13,0.02,0.281%,902227997.00,United States,2021,3016820,Technology,Computer Software: Programming Data Processing
BME,Blackrock Health Sciences Trust,$40.84,0.1153,0.283%,544520455.00,United States,2005,25107,Finance,Trusts Except Educational Religious and Charitable
BMEA,Biomea Fusion Inc. Common Stock,$12.41,0.26,2.14%,449368172.00,United States,2021,750645,Health Care,Biotechnology: Pharmaceutical Preparations
BMEZ,BlackRock Health Sciences Term Trust Common Shares of Beneficial Interest,$15.55,0.01,0.064%,207328430.00,United States,2020,228776,Finance,Trusts Except Educational Religious and Charitable
BMI,Badger Meter Inc. Common Stock,$204.35,2.32,1.148%,6010067554.00,United States,1971,153842,Industrials,Industrial Machinery/Components
BML^G,Bank of America Corporation Depositary Shares (Each representing a 1/1200th interest in a share of Floating Rate Non-Cumulative Preferred Stock  Series 1),$22.72,0.02,0.088%,,United States,,7654,,
BML^H,Bank of America Corporation Depositary Shares (Each representing a 1/1200th interest in a Share of Floating Rate Non-Cumulative Preferred Stock Series 2),$22.68,-0.02,-0.088%,,United States,,21217,,
BML^J,Bank of America Corporation Depositary Shares (Each representing a 1/1200th interest in a Share of Floating Rate Non-Cumulative Preferred Stock Series 4),$23.84,-0.24,-0.997%,,United States,,40443,,
BML^L,Bank of America Corporation Depositary Shares (Each representing a 1/1200th Interest in a Share of Floating Rate Non-Cumulative Preferred Stock Series 5),$24.22,-0.0875,-0.36%,,United States,,12021,,
BMN,BlackRock 2037 Municipal Target Term Trust Common Shares of Beneficial Interest,$24.73,0.00,0.00%,0.00,,2022,7672,Finance,Trusts Except Educational Religious and Charitable
BMO,Bank Of Montreal Common Stock,$93.50,0.73,0.787%,68200150656.00,Canada,,4275540,Finance,Commercial Banks
BMR,Beamr Imaging Ltd. Ordinary Share,$3.40,0.11,3.343%,52734000.00,Israel,2023,143701,Technology,Computer Software: Prepackaged Software
BMRA,Biomerica Inc. Common Stock,$0.3129,0.0179,6.068%,5263493.00,United States,,99951,Health Care,Biotechnology: In Vitro & In Vivo Diagnostic Substances
BMRC,Bank of Marin Bancorp Common Stock,$22.73,0.93,4.266%,369954912.00,United States,,60628,Finance,Major Banks
BMRN,BioMarin Pharmaceutical Inc. Common Stock,$70.13,0.40,0.574%,13351547307.00,United States,1999,1543843,Health Care,Biotechnology: Pharmaceutical Preparations
BMTX,BM Technologies Inc. Common Stock,$4.73,-0.01,-0.211%,57231415.00,,2018,921171,Finance,Major Banks
BMY,Bristol-Myers Squibb Company Common Stock,$52.64,0.72,1.387%,106722082170.00,United States,,8528485,Health Care,Biotechnology: Pharmaceutical Preparations
BN,Brookfield Corporation Class A Limited Voting Shares,$54.68,1.18,2.206%,82446337992.00,Canada,1925,1555390,Real Estate,Building operators
BNAI,Brand Engagement Network Inc. Common Stock,$0.95,0.05,5.556%,34165011.00,United States,2021,86132,Technology,EDP Services
BNAIW,Brand Engagement Network Inc. Warrant,$0.027,-0.0092,-25.414%,971006.00,United States,2021,400,Technology,EDP Services
BNED,Barnes & Noble Education Inc Common Stock,$10.17,-0.01,-0.098%,266535726.00,United States,2015,84326,Consumer Discretionary,Other Specialty Stores
BNGO,Bionano Genomics Inc. Common Stock,$0.31,0.0042,1.373%,26659110.00,United States,2018,3252925,Industrials,Biotechnology: Laboratory Analytical Instruments
BNH,Brookfield Finance Inc. 4.625% Subordinated Notes due October 16 2080,$18.24,0.07,0.385%,27502216623.00,Canada,2020,14337,Real Estate,Building operators
BNIX,Bannix Acquisition Corp. Common Stock,$11.09,0.00,0.00%,0.00,United States,2021,1,Finance,Blank Checks
BNIXR,Bannix Acquisition Corp. Right,$0.11,0.00,0.00%,0.00,United States,2021,1100,Finance,Blank Checks
BNIXW,Bannix Acquisition Corp. Warrant,$0.0166,0.00,0.00%,0.00,United States,2021,97,Finance,Blank Checks
BNJ,Brookfield Finance Inc. 4.50% Perpetual Subordinated Notes,$17.38,-0.03,-0.172%,26205511234.00,Canada,2020,8463,Real Estate,Building operators
BNL,Broadstone Net Lease Inc. Common Stock,$18.05,0.26,1.461%,3402740604.00,United States,2020,999546,Real Estate,Real Estate Investment Trusts
BNOX,Bionomics Limited American Depository Shares,$0.1943,-0.0525,-21.272%,3365344.00,United States,2021,3107771,Health Care,Biotechnology: Pharmaceutical Preparations
BNR,Burning Rock Biotech Limited American Depositary Shares,$2.85,0.03,1.064%,29237369.00,China,2020,27929,Health Care,Medical Specialities
BNRG,Brenmiller Energy Ltd Ordinary Shares,$0.868,0.011,1.284%,1867715.00,Israel,,105206,Industrials,Building Products
BNS,Bank Nova Scotia Halifax Pfd 3 Ordinary Shares,$51.98,0.20,0.386%,63913027652.00,Canada,,1223005,Finance,Major Banks
BNT,Brookfield Wealth Solutions Ltd. Class A Exchangeable Limited Voting Shares,$54.59,1.19,2.228%,7941005863.00,,2021,5434,Finance,Property-Casualty Insurers
BNTC,Benitec Biopharma Inc. Common Stock,$10.72,-0.27,-2.457%,113157404.00,United States,2015,15871,Health Care,Biotechnology: Pharmaceutical Preparations
BNTX,BioNTech SE American Depositary Share,$113.26,2.78,2.516%,26924816746.00,Germany,2019,666760,Health Care,Biotechnology: Biological Products (No Diagnostic Substances)
BNY,BlackRock New York Municipal Income Trust,$10.61,-0.075,-0.702%,0.00,United States,,48401,Finance,Trusts Except Educational Religious and Charitable
BNZI,Banzai International Inc. Class A Common Stock,$2.74,-0.14,-4.861%,2056817.00,United States,2021,208201,Technology,Computer Software: Prepackaged Software
BNZIW,Banzai International Inc. Warrant,$0.0073,0.00,0.00%,5480.00,United States,2021,11,Technology,Computer Software: Prepackaged Software
BOC,Boston Omaha Corporation Class A Common Stock,$15.49,0.18,1.176%,487301908.00,United States,2022,132510,Finance,Real Estate
BOCN,Blue Ocean Acquisition Corp Class A Ordinary Shares,$11.48,0.01,0.087%,0.00,United States,2022,19877,Finance,Blank Checks
BOCNW,Blue Ocean Acquisition Corp Warrants,$0.0228,0.00,0.00%,0.00,United States,2022,160,Finance,Blank Checks
BODI,The Beachbody Company Inc. Class A Common Stock,$6.69,0.26,4.044%,46269184.00,United States,2021,11957,Consumer Discretionary,Other Consumer Services
BOE,Blackrock Enhanced Global Dividend Trust Common Shares of Beneficial Interest,$11.37,0.06,0.531%,0.00,United States,2005,69530,Finance,Trusts Except Educational Religious and Charitable
BOF,BranchOut Food Inc. Common Stock,$1.69,-0.06,-3.429%,11479678.00,United States,2023,329632,Consumer Staples,Packaged Foods
BOH,Bank of Hawaii Corporation Common Stock,$72.37,6.34,9.602%,2875292811.00,United States,,749036,Finance,Major Banks
BOH^A,Bank of Hawaii Corporation Depositary Shares Each Representing a 1/40th Interest in a Share of 4.375% Fixed Rate Non-Cumulative Perpetual Preferred Stock Series A,$17.37,0.17,0.988%,,United States,,36029,,
BOH^B,Bank of Hawaii Corporation Depositary Shares Each Representing a 1/40th Interest in a Share of 8.000% Fixed Rate Non-Cumulative Perpetual Preferred Stock Series B,$26.62,0.13,0.491%,,United States,,30971,,
BOKF,BOK Financial Corporation Common Stock,$108.34,2.68,2.536%,6947608452.00,United States,,126597,Finance,Major Banks
BOLD,Boundless Bio Inc. Common Stock,$3.00,0.08,2.74%,66763611.00,United States,2024,59724,Health Care,Biotechnology: Pharmaceutical Preparations
BOLT,Bolt Biotherapeutics Inc. Common Stock,$0.679,-0.0003,-0.044%,25981828.00,United States,2021,61916,Health Care,Biotechnology: Pharmaceutical Preparations
BON,Bon Natural Life Limited Ordinary Shares,$1.47,0.0125,0.858%,5835900.00,China,2021,11205,Health Care, Medicinal Chemicals and Botanical Products 
BOOM,DMC Global Inc. Common Stock,$10.25,-0.11,-1.062%,205397434.00,United States,,432534,Industrials,Industrial Specialties
BOOT,Boot Barn Holdings Inc. Common Stock,$161.22,3.22,2.038%,4917804418.00,United States,2014,1277433,Consumer Discretionary,Clothing/Shoe/Accessory Stores
BORR,Borr Drilling Limited Common Shares,$4.45,-0.25,-5.319%,1131457000.00,,2019,7703824,Energy,Oil & Gas Production
BOSC,B.O.S. Better Online Solutions Common Stock,$2.96,-0.01,-0.337%,17014133.00,Israel,,4878,Telecommunications,Computer Communications Equipment
BOTJ,Bank of the James Financial Group Inc. Common Stock,$12.9642,-0.2758,-2.083%,58900742.00,United States,,14558,Finance,Major Banks
BOW,Bowhead Specialty Holdings Inc. Common Stock,$29.97,0.55,1.869%,978784925.00,,2024,286092,Finance,Property-Casualty Insurers
BOWL,Bowlero Corp. Class A Common Stock,$11.54,-0.04,-0.345%,1701590264.00,United States,2021,513816,Consumer Discretionary,Services-Misc. Amusement & Recreation
BOWN,Bowen Acquisition Corp Ordinary Shares,$10.84,0.01,0.092%,0.00,United States,2023,115028,,
BOWNU,Bowen Acquisition Corp Unit,$11.09,0.08,0.727%,0.00,United States,2023,317,,
BOX,Box Inc. Class A Common Stock,$32.01,-0.04,-0.125%,4584733498.00,United States,2015,774398,Technology,Computer Software: Prepackaged Software
BOXL,Boxlight Corporation Class A Common Stock,$0.455,-0.0152,-3.233%,4461828.00,United States,2017,78381,Real Estate,Other Consumer Services
BP,BP p.l.c. Common Stock,$31.05,-0.47,-1.491%,84185425611.00,United Kingdom,,11981439,Energy,Integrated oil Companies
BPMC,Blueprint Medicines Corporation Common Stock,$82.77,0.30,0.364%,5243104138.00,United States,2015,633915,Health Care,Biotechnology: Pharmaceutical Preparations
BPOP,Popular Inc. Common Stock,$90.19,1.73,1.956%,6523909343.00,United States,,544102,Finance,Major Banks
BPOPM,Popular Inc. Popular Capital Trust II - 6.125% Cumulative Monthly Income Trust Preferred Securities,$25.84,-0.01,-0.039%,1869140896.00,United States,,598,Finance,Major Banks
BPRN,Princeton Bancorp Inc. Common Stock (PA),$36.28,-0.02,-0.055%,249606400.00,United States,,4220,Finance,Major Banks
BPT,BP Prudhoe Bay Royalty Trust Common Stock,$1.09,-0.08,-6.838%,23326000.00,United States,,436550,Energy,Integrated oil Companies
BPTH,Bio-Path Holdings Inc. Common Stock,$1.08,-0.02,-1.818%,2756365.00,United States,,171399,Health Care,Biotechnology: Pharmaceutical Preparations
BPYPM,Brookfield Property Partners L.P. 6.25% Class A Cumulative Redeemable Preferred Units Series 1,$18.20,0.13,0.719%,16404461710.00,Bermuda,,6752,Finance,Real Estate
BPYPN,Brookfield Property Partners L.P. 5.750% Class A Cumulative Redeemable Perpetual Preferred Units Series 3,$14.60,-0.14,-0.95%,13159623130.00,Bermuda,,4524,Finance,Real Estate
BPYPO,Brookfield Property Partners L.P. 6.375% Class A Cumulative Redeemable Perpetual Preferred Units Series 2,$16.505,0.145,0.886%,14876683545.00,Bermuda,,6316,Finance,Real Estate
BPYPP,Brookfield Property Partners L.P. 6.50% Class A Cumulative Redeemable Perpetual Preferred Units,$17.15,0.05,0.292%,15458050458.00,Bermuda,,5788,Finance,Real Estate
BQ,Boqii Holding Limited American Depositary Shares representing Class A Ordinary Shares,$0.4158,-0.0127,-2.964%,2706092.00,,2020,162057,Consumer Discretionary,Other Specialty Stores
BR,Broadridge Financial Solutions Inc. Common Stock,$213.70,-0.33,-0.154%,24940676971.00,United States,,378459,Consumer Discretionary,Business Services
BRAG,Bragg Gaming Group Inc. Common Shares,$4.84,-0.06,-1.224%,120739976.00,Canada,,33435,Technology,Office Equipment/Supplies/Services
BRBR,BellRing Brands Inc. Common Stock ,$65.10,0.62,0.962%,8413683951.00,United States,2022,653895,Consumer Staples,Packaged Foods
BRBS,Blue Ridge Bankshares Inc. Common Stock,$2.93,-0.01,-0.34%,215361976.00,United States,,417404,Finance,Major Banks
BRC,Brady Corporation Common Stock,$72.88,0.80,1.11%,3467942108.00,United States,,233447,Consumer Discretionary,Miscellaneous manufacturing industries
BRCC,BRC Inc. Class A Common Stock,$3.27,0.03,0.926%,694953124.00,United States,2022,401188,Consumer Staples,Beverages (Production/Distribution)
BRDG,Bridge Investment Group Holdings Inc. Class A Common Stock,$10.67,0.15,1.426%,1292266011.00,United States,2021,261664,Finance,Investment Managers
BREA,Brera Holdings PLC Class B Ordinary Shares,$0.92,-0.01,-1.075%,11707000.00,Ireland,2023,148990,Consumer Discretionary,Services-Misc. Amusement & Recreation
BRFH,Barfresh Food Group Inc. Common Stock,$2.03,-0.02,-0.976%,29934729.00,United States,,10296,Consumer Staples,Packaged Foods
BRFS,BRF S.A.,$4.49,0.19,4.419%,7537165741.00,Brazil,,3053330,Consumer Staples,Meat/Poultry/Fish
BRID,Bridgford Foods Corporation Common Stock,$9.03,0.04,0.445%,81963793.00,United States,,12068,Consumer Staples,Specialty Foods
BRK/A,Berkshire Hathaway Inc.,$688354.00,6355.00,0.932%,1012482001396.00,United States,,1780,,
BRK/B,Berkshire Hathaway Inc.,$458.49,4.48,0.987%,1011571700490.00,United States,,4100888,,
BRKH,BurTech Acquisition Corp. Class A Common Stock,$11.37,0.00,0.00%,0.00,United States,2022,2,Finance,Blank Checks
BRKHU,BurTech Acquisition Corp. Unit,$11.44,0.00,0.00%,0.00,United States,2021,5,Finance,Blank Checks
BRKHW,BurTech Acquisition Corp. Warrants,$0.1844,-0.003,-1.601%,0.00,United States,2022,48913,Finance,Blank Checks
BRKL,Brookline Bancorp Inc. Common Stock,$11.26,0.40,3.683%,1001144875.00,United States,,525144,Finance,Savings Institutions
BRKR,Bruker Corporation Common Stock,$58.46,0.56,0.967%,8850519021.00,United States,,1117559,Industrials,Biotechnology: Laboratory Analytical Instruments
BRLS,Borealis Foods Inc. Class A Common Shares,$5.85,0.03,0.515%,125066284.00,Kazakhstan,2021,378,Consumer Staples,Packaged Foods
BRLSW,Borealis Foods Inc. Warrant,$0.065,-0.0035,-5.109%,1389625.00,Kazakhstan,2021,225,Consumer Staples,Packaged Foods
BRLT,Brilliant Earth Group Inc. Class A Common Stock,$1.67,0.14,9.15%,164187459.00,United States,2021,254423,Consumer Discretionary,Consumer Specialties
BRN,Barnwell Industries Inc. Common Stock,$1.99,-0.04,-1.97%,19955899.00,United States,1965,33736,Energy,Oil & Gas Production
BRNS,Barinthus Biotherapeutics plc American Depositary Shares,$1.41,-0.08,-5.369%,55574758.00,United Kingdom,2021,15314,Health Care,Biotechnology: Pharmaceutical Preparations
BRO,Brown & Brown Inc. Common Stock,$103.35,-0.63,-0.606%,29481723937.00,United States,,1908539,Finance,Specialty Insurers
BROG,Brooge Energy Limited Ordinary Shares,$1.90,0.03,1.604%,208216733.00,United Kingdom,2018,25909,Energy,Integrated oil Companies
BROGW,Brooge Holdings Limited Warrant expiring 12/20/2024,$0.0011,0.00,0.00%,120547.00,United Kingdom,2018,59145,Energy,Integrated oil Companies
BROS,Dutch Bros Inc. Class A Common Stock,$35.90,0.37,1.041%,5535352826.00,United States,2021,1346492,Consumer Discretionary,Restaurants
BRSP,BrightSpire Capital Inc. Class A Common Stock,$5.30,0.01,0.189%,692331909.00,United States,2018,671106,Real Estate,Real Estate Investment Trusts
BRT,BRT Apartments Corp. (MD) Common Stock,$16.68,-0.07,-0.418%,313036429.00,United States,,35968,Real Estate,Real Estate Investment Trusts
BRTX,BioRestorative Therapies Inc. Common Stock (NV),$1.58,-0.04,-2.469%,10933472.00,United States,,22424,Health Care,Managed Health Care
BRW,Saba Capital Income & Opportunities Fund SBI,$7.43,0.03,0.405%,0.00,United States,,116018,Finance,Trusts Except Educational Religious and Charitable
BRX,Brixmor Property Group Inc. Common Stock,$27.73,0.26,0.946%,8356307554.00,United States,2013,1902640,Real Estate,Real Estate Investment Trusts
BRY,Berry Corporation (bry) Common Stock,$5.17,0.00,0.00%,397774599.00,United States,2018,980161,Energy,Oil & Gas Production
BRZE,Braze Inc. Class A Common Stock,$30.83,0.03,0.097%,3167059660.00,United States,2021,529419,Technology,Computer Software: Prepackaged Software
BSAC,Banco Santander - Chile ADS,$20.60,0.14,0.684%,9704975530.00,Chile,,334483,Finance,Commercial Banks
BSBK,Bogota Financial Corp. Common Stock,$8.065,-0.035,-0.432%,105823728.00,United States,2020,764,Finance,Banks
BSBR,Banco Santander Brasil SA American Depositary Shares each representing one unit,$5.06,0.06,1.20%,37747554460.00,Brazil,2009,126120,Finance,Commercial Banks
BSET,Bassett Furniture Industries Incorporated Common Stock,$13.80,-0.15,-1.075%,121455691.00,United States,,11935,Consumer Discretionary,Home Furnishings
BSFC,Blue Star Foods Corp. Common Stock,$0.399,0.017,4.45%,1002072.00,United States,,1184887,,
BSGM,BioSig Technologies Inc. Common Stock,$0.9561,0.0876,10.086%,0.00,United States,,304317,,
BSIG,BrightSphere Investment Group Inc. Common Stock,$26.44,0.62,2.401%,980055049.00,United Kingdom,2014,110265,Finance,Investment Managers
BSII,Black Spade Acquisition II Co Class A Ordinary Share,$9.89,0.00,0.00%,0.00,Hong Kong,2024,2500,,
BSIIU,Black Spade Acquisition II Co Unit,$9.96,0.01,0.101%,0.00,Hong Kong,2024,55001,Finance,Blank Checks
BSIIW,Black Spade Acquisition II Co Warrant,$0.16,-0.04,-20.00%,0.00,Hong Kong,2024,174582,Finance,Blank Checks
BSL,Blackstone Senior Floating Rate 2027 Term Fund Common Shares of Beneficial Interest,$14.08,0.00,0.00%,0.00,United States,2010,53797,Finance,Trusts Except Educational Religious and Charitable
BSLK,Bolt Projects Holdings Inc. Common Stock,$0.38,-0.0249,-6.15%,2950866.00,United States,2021,129243,Industrials,Major Chemicals
BSLKW,Bolt Projects Holdings Inc. Warrant,$0.0161,-0.002,-11.05%,125024.00,United States,2021,100,Industrials,Major Chemicals
BSM,Black Stone Minerals L.P. Common units representing limited partner interests,$14.67,-0.25,-1.676%,3306624191.00,United States,2015,543213,Energy,Oil & Gas Production
BSRR,Sierra Bancorp Common Stock,$29.39,1.40,5.002%,424882266.00,United States,,31544,Finance,Major Banks
BST,BlackRock Science and Technology Trust Common Shares of Beneficial Interest,$36.27,-0.09,-0.248%,803664494.00,United States,2014,89023,Finance,Finance Companies
BSTZ,BlackRock Science and Technology Term Trust Common Shares of Beneficial Interest,$20.05,0.09,0.451%,444264492.00,United States,2019,211285,Finance,Trusts Except Educational Religious and Charitable
BSVN,Bank7 Corp. Common stock,$43.41,2.28,5.543%,405352162.00,United States,2018,32599,Finance,Major Banks
BSX,Boston Scientific Corporation Common Stock,$84.76,0.03,0.035%,124819791203.00,United States,,8882481,Health Care,Medical/Dental Instruments
BSY,Bentley Systems Incorporated Class B Common Stock,$48.86,-0.29,-0.59%,14763436264.00,United States,2020,757512,Technology,Computer Software: Prepackaged Software
BTA,BlackRock Long-Term Municipal Advantage Trust Common Shares of Beneficial Interest,$10.27,-0.13,-1.25%,0.00,United States,2006,31455,Finance,Trusts Except Educational Religious and Charitable
BTAI,BioXcel Therapeutics Inc. Common Stock,$0.667,0.0564,9.237%,27176089.00,United States,2018,471118,Health Care,Biotechnology: Pharmaceutical Preparations
BTBD,BT Brands Inc. Common Stock,$1.70,0.005,0.295%,10532659.00,United States,2021,20358,Consumer Discretionary,Restaurants
BTBDW,BT Brands Inc. Warrant,$0.07,-0.0084,-10.714%,433698.00,United States,2021,7860,Consumer Discretionary,Restaurants
BTBT,Bit Digital Inc. Ordinary Shares,$4.31,0.38,9.669%,636974900.00,United States,2018,18168713,Finance,Finance: Consumer Services
BTCM,BIT Mining Limited ADS,$2.95,0.33,12.595%,32781353.00,,2013,143409,Technology,EDP Services
BTCS,BTCS Inc. Common Stock,$1.24,0.06,5.085%,20056905.00,United States,,203671,Finance,Finance: Consumer Services
BTCT,BTC Digital Ltd. Ordinary Shares,$1.82,0.06,3.409%,4751629.00,China,,37975,Real Estate,Other Consumer Services
BTCTW,BTC Digital Ltd. Warrant,$0.02,0.0012,6.383%,52216.00,China,,10772,Real Estate,Other Consumer Services
BTDR,Bitdeer Technologies Group Class A Ordinary Shares,$9.37,1.84,24.436%,1502631481.00,Singapore,,5589935,Finance,Finance: Consumer Services
BTE,Baytex Energy Corp Common Shares,$2.85,-0.12,-4.04%,2294250000.00,Canada,2023,16571590,Energy,Oil & Gas Production
BTG,B2Gold Corp Common shares (Canada),$3.34,-0.02,-0.595%,4378065019.00,Canada,,13379587,Basic Materials,Precious Metals
BTI,British American Tobacco  Industries p.l.c. Common Stock ADR,$34.91,0.44,1.276%,77316822029.00,United Kingdom,1998,2541061,Health Care, Medicinal Chemicals and Botanical Products 
BTM,Bitcoin Depot Inc. Class A Common Stock,$1.44,0.01,0.699%,86562661.00,United States,2022,76559,Finance,Finance: Consumer Services
BTMD,Biote Corp. Class A Common Stock,$5.24,0.11,2.144%,284104275.00,United States,,44735,Health Care, Medicinal Chemicals and Botanical Products 
BTMWW,Bitcoin Depot Inc. Warrant,$0.0523,0.0022,4.391%,3143908.00,United States,2022,66588,Finance,Finance: Consumer Services
BTO,John Hancock Financial Opportunities Fund Common Stock,$34.09,0.71,2.127%,0.00,United States,1994,32466,Finance,Investment Managers
BTOC,Armlogi Holding Corp. Common Stock,$7.18,-0.32,-4.267%,298932120.00,United States,2024,538007,Consumer Discretionary,Office Equipment/Supplies/Services
BTOG,Bit Origin Limited Ordinary Shares,$1.92,-0.04,-2.041%,6491697.00,United States,2019,32470,Finance,Finance: Consumer Services
BTSG,BrightSpring Health Services Inc. Common Stock,$15.78,0.28,1.806%,2705599334.00,United States,2024,817901,Health Care,Medical/Nursing Services
BTSGU,BrightSpring Health Services Inc. Tangible Equity Unit,$58.72,0.00,0.00%,10067984341.00,United States,2024,127,Health Care,Medical/Nursing Services
BTT,BlackRock Municipal 2030 Target Term Trust,$21.18,-0.03,-0.141%,0.00,United States,2012,117413,Finance,Investment Managers
BTTR,Better Choice Company Inc. Common Stock,$1.73,0.05,2.976%,2863719.00,,2021,27744,Consumer Staples,Beverages (Production/Distribution)
BTU,Peabody Energy Corporation Common Stock ,$25.00,0.60,2.459%,3147500000.00,United States,2017,1690967,Energy,Coal Mining
BTZ,BlackRock Credit Allocation Income Trust,$10.76,-0.08,-0.738%,1163532600.00,United States,2006,225369,Finance,Finance Companies
BUD,Anheuser-Busch Inbev SA Sponsored ADR (Belgium),$64.39,0.49,0.767%,111858131765.00,Belgium,,1193809,Consumer Staples,Beverages (Production/Distribution)
BUI,BlackRock Utility Infrastructure & Power Opportunities Trust,$23.49,0.15,0.643%,0.00,United States,2011,36994,Finance,Trusts Except Educational Religious and Charitable
BUJA,Bukit Jalil Global Acquisition 1 Ltd. Ordinary Shares,$10.91,0.00,0.00%,0.00,Malaysia,2023,1,Finance,Blank Checks
BUR,Burford Capital Limited Ordinary Shares,$13.64,0.08,0.59%,2992907569.00,,2020,410635,Finance,Finance: Consumer Services
BURL,Burlington Stores Inc. Common Stock,$253.28,1.63,0.648%,16124402034.00,United States,2013,734777,Consumer Discretionary,Department/Specialty Retail Stores
BURU,Nuburu Inc. Common Stock,$0.584,-0.0649,-10.002%,2143280.00,United States,,10240217,Miscellaneous,Industrial Machinery/Components
BUSE,First Busey Corporation Class A Common Stock,$25.30,1.12,4.632%,1438424720.00,United States,,261365,Finance,Major Banks
BV,BrightView Holdings Inc. Common Stock,$16.43,0.43,2.688%,1554278000.00,United States,2018,255673,Consumer Discretionary,Business Services
BVFL,BV Financial Inc. Common Stock,$15.53,0.03,0.194%,176851338.00,United States,2023,82235,Finance,Savings Institutions
BVN,Buenaventura Mining Company Inc.,$13.15,-0.17,-1.276%,3339927301.00,Peru,1996,345645,Basic Materials,Metal Mining
BVS,Bioventus Inc. Class A Common Stock,$13.06,-0.15,-1.136%,1057515712.00,United States,2021,318192,Health Care,Medical/Dental Instruments
BW,Babcock & Wilcox Enterprises Inc. Common Stock,$2.53,0.18,7.66%,233255713.00,United States,2015,1259123,Industrials,Building Products
BW^A,Babcock & Wilcox Enterprises Inc. 7.75% Series A Cumulative Perpetual Preferred Stock,$14.69,0.08,0.548%,,United States,,9048,,
BWA,BorgWarner Inc. Common Stock,$34.41,0.81,2.411%,7837530430.00,United States,,1447927,Consumer Discretionary,Auto Parts:O.E.M.
BWAY,BrainsWay Ltd. American Depositary Shares,$10.02,0.37,3.834%,167008761.00,Israel,2019,76417,Health Care,Medical/Dental Instruments
BWB,Bridgewater Bancshares Inc. Common Stock,$14.95,0.24,1.632%,408882066.00,United States,2018,42536,Finance,Major Banks
BWBBP,Bridgewater Bancshares Inc. Depositary Shares Each Representing a 1/100th Interest in a Share of 5.875% Non-Cumulative Perpetual Preferred Stock Series A,$20.23,0.0014,0.007%,553289913.00,United States,,100,Finance,Major Banks
BWEN,Broadwind Inc. Common Stock,$2.02,-0.01,-0.493%,44410829.00,United States,,104600,Telecommunications,Metal Fabrications
BWFG,Bankwell Financial Group Inc. Common Stock,$29.03,0.98,3.494%,228083746.00,United States,2014,7010,Finance,Major Banks
BWG,BrandywineGLOBAL Global Income Opportunities Fund Inc.,$8.4336,-0.0864,-1.014%,0.00,United States,2012,57598,Finance,Finance/Investors Services
BWIN,The Baldwin Insurance Group Inc. Class A Common Stock,$50.48,0.24,0.478%,5938631008.00,United States,2019,526557,Finance,Specialty Insurers
BWLP,BW LPG Limited Common Shares,$13.30,-0.25,-1.845%,0.00,,2024,267666,Consumer Discretionary,Transportation Services
BWMN,Bowman Consulting Group Ltd. Common Stock,$20.44,0.44,2.20%,372111120.00,United States,2021,80878,Consumer Discretionary,Professional Services
BWMX,Betterware de Mexico S.A.P.I. de C.V. Ordinary Shares,$12.68,-0.16,-1.246%,473173803.00,Mexico,,33491,Consumer Discretionary,Catalog/Specialty Distribution
BWNB,Babcock & Wilcox Enterprises Inc. 6.50% Senior Notes due 2026,$22.22,-0.14,-0.626%,2048593653.00,United States,2021,2827,Industrials,Building Products
BWSN,Babcock & Wilcox Enterprises Inc. 8.125% Senior Notes due 2026,$23.94,-0.06,-0.25%,2207170660.00,United States,2021,3449,Industrials,Building Products
BWXT,BWX Technologies Inc. Common Stock,$123.76,0.73,0.593%,11314144150.00,United States,,994356,Industrials,Industrial Machinery/Components
BX,Blackstone Inc. Common Stock,$169.97,2.47,1.475%,122391441968.00,United States,2007,2141118,Finance,Investment Managers
BXC,Bluelinx Holdings Inc. Common Stock,$106.98,2.80,2.688%,912066869.00,United States,2004,68859,Consumer Discretionary,Wholesale Distributors
BXMT,Blackstone Mortgage Trust Inc. Common Stock,$18.56,0.01,0.054%,3210672109.00,United States,,1234814,Real Estate,Real Estate Investment Trusts
BXMX,Nuveen S&P 500 Buy-Write Income Fund Common Shares of Beneficial Interest,$13.74,-0.03,-0.218%,0.00,United States,,87597,Finance,Investment Managers
BXP,BXP Inc. Common Stock,$87.39,0.40,0.46%,13801831286.00,United States,1997,977727,Real Estate,Real Estate Investment Trusts
BXSL,Blackstone Secured Lending Fund Common Shares of Beneficial Interest,$31.49,0.17,0.543%,0.00,,2021,650721,Finance,Trusts Except Educational Religious and Charitable
BY,Byline Bancorp Inc. Common Stock,$27.84,0.97,3.61%,1232216552.00,United States,2017,184834,Finance,Major Banks
BYD,Boyd Gaming Corporation Common Stock,$71.65,2.29,3.302%,6574793299.00,United States,1993,1771533,Consumer Discretionary,Hotels/Resorts
BYFC,Broadway Financial Corporation Class A Common Stock,$6.61,0.02,0.303%,60362381.00,United States,,1101,Finance,Savings Institutions
BYM,Blackrock Municipal Income Quality Trust Common Shares of Beneficial Interest,$11.44,-0.08,-0.694%,0.00,United States,2002,61202,Finance,Investment Managers
BYND,Beyond Meat Inc. Common Stock,$6.58,0.26,4.114%,427952586.00,United States,2019,2268176,Consumer Staples,Packaged Foods
BYNO,byNordic Acquisition Corporation Class A Common Stock,$11.3895,-0.0055,-0.048%,0.00,Sweden,2022,3198,Finance,Blank Checks
BYON,Beyond Inc. Common Stock,$7.00,0.63,9.89%,320254732.00,United States,,5951063,Consumer Discretionary,Catalog/Specialty Distribution
BYRN,Byrna Technologies Inc. Common Stock,$14.93,-0.50,-3.24%,336065327.00,United States,,313686,Miscellaneous,Industrial Machinery/Components
BYSI,BeyondSpring Inc. Ordinary Shares,$2.20,-0.06,-2.655%,85864159.00,United States,2017,41970,Health Care,Biotechnology: Pharmaceutical Preparations
BYU,BAIYU Holdings Inc. Common Stock,$0.22,0.0089,4.216%,10987952.00,China,2013,1634837,Industrials,Steel/Iron Ore
BZ,KANZHUN LIMITED American Depository Shares,$15.26,0.37,2.485%,6713274667.00,China,2021,2382882,Technology,Computer Software: Programming Data Processing
BZFD,BuzzFeed Inc. Class A Common Stock,$2.55,0.19,8.051%,96376029.00,United States,2021,848610,Consumer Discretionary,Telecommunications Equipment
BZFDW,BuzzFeed Inc. Warrant,$0.1074,-0.0013,-1.196%,4059132.00,United States,2021,1789,Consumer Discretionary,Telecommunications Equipment
BZH,Beazer Homes USA Inc. Common Stock,$31.75,0.73,2.353%,986851849.00,United States,1994,164070,Consumer Discretionary,Homebuilding
BZUN,Baozun Inc. American Depositary Shares,$3.25,0.09,2.848%,196302837.00,China,2015,769082,Consumer Discretionary,Catalog/Specialty Distribution
C,Citigroup Inc. Common Stock,$64.16,2.40,3.886%,122404141636.00,United States,,14636245,Finance,Major Banks
C^N,Citigroup Capital XIII 7.875% Fixed rate Floating Rate trust Preferred Securities (TruPS),$30.89,0.24,0.783%,,United States,,83722,,
CAAP,Corporacion America Airports SA Common Shares,$18.98,0.24,1.281%,3097966979.00,,2018,76222,Consumer Discretionary,Aerospace
CAAS,China Automotive Systems Inc. Common Stock,$4.57,0.27,6.279%,137948658.00,China,,205214,Consumer Discretionary,Auto Parts:O.E.M.
CABA,Cabaletta Bio Inc. Common Stock,$4.10,0.19,4.859%,200279559.00,United States,2019,706858,Health Care,Biotechnology: Biological Products (No Diagnostic Substances)
CABO,Cable One Inc. Common Stock,$344.31,0.66,0.192%,1934707156.00,United States,2015,51029,Telecommunications,Cable & Other Pay Television Services
CAC,Camden National Corporation Common Stock,$41.47,1.29,3.211%,604405303.00,United States,,75303,Finance,Major Banks
CACC,Credit Acceptance Corporation Common Stock,$465.59,-4.24,-0.902%,5638841037.00,United States,1992,65765,Finance,Finance: Consumer Services
CACI,CACI International Inc. Class A Common Stock,$547.78,0.42,0.077%,12274738598.00,United States,,123628,Technology,EDP Services
CADE,Cadence Bank Common Stock,$33.83,0.74,2.236%,6178068261.00,United States,,929036,Finance,Major Banks
CADE^A,Cadence Bank 5.50% Series A ,$22.78,-0.04,-0.175%,,United States,,7682,,
CADL,Candel Therapeutics Inc. Common Stock,$5.51,-0.09,-1.607%,176787121.00,United States,2021,419604,Health Care,Biotechnology: Biological Products (No Diagnostic Substances)
CAE,CAE Inc. Ordinary Shares,$18.72,0.15,0.808%,5966380368.00,Canada,,277113,Miscellaneous,Industrial Machinery/Components
CAF,Morgan Stanley China A Share Fund Inc. Common Stock,$13.11,0.03,0.229%,0.00,United States,2006,38028,Finance,Investment Managers
CAG,ConAgra Brands Inc. Common Stock,$29.76,0.33,1.121%,14203644659.00,United States,,2426868,Consumer Staples,Packaged Foods
CAH,Cardinal Health Inc. Common Stock,$110.87,-0.02,-0.018%,27035133178.00,United States,,1227070,Health Care,Other Pharmaceuticals
CAKE,Cheesecake Factory Incorporated (The) Common Stock,$43.25,1.21,2.878%,2200214519.00,United States,1992,1277668,Consumer Discretionary,Restaurants
CAL,Caleres Inc. Common Stock,$30.69,1.97,6.859%,1080332378.00,United States,,586628,Consumer Discretionary,Shoe Manufacturing
CALC,CalciMedica Inc. Common Stock,$3.94,-0.085,-2.112%,42355615.00,United States,2023,5307,Health Care,Biotechnology: Pharmaceutical Preparations
CALM,Cal-Maine Foods Inc. Common Stock,$90.16,0.73,0.816%,4421138233.00,United States,1996,444547,Consumer Staples,Farming/Seeds/Milling
CALX,Calix Inc Common Stock,$39.47,1.45,3.814%,2597146643.00,United States,2010,921758,Consumer Discretionary,Telecommunications Equipment
CAMP,CAMP4 Therapeutics Corporation Common Stock,$11.11,-0.08,-0.715%,0.00,United States,2024,49927,,
CAMT,Camtek Ltd. Ordinary Shares,$79.16,1.50,1.931%,3554412398.00,Israel,2000,329644,Technology,Electronic Components
CAN,Canaan Inc. American Depositary Shares,$1.06,0.0889,9.155%,269528226.00,China,2019,6535511,Technology,Semiconductors
CANF,Can-Fite Biopharma Ltd Sponsored ADR (Israel),$2.41,-0.12,-4.743%,13423700.00,Israel,,68490,Health Care,Biotechnology: Pharmaceutical Preparations
CANG,Cango Inc. American Depositary Shares  each representing two (2) Class A Ordinary Shares,$2.49,0.27,12.162%,271205581.00,,2018,553743,Technology,Computer Software: Prepackaged Software
CAPL,CrossAmerica Partners LP Common Units representing limited partner interests,$21.36,-0.07,-0.327%,812677256.00,United States,2012,12767,Energy,Oil Refining/Marketing
CAPN,Cayson Acquisition Corp Ordinary shares,$9.97,0.01,0.10%,0.00,United States,2024,4108,,
CAPNR,Cayson Acquisition Corp Right,$0.11,-0.02,-15.385%,0.00,United States,2024,250951,Finance,Blank Checks
CAPNU,Cayson Acquisition Corp Unit,$10.0976,0.0376,0.374%,0.00,United States,2024,700,,
CAPR,Capricor Therapeutics Inc. Common Stock,$21.46,-0.32,-1.469%,698285438.00,United States,,1018588,Health Care,Biotechnology: Pharmaceutical Preparations
CAPT,Captivision Inc. Ordinary Shares,$1.64,0.04,2.50%,47818533.00,United Kingdom,,59548,Miscellaneous,Industrial Machinery/Components
CAPTW,Captivision Inc. Warrant,$0.0284,-0.007,-19.774%,828077.00,United Kingdom,,29000,Miscellaneous,Industrial Machinery/Components
CAR,Avis Budget Group Inc. Common Stock,$85.44,3.08,3.74%,3047141986.00,United States,,917666,Consumer Discretionary,Rental/Leasing Companies
CARA,Cara Therapeutics Inc. Common Stock,$0.27,0.002,0.746%,14808593.00,United States,2014,224330,Health Care,Biotechnology: Pharmaceutical Preparations
CARE,Carter Bankshares Inc. Common Stock,$18.58,0.36,1.976%,428691695.00,United States,,53145,Finance,Major Banks
CARG,CarGurus Inc. Class A Common Stock ,$31.59,0.06,0.19%,3265422919.00,United States,2017,503376,Technology,EDP Services
CARM,Carisma Therapeutics Inc. Common Stock,$0.9972,-0.0028,-0.28%,41428649.00,United States,2014,144622,Health Care,Biotechnology: Pharmaceutical Preparations
CARR,Carrier Global Corporation Common Stock ,$75.66,1.94,2.632%,68302210948.00,United States,2020,4731997,Industrials,Industrial Machinery/Components
CARS,Cars.com Inc. Common Stock ,$16.15,0.40,2.54%,1066223937.00,United States,2017,295021,Technology,EDP Services
CART,Maplebear Inc. Common Stock,$44.50,-0.04,-0.09%,11605807415.00,United States,2023,2538044,Consumer Discretionary,Business Services
CARV,Carver Bancorp Inc. Common Stock,$1.80,0.05,2.857%,9189551.00,United States,,13380,Finance,Savings Institutions
CASH,Pathward Financial Inc. Common Stock,$70.39,1.93,2.819%,1758133142.00,United States,1993,146499,Finance,Major Banks
CASI,CASI Pharmaceuticals Inc. Ordinary Shares,$5.87,-0.63,-9.692%,90752883.00,United States,,43762,Health Care,Biotechnology: Pharmaceutical Preparations
CASS,Cass Information Systems Inc Common Stock,$43.13,0.96,2.276%,587695461.00,United States,,39310,Consumer Discretionary,Business Services
CASY,Casey's General Stores Inc. Common Stock,$400.61,9.48,2.424%,14869033549.00,United States,1983,198535,Consumer Discretionary,Retail-Auto Dealers and Gas Stations
CAT,Caterpillar Inc. Common Stock,$390.61,4.64,1.202%,189406053091.00,United States,,3212795,Industrials,Construction/Ag Equipment/Trucks
CATO,Cato Corporation (The) Class A Common Stock,$6.22,0.36,6.143%,127934708.00,United States,,310533,Consumer Discretionary,Clothing/Shoe/Accessory Stores
CATX,Perspective Therapeutics Inc. Common Stock,$11.91,0.38,3.296%,803091300.00,United States,,746732,Health Care,Medical/Dental Instruments
CATY,Cathay General Bancorp Common Stock,$46.46,1.63,3.636%,3353038317.00,United States,,265127,Finance,Major Banks
CAVA,CAVA Group Inc. Common Stock,$138.47,2.38,1.749%,15829970851.00,United States,2023,1914860,Consumer Discretionary,Restaurants
CB,Chubb Limited  Common Stock,$290.02,2.03,0.705%,117207138444.00,Switzerland,,893335,Finance,Property-Casualty Insurers
CBAN,Colony Bankcorp Inc. Common Stock,$14.91,0.06,0.404%,262265170.00,United States,,23079,Finance,Major Banks
CBAT,CBAK Energy Technology Inc. Common Stock,$1.135,0.035,3.182%,102080981.00,China,,442795,Miscellaneous,Industrial Machinery/Components
CBFV,CB Financial Services Inc. Common Stock,$28.48,-0.02,-0.07%,146441625.00,United States,,3686,Finance,Major Banks
CBL,CBL & Associates Properties Inc. Common Stock,$27.08,0.37,1.385%,852121106.00,United States,2021,73255,Real Estate,Real Estate Investment Trusts
CBLL,CeriBell Inc. Common Stock,$25.96,-0.32,-1.218%,883124258.00,United States,2024,145338,Health Care,Biotechnology: Electromedical & Electrotherapeutic Apparatus
CBNA,Chain Bridge Bancorp Inc. Class A Common Stock,$21.15,0.09,0.427%,135760158.00,,2024,11708,Finance,Major Banks
CBNK,Capital Bancorp Inc. Common Stock,$25.43,1.31,5.431%,353803648.00,United States,2018,50680,Finance,Major Banks
CBOE,Cboe Global Markets Inc. Common Stock,$212.94,0.12,0.056%,23810684625.00,,2010,546797,Finance,Investment Bankers/Brokers/Service
CBRE,CBRE Group Inc Common Stock Class A,$131.59,-0.95,-0.717%,40268906515.00,United States,,2427751,Finance,Real Estate
CBRG,Chain Bridge I Class A Ordinary Shares,$11.39,0.00,0.00%,0.00,United States,2021,7,Finance,Blank Checks
CBRL,Cracker Barrel Old Country Store Inc Common Stock,$49.95,2.67,5.647%,1109105384.00,United States,1981,533206,Consumer Discretionary,Restaurants
CBSH,Commerce Bancshares Inc. Common Stock,$62.28,1.08,1.765%,8029002515.00,United States,,457199,Finance,Major Banks
CBT,Cabot Corporation Common Stock,$110.26,1.00,0.915%,6044874503.00,United States,,262243,Industrials,Major Chemicals
CBU,Community Financial System Inc. Common Stock,$61.00,4.48,7.926%,3205165883.00,United States,,283834,Finance,Major Banks
CBUS,Cibus Inc. Class A Common Stock,$4.05,0.12,3.053%,106114232.00,United States,2017,73531,Industrials,Agricultural Chemicals
CBZ,CBIZ Inc. Common Stock,$66.86,0.47,0.708%,3353806782.00,United States,,339445,Consumer Discretionary,Business Services
CC,Chemours Company (The) Common Stock,$18.48,0.16,0.873%,2758507419.00,United States,2015,1160576,Industrials,Major Chemicals
CCAP,Crescent Capital BDC Inc. Common stock,$18.50,0.11,0.598%,685638620.00,United States,,105905,Finance,Finance: Consumer Services
CCB,Coastal Financial Corporation Common Stock,$63.63,5.18,8.862%,856226469.00,United States,2018,91196,Finance,Major Banks
CCBG,Capital City Bank Group Common Stock,$35.43,1.02,2.964%,600246840.00,United States,,14846,Finance,Major Banks
CCCC,C4 Therapeutics Inc. Common Stock,$6.00,0.11,1.868%,416026518.00,United States,2020,638888,Health Care,Biotechnology: Biological Products (No Diagnostic Substances)
CCCS,CCC Intelligent Solutions Holdings Inc. Common Stock,$10.95,-0.05,-0.455%,6826234084.00,United States,,3301002,Technology,Computer Software: Prepackaged Software
CCD,Calamos Dynamic Convertible & Income Fund Common Stock,$24.60,-0.10,-0.405%,0.00,United States,,92228,Finance,Trusts Except Educational Religious and Charitable
CCEC,Capital Clean Energy Carriers Corp. Common Share,$18.77,-0.52,-2.696%,1039627373.00,Greece,2007,21583,Consumer Discretionary,Marine Transportation
CCEL,Cryo-Cell International Inc. Common Stock,$5.94,-0.11,-1.818%,47889224.00,United States,2022,19388,Health Care,Misc Health and Biotechnology Services
CCEP,Coca-Cola Europacific Partners plc Ordinary Shares,$77.49,-0.49,-0.628%,35717747299.00,United Kingdom,,759341,Consumer Staples,Beverages (Production/Distribution)
CCG,Cheche Group Inc. Class A Ordinary Shares,$0.7916,0.0017,0.215%,59718865.00,China,,107095,Finance,Specialty Insurers
CCGWW,Cheche Group Inc. Warrant,$0.0158,0.0001,0.637%,1191963.00,China,,3000,Finance,Specialty Insurers
CCI,Crown Castle Inc. Common Stock,$109.05,0.14,0.129%,47389563847.00,United States,,1727187,Real Estate,Real Estate Investment Trusts
CCIA,Carlyle Credit Income Fund 8.75% Series A Preferred Shares due 2028,$25.77,0.01,0.039%,0.00,,2023,1086,,
CCIF,Carlyle Credit Income Fund Shares of Beneficial Interest,$8.23,0.00,0.00%,0.00,,2019,86757,Finance,Finance/Investors Services
CCIRU,Cohen Circle Acquisition Corp. I Unit,$10.00,0.01,0.10%,0.00,United States,2024,667,Finance,Blank Checks
CCIX,Churchill Capital Corp IX Ordinary Shares,$10.05,-0.0099,-0.098%,0.00,United States,2024,117642,,
CCIXU,Churchill Capital Corp IX Unit,$10.20,-0.04,-0.391%,0.00,United States,2024,290,,
CCIXW,Churchill Capital Corp IX Warrant,$0.345,0.0719,26.327%,0.00,United States,2024,394,,
CCJ,Cameco Corporation Common Stock,$55.17,1.38,2.566%,24008912157.00,Canada,1996,4264690,Basic Materials,Other Metals and Minerals
CCK,Crown Holdings Inc.,$95.08,1.38,1.473%,11470505871.00,United States,,706330,Industrials,Containers/Packaging
CCL,Carnival Corporation Common Stock,$21.92,1.01,4.83%,29413289769.00,United States,1987,32033505,Consumer Discretionary,Marine Transportation
CCLD,CareCloud Inc. Common Stock,$2.45,0.04,1.66%,39723337.00,United States,2014,47682,Technology,Computer Software: Prepackaged Software
CCLDO,CareCloud Inc. 8.75% Series B Cumulative Redeemable Perpetual Preferred Stock,$12.245,0.745,6.478%,198535618.00,United States,,20764,Technology,Computer Software: Prepackaged Software
CCLDP,CareCloud Inc. 11% Series A Cumulative Redeemable Perpetual Preferred Stock,$12.0165,0.8264,7.385%,194830809.00,United States,,11543,Technology,Computer Software: Prepackaged Software
CCM,Concord Medical Services Holdings Limited American Depositary Shares (Each represents thirty (30) Class A ordinary shares),$7.45,-0.21,-2.742%,32345836.00,China,2024,7670,Health Care,Medical/Nursing Services
CCNE,CNB Financial Corporation Common Stock,$26.00,0.80,3.175%,545941916.00,United States,,49993,Finance,Major Banks
CCNEP,CNB Financial Corporation Depositary Shares each representing a 1/40th ownership interest in a share of 7.125% Series A Fixed-Rate Non-Cumulative Perpetual Preferred Stock,$24.86,-0.1399,-0.56%,522004463.00,United States,,236,Finance,Major Banks
CCO,Clear Channel Outdoor Holdings Inc. Common Stock,$1.57,-0.05,-3.086%,767646738.00,United States,2005,657632,Consumer Discretionary,Advertising
CCOI,Cogent Communications Holdings Inc.,$81.60,-0.28,-0.342%,3998739456.00,United States,,350120,Consumer Discretionary,Telecommunications Equipment
CCRD,CoreCard Corporation Common Stock,$13.86,0.23,1.687%,111219819.00,United States,1986,36506,Technology,Computer Software: Prepackaged Software
CCRN,Cross Country Healthcare Inc. Common Stock $0.0001 Par Value,$11.81,0.24,2.074%,399279684.00,United States,2001,489310,Consumer Discretionary,Professional Services
CCS,Century Communities Inc. Common Stock,$91.32,0.97,1.074%,2861700502.00,United States,2014,246496,Consumer Discretionary,Homebuilding
CCSI,Consensus Cloud Solutions Inc. Common Stock,$21.49,1.27,6.281%,414696978.00,United States,,142627,Technology,Computer Software: Prepackaged Software
CCTG,CCSC Technology International Holdings Limited Class A Ordinary Shares,$2.56,0.16,6.667%,29648000.00,Hong Kong,2024,354750,Consumer Discretionary,Building Products
CCTS,Cactus Acquisition Corp. 1 Limited Class A Ordinary Share,$11.64,0.00,0.00%,0.00,United States,2021,6,Finance,Blank Checks
CCTSW,Cactus Acquisition Corp. 1 Limited Warrant,$0.03,0.00,0.00%,0.00,United States,2021,16187,Finance,Blank Checks
CCU,Compania Cervecerias Unidas S.A. Common Stock,$11.55,0.08,0.697%,2133879086.00,Chile,,74269,Consumer Staples,Beverages (Production/Distribution)
CCZ,Comcast Holdings ZONES,$60.75,0.35,0.579%,235254473597.00,United States,,11407,Telecommunications,Cable & Other Pay Television Services
CDE,Coeur Mining Inc. Common Stock,$6.74,-0.06,-0.882%,2690924281.00,United States,,6687556,Basic Materials,Precious Metals
CDIO,Cardio Diagnostics Holdings Inc. Common stock,$0.3118,0.0888,39.821%,7465255.00,United States,2022,9681731,Health Care,Biotechnology: In Vitro & In Vivo Diagnostic Substances
CDIOW,Cardio Diagnostics Holdings Inc. Warrant,$0.0323,0.00,0.00%,773341.00,United States,2022,2236,Health Care,Biotechnology: In Vitro & In Vivo Diagnostic Substances
CDLR,Cadeler A/S American Depositary Share (each representing four (4) Ordinary Shares),$26.45,-0.70,-2.578%,2319400500.00,,2023,25373,Consumer Discretionary,Marine Transportation
CDLX,Cardlytics Inc. Common Stock,$4.04,0.16,4.124%,201354020.00,United States,2018,533526,Technology,Computer Software: Programming Data Processing
CDMO,Avid Bioservices Inc. Common Stock,$10.10,0.10,1.00%,644330591.00,United States,,383426,Health Care,Biotechnology: Pharmaceutical Preparations
CDNA,CareDx Inc. Common Stock,$22.89,0.50,2.233%,1207218783.00,United States,2014,668528,Health Care,Medical Specialities
CDNS,Cadence Design Systems Inc. Common Stock,$252.77,-4.53,-1.761%,69213481400.00,United States,,3151365,Technology,Computer Software: Prepackaged Software
CDP,COPT Defense Properties Common Shares of Beneficial Interest,$32.56,0.27,0.836%,3667887744.00,United States,,1499370,Real Estate,Real Estate Investment Trusts
CDR^B,Cedar Realty Trust Inc. 7.25% Series B Cumulative Redeemable Preferred Stock,$15.545,0.0909,0.588%,,United States,,997,,
CDR^C,Cedar Realty Trust Inc. 6.50% Series C Cumulative Redeemable Preferred Stock,$13.9914,-0.1986,-1.40%,,United States,,4967,,
CDRE,Cadre Holdings Inc. Common Stock,$37.29,0.17,0.458%,1514271873.00,United States,2021,146553,Health Care,Industrial Specialties
CDRO,Codere Online Luxembourg S.A. Ordinary Shares,$7.94,-0.07,-0.874%,359682000.00,Luxembourg,,98701,Consumer Discretionary,Services-Misc. Amusement & Recreation
CDT,Conduit Pharmaceuticals Inc. Common Stock,$0.1084,-0.0037,-3.301%,10406909.00,United States,2022,4185130,Health Care,Biotechnology: Pharmaceutical Preparations
CDTG,CDT Environmental Technology Investment Holdings Limited ordinary shares,$2.63,-0.04,-1.498%,28141000.00,China,2024,12484,Industrials,Miscellaneous
CDTTW,Conduit Pharmaceuticals Inc. Warrant,$0.01,0.00,0.00%,960047.00,United States,2022,20,Health Care,Biotechnology: Pharmaceutical Preparations
CDTX,Cidara Therapeutics Inc. Common Stock,$12.47,-0.13,-1.032%,87766865.00,United States,2015,8424,Health Care,Biotechnology: Biological Products (No Diagnostic Substances)
CDW,CDW Corporation Common Stock,$218.50,1.49,0.687%,29186258986.00,United States,2013,1216673,Consumer Discretionary,Catalog/Specialty Distribution
CDXC,ChromaDex Corporation Common Stock,$3.67,0.20,5.764%,278674613.00,United States,,249288,Health Care, Medicinal Chemicals and Botanical Products 
CDXS,Codexis Inc. Common Stock,$3.18,0.27,9.278%,225549059.00,United States,2010,608220,Industrials,Major Chemicals
CDZI,CADIZ Inc. Common Stock,$3.11,0.12,4.013%,211157061.00,United States,,175827,Utilities,Water Supply
CDZIP,Cadiz Inc. Depositary Shares,$15.2761,0.1761,1.166%,1037188545.00,United States,,4632,Utilities,Water Supply
CE,Celanese Corporation Common Stock,$129.97,1.10,0.854%,14201065605.00,United States,2005,418354,Industrials,Major Chemicals
CEAD,CEA Industries Inc. Common Stock,$6.805,-0.1339,-1.93%,5386702.00,United States,,4105,Industrials,Industrial Machinery/Components
CEADW,CEA Industries Inc. Warrant,$0.0085,-0.0035,-29.167%,6728.00,United States,,1000,Industrials,Industrial Machinery/Components
CECO,CECO Environmental Corp. Common Stock,$26.31,-0.46,-1.718%,919811334.00,United States,1998,191632,Industrials,Pollution Control Equipment
CEE,The Central and Eastern Europe Fund Inc. (The) Common Stock,$10.61,0.24,2.314%,0.00,United States,,84763,Finance,Finance Companies
CEG,Constellation Energy Corporation Common Stock ,$266.98,2.57,0.972%,83481730578.00,United States,,1542504,Utilities,Electric Utilities: Central
CEIX,CONSOL Energy Inc. Common Stock ,$109.35,1.57,1.457%,3214149263.00,United States,2017,238665,Energy,Coal Mining
CELC,Celcuity Inc. Common Stock,$15.74,0.13,0.833%,582832257.00,United States,2017,96042,Health Care,Medical Specialities
CELH,Celsius Holdings Inc. Common Stock,$31.40,-0.26,-0.821%,7318324022.00,United States,,5448592,Consumer Staples,Beverages (Production/Distribution)
CELU,Celularity Inc. Class A Common Stock,$1.7089,-0.1511,-8.124%,37569507.00,United States,2019,52451,Health Care,Biotechnology: Pharmaceutical Preparations
CELUW,Celularity Inc. Warrant,$0.0188,0.00,0.00%,413311.00,United States,2019,2,Health Care,Biotechnology: Pharmaceutical Preparations
CELZ,Creative Medical Technology Holdings Inc. Common Stock,$3.94,0.69,21.231%,5272216.00,United States,,78913,Finance,Finance: Consumer Services
CENN,Cenntro Inc. Common Stock,$1.36,0.065,5.019%,41927161.00,New Zealand,,173323,Consumer Discretionary,Auto Manufacturing
CENT,Central Garden & Pet Company Common Stock,$34.25,0.65,1.935%,2309262650.00,United States,1993,54527,Consumer Discretionary,Consumer Specialties
CENTA,Central Garden & Pet Company Class A Common Stock Nonvoting,$29.51,0.53,1.829%,1989674184.00,United States,,169971,Consumer Discretionary,Consumer Specialties
CENX,Century Aluminum Company Common Stock,$18.23,-0.03,-0.164%,1691482436.00,United States,1996,814815,Industrials,Aluminum
CEP,Cantor Equity Partners Inc. Class A Ordinary Shares,$10.06,-0.04,-0.396%,289087922.00,United States,2024,293,Finance,Investment Managers
CEPU,Central Puerto S.A. American Depositary Shares (each represents ten Common Shares),$11.22,-0.04,-0.355%,1698732976.00,,2018,391313,Utilities,Electric Utilities: Central
CERO,CERo Therapeutics Holdings Inc. Common Stock,$0.0758,-0.0012,-1.558%,3846058.00,United States,2021,2111615,Health Care,Biotechnology: Biological Products (No Diagnostic Substances)
CEROW,CERo Therapeutics Holdings Inc. Warrants,$0.006,0.0012,25.00%,304437.00,United States,2021,11530,Health Care,Biotechnology: Biological Products (No Diagnostic Substances)
CERS,Cerus Corporation Common Stock,$1.72,0.05,2.994%,318711198.00,United States,1997,3167613,Technology,EDP Services
CERT,Certara Inc. Common Stock,$10.42,0.22,2.157%,1676460817.00,United States,2020,1706162,Technology,Computer Software: Prepackaged Software
CET,Central Securities Corporation Common Stock,$46.9874,0.3474,0.745%,11372134882.00,United States,1951,21251,Finance,Finance/Investors Services
CETX,Cemtrex Inc. Common Stock,$0.2719,-0.0181,-6.241%,79021.00,United States,,14076410,Technology,Electrical Products
CETY,Clean Energy Technologies Inc. Common Stock,$0.67,-0.0203,-2.941%,29866175.00,United States,,22072,Consumer Discretionary,Metal Fabrications
CEV,Eaton Vance California Municipal Income Trust Shares of Beneficial Interest,$10.49,-0.07,-0.663%,73782202.00,United States,1999,33388,Finance,Finance/Investors Services
CEVA,CEVA Inc. Common Stock,$24.37,0.42,1.754%,577226382.00,United States,,91719,Technology,Computer Software: Programming Data Processing
CF,CF Industries Holdings Inc. Common Stock,$81.91,-1.28,-1.539%,14777570346.00,United States,2005,1907875,Industrials,Agricultural Chemicals
CFB,CrossFirst Bankshares Inc. Common Stock,$16.41,0.84,5.395%,808792893.00,United States,2019,171356,Finance,Major Banks
CFBK,CF Bankshares Inc. Common Stock,$25.43,0.00,0.00%,162449637.00,United States,,716,Finance,Major Banks
CFFI,C&F Financial Corporation Common Stock,$61.78,0.61,0.997%,201829206.00,United States,,5841,Finance,Major Banks
CFFN,Capitol Federal Financial Inc. Common Stock,$6.65,0.14,2.151%,882699487.00,United States,,652619,Finance,Savings Institutions
CFFS,CF Acquisition Corp. VII Class A Common Stock,$11.10,0.00,0.00%,0.00,United States,2022,307,Finance,Blank Checks
CFFSW,CF Acquisition Corp. VII Warrant,$0.0452,-0.027,-37.396%,0.00,United States,2022,121,Finance,Blank Checks
CFG,Citizens Financial Group Inc. Common Stock,$42.74,1.23,2.963%,19160361917.00,United States,2014,4162989,Finance,Major Banks
CFG^E,Citizens Financial Group Inc. Depositary Shares Each Representing 1/40th Interest in a Share of 5.000% Fixed-Rate Non-Cumulative Perpetual Preferred Stock Series E,$21.76,-0.04,-0.183%,,United States,,17688,,
CFG^H,Citizens Financial Group Inc. Depositary Shares Each Representing a 1/40th Interest in a Share of 7.375% Fixed-Rate Non-Cumulative Perpetual Preferred Stock Series H,$27.15,0.02,0.074%,,United States,,23479,,
CFLT,Confluent Inc. Class A Common Stock,$22.60,0.07,0.311%,7293551077.00,United States,2021,2554884,Technology,Computer Software: Prepackaged Software
CFR,Cullen/Frost Bankers Inc. Common Stock,$132.35,4.93,3.869%,8473176438.00,United States,,648739,Finance,Major Banks
CFR^B,Cullen/Frost Bankers Inc. Depositary Shares each representing a 1/40th ownership interest in a share of 4.450% non-cumulative perpetual preferred stock Series B,$20.44,0.01,0.049%,,United States,,8857,,
CFSB,CFSB Bancorp Inc. Common Stock,$6.89,0.09,1.324%,45619737.00,United States,2022,7013,Finance,Savings Institutions
CG,The Carlyle Group Inc. Common Stock,$50.92,0.70,1.394%,18146624980.00,United States,2012,1044569,Finance,Investment Managers
CGA,China Green Agriculture Inc. Common Stock,$1.8999,0.0199,1.059%,28106243.00,China,,3952,Industrials,Agricultural Chemicals
CGABL,The Carlyle Group Inc. 4.625% Subordinated Notes due 2061,$20.015,-0.045,-0.224%,7132849548.00,United States,,7613,Finance,Investment Managers
CGAU,Centerra Gold Inc. Common Shares,$7.16,-0.09,-1.241%,1523102279.00,Canada,2021,544488,Basic Materials,Precious Metals
CGBD,Carlyle Secured Lending Inc. Common Stock,$17.36,0.16,0.93%,882729231.00,United States,2017,120717,Finance,Finance: Consumer Services
CGBDL,Carlyle Secured Lending Inc. 8.20% Notes due 2028,$25.8999,-0.0001,0.00%,1316969977.00,United States,,11786,,
CGBS,Crown LNG Holdings Limited Ordinary Shares,$0.2913,-0.0064,-2.15%,20093695.00,Jersey,,407145,Utilities,Oil/Gas Transmission
CGBSW,Crown LNG Holdings Limited Warrants,$0.03,0.00,0.00%,2069382.00,Jersey,,28522,Utilities,Oil/Gas Transmission
CGC,Canopy Growth Corporation Common Shares,$5.40,-0.04,-0.735%,553279081.00,Canada,,7674176,Health Care, Medicinal Chemicals and Botanical Products 
CGEM,Cullinan Therapeutics Inc. Common Stock,$16.15,0.19,1.19%,936322752.00,United States,2021,324930,Health Care,Biotechnology: Biological Products (No Diagnostic Substances)
CGEN,Compugen Ltd. Ordinary Shares,$1.69,-0.01,-0.588%,146387800.00,Israel,2000,267813,Health Care,Biotechnology: Biological Products (No Diagnostic Substances)
CGNT,Cognyte Software Ltd. Ordinary Shares,$6.70,0.09,1.362%,475676785.00,Israel,,229926,Technology,Computer Software: Prepackaged Software
CGNX,Cognex Corporation Common Stock,$39.22,0.38,0.978%,6726262749.00,United States,1989,1434694,Industrials,Industrial Machinery/Components
CGO,Calamos Global Total Return Fund Common Stock,$12.00,-0.21,-1.72%,0.00,United States,2005,34698,Finance,Investment Managers
CGON,CG Oncology Inc. Common stock,$37.29,0.91,2.501%,0.00,United States,2024,243593,,
CGTX,Cognition Therapeutics Inc. Common Stock,$0.5421,-0.0228,-4.036%,21756078.00,United States,2021,932453,Health Care,Biotechnology: Biological Products (No Diagnostic Substances)
CHARU,Charlton Aria Acquisition Corporation Units,$9.97,0.01,0.10%,0.00,United States,2024,318480,,
CHCI,Comstock Holding Companies Inc. Class A Common Stock,$11.09,0.20,1.837%,109367695.00,United States,2004,28776,Finance,Real Estate
CHCO,City Holding Company Common Stock,$118.35,3.08,2.672%,1739937319.00,United States,,30881,Finance,Major Banks
CHCT,Community Healthcare Trust Incorporated Common Stock,$17.73,0.11,0.624%,497454457.00,United States,2015,320813,Real Estate,Real Estate Investment Trusts
CHD,Church & Dwight Company Inc. Common Stock,$101.05,0.21,0.208%,24738551809.00,United States,,1736958,Consumer Discretionary,Package Goods/Cosmetics
CHDN,Churchill Downs Incorporated Common Stock,$141.17,0.92,0.656%,10375534927.00,United States,,569622,Consumer Discretionary,Services-Misc. Amusement & Recreation
CHE,Chemed Corp,$608.85,5.87,0.973%,9163275304.00,United States,,80648,Health Care,Medical/Nursing Services
CHEF,The Chefs' Warehouse Inc. Common Stock,$40.87,1.51,3.836%,1627707952.00,United States,2011,418663,Consumer Discretionary,Food Distributors
CHEK,Check-Cap Ltd. Ordinary Share,$1.18,0.0305,2.653%,6903909.00,Israel,2015,40455,Health Care,Medical Electronics
CHGG,Chegg Inc. Common Stock,$1.71,0.11,6.875%,177275493.00,United States,2013,3732541,Real Estate,Other Consumer Services
CHH,Choice Hotels International Inc. Common Stock,$140.84,-0.65,-0.459%,6649667364.00,United States,,335073,Consumer Discretionary,Hotels/Resorts
CHI,Calamos Convertible Opportunities and Income Fund Common Stock,$11.69,0.04,0.343%,0.00,United States,2002,122324,Finance,Investment Managers
CHKP,Check Point Software Technologies Ltd. Ordinary Shares,$207.96,0.80,0.386%,23480020559.00,Israel,1996,1065540,Technology,Computer Software: Prepackaged Software
CHMG,Chemung Financial Corp Common Stock,$47.23,0.44,0.94%,224627014.00,United States,,9106,Finance,Major Banks
CHMI,Cherry Hill Mortgage Investment Corporation Common Stock,$3.35,-0.04,-1.18%,100768523.00,,2013,187731,Real Estate,Real Estate Investment Trusts
CHMI^A,Cherry Hill Mortgage Investment Corporation 8.20% Series A Cumulative Redeemable Preferred Stock,$23.82,0.0353,0.148%,,,,1539,,
CHMI^B,Cherry Hill Mortgage Investment Corporation 8.250% Series B Fixed-to-Floating Rate Cumulative Redeemable Preferred Stock,$24.75,0.05,0.202%,,,,4636,,
CHN,China Fund Inc. (The) Common Stock,$12.74,0.21,1.676%,0.00,United States,,4891,Finance,Investment Managers
CHNR,China Natural Resources Inc. Common Stock,$0.731,0.0009,0.123%,7211876.00,Hong Kong,,16215,Basic Materials,Precious Metals
CHPT,ChargePoint Holdings Inc. Common Stock,$1.28,0.01,0.787%,552423137.00,United States,2019,10519914,Consumer Discretionary,Industrial Specialties
CHR,Cheer Holding Inc. Class A Ordinary Share,$2.945,-0.0651,-2.163%,29656185.00,China,2018,27251,Technology,EDP Services
CHRD,Chord Energy Corporation Common Stock,$126.42,-2.43,-1.886%,7822815872.00,United States,,706635,Energy,Oil & Gas Production
CHRO,Chromocell Therapeutics Corporation Common Stock,$0.6002,-0.0698,-10.418%,3461176.00,,2024,136690,Health Care,Biotechnology: Biological Products (No Diagnostic Substances)
CHRS,Coherus BioSciences Inc. Common Stock,$0.7215,-0.0625,-7.972%,83122993.00,United States,2014,3885222,Health Care,Biotechnology: Biological Products (No Diagnostic Substances)
CHRW,C.H. Robinson Worldwide Inc. Common Stock,$108.94,0.82,0.758%,12776835621.00,United States,1997,1123492,Consumer Discretionary,Oil Refining/Marketing
CHSCL,CHS Inc Class B Cumulative Redeemable Preferred Stock Series 4,$26.14,-0.04,-0.153%,320790158.00,United States,,42188,Industrials,Farming/Seeds/Milling
CHSCM,CHS Inc Class B Reset Rate Cumulative Redeemable Preferred Stock Series 3,$25.47,0.03,0.118%,312567916.00,United States,,7429,Industrials,Farming/Seeds/Milling
CHSCN,CHS Inc Preferred Class B Series 2 Reset Rate,$25.6201,0.0001,0.00%,314409944.00,United States,,8399,Industrials,Farming/Seeds/Milling
CHSCO,CHS Inc. Class B Cumulative Redeemable Preferred Stock,$26.8312,-0.0488,-0.182%,329272567.00,United States,,6245,Industrials,Farming/Seeds/Milling
CHSCP,CHS Inc. 8%  Cumulative Redeemable Preferred Stock,$30.28,-0.424,-1.381%,371596251.00,United States,,4715,Industrials,Farming/Seeds/Milling
CHSN,Chanson International Holding Class A Ordinary Shares,$12.82,2.26,21.402%,159292590.00,China,2023,274588,Consumer Staples,Packaged Foods
CHT,Chunghwa Telecom Co. Ltd.,$37.90,0.11,0.291%,29400722425.00,Taiwan,,83862,Telecommunications,Telecommunications Equipment
CHTR,Charter Communications Inc. Class A Common Stock New,$329.67,-6.33,-1.884%,47057487118.00,United States,,852151,Telecommunications,Cable & Other Pay Television Services
CHW,Calamos Global Dynamic Income Fund Common Stock,$7.13,-0.025,-0.349%,0.00,United States,2007,76466,Finance,Investment Managers
CHWY,Chewy Inc. Class A Common Stock,$26.80,-0.15,-0.557%,11212723762.00,United States,2019,2999626,Consumer Discretionary,Catalog/Specialty Distribution
CHX,ChampionX Corporation Common Stock ,$29.08,-0.24,-0.819%,5539740000.00,United States,,1990748,Industrials,Industrial Machinery/Components
CHY,Calamos Convertible and High Income Fund Common Stock,$12.09,0.02,0.166%,0.00,United States,2003,128957,Finance,Investment Managers
CI,The Cigna Group Common Stock,$314.92,-1.93,-0.609%,88035507151.00,United States,,1545520,Health Care,Medical Specialities
CIA,Citizens Inc. Class A Common Stock ($1.00 Par),$4.85,0.02,0.414%,241862773.00,United States,1994,193336,Finance,Life Insurance
CIB,BanColombia S.A. Common Stock,$31.60,0.29,0.926%,7598433300.00,Colombia,,147515,Finance,Commercial Banks
CICB,CION Investment Corporation 7.50% Notes due 2029,$25.83,0.115,0.447%,0.00,United States,2024,320039,Finance,Finance/Investors Services
CIEN,Ciena Corporation Common Stock,$64.09,-0.03,-0.047%,9256339248.00,United States,1997,1861859,Utilities,Telecommunications Equipment
CIF,MFS Intermediate High Income Fund Common Stock,$1.7468,-0.0032,-0.183%,0.00,United States,,22006,Finance,Trusts Except Educational Religious and Charitable
CIFR,Cipher Mining Inc. Common Stock,$5.66,0.20,3.663%,1861808471.00,United States,2020,10035290,Finance,Finance: Consumer Services
CIFRW,Cipher Mining Inc. Warrant,$1.62,0.12,8.00%,532885110.00,United States,2020,62270,Finance,Finance: Consumer Services
CIG,Comp En De Mn Cemig ADS American Depositary Shares,$1.94,0.02,1.042%,5551855210.00,Brazil,,13540529,Utilities,Electric Utilities: Central
CIGI,Colliers International Group Inc. Subordinate Voting Shares,$153.71,-1.72,-1.107%,7728058610.00,Canada,,93106,Finance,Real Estate
CII,Blackrock Capital and Income Fund Inc.,$19.65,0.02,0.102%,2923182555.00,United States,2004,32243,Finance,Investment Bankers/Brokers/Service
CIK,Credit Suisse Asset Management Income Fund Inc. Common Stock,$3.01,0.00,0.00%,0.00,United States,,479499,Finance,Finance/Investors Services
CIM,Chimera Investment Corporation Common Stock,$15.38,0.08,0.523%,1238562104.00,United States,2007,416279,Real Estate,Real Estate Investment Trusts
CIM^A,Chimera Investment Corporation 8.00% Series A Cumulative Redeemable Preferred Stock,$23.90,0.02,0.084%,,United States,,1334,,
CIM^B,Chimera Investment Corporation 8.00% Series B Fixed-to-Floating Rate Cumulative Redeemable Preferred Stock,$25.30,0.08,0.317%,,United States,,20651,,
CIM^C,Chimera Investment Corporation 7.75% Series C Fixed-to-Floating Rate  Cumulative Redeemable  Preferred Stock,$23.375,-0.025,-0.107%,,United States,,15602,,
CIM^D,Chimera Investment Corporation 8.00% Series D Fixed-to-Floating Rate Cumulative Redeemable Preferred Stock,$24.70,0.10,0.407%,,United States,,23837,,
CIMN,Chimera Investment Corporation 9.000% Senior Notes due 2029,$25.73,0.08,0.312%,2072054808.00,United States,2024,8752,Real Estate,Real Estate Investment Trusts
CIMO,Chimera Investment Corporation 9.250% Senior Notes due 2029,$25.80,0.05,0.194%,0.00,United States,2024,9599,Real Estate,Real Estate Investment Trusts
CINF,Cincinnati Financial Corporation Common Stock,$144.49,3.24,2.294%,22575140429.00,United States,,866605,Finance,Property-Casualty Insurers
CING,Cingulate Inc. Common Stock,$4.34,-0.03,-0.686%,7508200.00,United States,2021,85914,Health Care,Biotechnology: Pharmaceutical Preparations
CINGW,Cingulate Inc. Warrants,$0.0519,-0.0019,-3.532%,89787.00,United States,2021,145608,Health Care,Biotechnology: Pharmaceutical Preparations
CINT,CI&T Inc Class A Common Shares,$6.90,-0.03,-0.433%,927442897.00,,2021,53466,Technology,EDP Services
CIO,City Office REIT Inc. Common Stock,$5.49,-0.05,-0.903%,220445762.00,Canada,2014,130314,Real Estate,Real Estate Investment Trusts
CIO^A,City Office REIT Inc. 6.625% Series A Cumulative Redeemable Preferred Stock,$18.10,0.0765,0.424%,,Canada,,5120,,
CION,CION Investment Corporation Common Stock,$11.97,0.07,0.588%,639848186.00,United States,2021,113709,Finance,Finance/Investors Services
CISO,CISO Global Inc. Common Stock,$0.8642,-0.0026,-0.30%,10216457.00,United States,,44137,Consumer Discretionary,Professional Services
CISS,C3is Inc. Common Stock,$1.20,0.01,0.84%,12312000.00,Greece,,112392,Consumer Discretionary,Marine Transportation
CITE,Cartica Acquisition Corp Class A Ordinary Shares,$11.51,0.00,0.00%,0.00,United States,2022,3034,Finance,Blank Checks
CITEW,Cartica Acquisition Corp Warrant,$0.12,-0.04,-25.00%,0.00,United States,2022,588,Finance,Blank Checks
CIVB,Civista Bancshares Inc. Common Stock,$18.50,0.66,3.70%,291138607.00,United States,,34087,Finance,Major Banks
CIVI,Civitas Resources Inc. Common Stock,$49.26,-1.45,-2.859%,4844703414.00,United States,2017,1509763,Energy,Oil & Gas Production
CIX,CompX International Inc. Common Stock,$29.08,-0.74,-2.482%,358223638.00,United States,1998,8042,Consumer Discretionary,Industrial Machinery/Components
CJET,Chijet Motor Company Inc. Ordinary Shares,$2.004,0.054,2.769%,10735238.00,Cayman Islands,,6381,Consumer Discretionary,Auto Manufacturing
CJJD,China Jo-Jo Drugstores Inc. (Cayman Islands) Ordinary Shares,$2.4294,0.2444,11.185%,16165415.00,China,,44730,Consumer Staples,Retail-Drug Stores and Proprietary Stores
CKPT,Checkpoint Therapeutics Inc. Common Stock,$3.68,0.01,0.272%,165665655.00,United States,,2039703,Health Care,Biotechnology: Pharmaceutical Preparations
CKX,CKX Lands Inc. Common Stock,$13.492,0.00,0.00%,27348716.00,United States,2003,127,Energy,Oil & Gas Production
CL,Colgate-Palmolive Company Common Stock,$95.74,0.13,0.136%,78227923262.00,United States,,4567809,Consumer Discretionary,Package Goods/Cosmetics
CLAR,Clarus Corporation Common Stock,$4.11,0.06,1.481%,157668486.00,United States,,118486,Consumer Discretionary,Recreational Games/Products/Toys
CLB,Core Laboratories Inc. Common Stock,$19.18,-0.25,-1.287%,899790784.00,Netherlands,2023,239649,Energy,Oilfield Services/Equipment
CLBK,Columbia Financial Inc. Common Stock,$17.25,0.56,3.355%,1806543234.00,United States,2018,61679,Finance,Savings Institutions
CLBR,Colombier Acquisition Corp. II Class A Ordinary Shares,$10.29,0.00,0.00%,0.00,,2024,5196,,
CLBT,Cellebrite DI Ltd. Ordinary Shares,$18.24,-0.05,-0.273%,3744618466.00,Israel,,1005407,Technology,Computer Software: Prepackaged Software
CLCO,Cool Company Ltd. Common Shares,$10.59,-0.04,-0.376%,568713139.00,,2023,251621,Consumer Discretionary,Marine Transportation
CLDI,Calidi Biotherapeutics Inc. Common Stock,$1.18,0.09,8.257%,11663301.00,,2021,3314449,Health Care,Biotechnology: Biological Products (No Diagnostic Substances)
CLDT,Chatham Lodging Trust (REIT) Common Shares of Beneficial Interest,$8.25,0.05,0.61%,403507079.00,United States,2010,537056,Real Estate,Real Estate Investment Trusts
CLDT^A,Chatham Lodging Trust (REIT) 6.625% Series A Cumulative Redeemable Preferred Shares of Beneficial Interest,$23.45,0.13,0.557%,,United States,,5635,,
CLDX,Celldex Therapeutics Inc.,$27.97,1.02,3.785%,1854064060.00,United States,,1152406,Health Care,Biotechnology: In Vitro & In Vivo Diagnostic Substances
CLEU,China Liberal Education Holdings Limited Ordinary Shares,$0.2643,-0.0017,-0.639%,7617126.00,China,2020,133344,Real Estate,Other Consumer Services
CLF,Cleveland-Cliffs Inc. Common Stock,$13.67,0.60,4.591%,6398112692.00,United States,,10984783,Basic Materials,Metal Mining
CLFD,Clearfield Inc. Common Stock,$37.38,0.95,2.608%,532214309.00,United States,,121069,Utilities,Telecommunications Equipment
CLGN,CollPlant Biotechnologies Ltd Ordinary Shares,$3.90,-0.0724,-1.823%,44665421.00,Israel,,8365,Health Care,Industrial Specialties
CLH,Clean Harbors Inc. Common Stock,$256.52,2.65,1.044%,13845049556.00,United States,,173043,Industrials,Environmental Services
CLIK,Click Holdings Limited Ordinary Share,$1.60,-0.05,-3.03%,24000000.00,Hong Kong,2024,101253,Consumer Discretionary,Diversified Commercial Services
CLIR,ClearSign Technologies Corporation Common Stock (DE),$0.82,0.00,0.00%,41168639.00,United States,2012,152285,Industrials,Industrial Machinery/Components
CLLS,Cellectis S.A. American Depositary Shares,$1.93,0.07,3.763%,193173700.00,France,2015,22311,Health Care,Biotechnology: Pharmaceutical Preparations
CLM,Cornerstone Strategic Value Fund Inc. New Common Stock,$8.01,0.04,0.502%,0.00,United States,2003,1100674,Finance,Finance/Investors Services
CLMB,Climb Global Solutions Inc. Common Stock,$104.39,2.70,2.655%,480902808.00,United States,,26454,Technology,Retail: Computer Software & Peripheral Equipment
CLMT,Calumet Inc. Common Stock,$21.41,0.23,1.086%,1838983839.00,United States,2006,573536,Energy,Integrated oil Companies
CLNE,Clean Energy Fuels Corp. Common Stock,$3.00,0.14,4.895%,670282200.00,United States,2007,1251769,Utilities,Natural Gas Distribution
CLNN,Clene Inc. Common Stock,$5.87,0.52,9.72%,37979293.00,United States,,75145,Health Care,Biotechnology: Pharmaceutical Preparations
CLNNW,Clene Inc. Warrant,$0.0326,-0.0174,-34.80%,210924.00,United States,,7600,Health Care,Biotechnology: Pharmaceutical Preparations
CLOV,Clover Health Investments Corp. Class A Common Stock,$4.02,0.10,2.551%,1999824371.00,United States,,5134680,Health Care,Medical Specialities
CLPR,Clipper Realty Inc. Common Stock,$6.63,0.24,3.756%,106592433.00,United States,2017,183014,Real Estate,Real Estate Investment Trusts
CLPS,CLPS Incorporation Common Stock,$1.40,0.04,2.941%,38976937.00,China,2018,12747,Technology,Computer Software: Prepackaged Software
CLPT,ClearPoint Neuro Inc. Common Stock,$13.15,0.11,0.844%,362883442.00,United States,,190173,Health Care,Medical/Dental Instruments
CLRB,Cellectar Biosciences Inc.  Common Stock,$2.05,0.02,0.985%,73490294.00,United States,,160123,Health Care,Biotechnology: Pharmaceutical Preparations
CLRC,ClimateRock Class A Ordinary Shares,$11.60,0.00,0.00%,0.00,United Kingdom,2022,10,Finance,Blank Checks
CLRCW,ClimateRock Warrant,$0.0229,0.00,0.00%,0.00,United Kingdom,2022,1,Finance,Blank Checks
CLRO,ClearOne Inc. (DE) Common Stock,$0.58,-0.0002,-0.034%,13902106.00,United States,,4823,Utilities,Telecommunications Equipment
CLS,Celestica Inc. Common Stock,$70.30,0.92,1.326%,8362337832.00,Canada,1998,2927510,Technology,Electrical Products
CLSD,Clearside Biomedical Inc. Common Stock,$1.10,0.00,0.00%,82220129.00,United States,2016,272889,Health Care,Biotechnology: Pharmaceutical Preparations
CLSK,CleanSpark Inc. Common Stock,$12.55,1.16,10.184%,3113895119.00,United States,,42993581,Finance,Finance: Consumer Services
CLST,Catalyst Bancorp Inc. Common Stock,$11.4603,-0.0197,-0.172%,50940071.00,United States,2021,28623,Finance,Savings Institutions
CLVT,Clarivate Plc Ordinary Shares,$6.54,0.11,1.711%,4735882101.00,United Kingdom,2019,2189690,Technology,EDP Services
CLW,Clearwater Paper Corporation Common Stock,$26.85,-0.33,-1.214%,446570301.00,United States,,193397,Basic Materials,Paper
CLWT,Euro Tech Holdings Company Limited Common Stock,$1.52,-0.05,-3.185%,11728774.00,Hong Kong,1997,4881,Consumer Discretionary,Professional and commerical equipment
CLX,Clorox Company (The) Common Stock,$157.72,1.03,0.657%,19535442877.00,United States,,1062707,Consumer Discretionary,Specialty Chemicals
CLYM,Climb Bio Inc. Common Stock,$4.11,-0.15,-3.521%,275617270.00,United States,2021,211494,Health Care,Biotechnology: Pharmaceutical Preparations
CM,Canadian Imperial Bank of Commerce Common Stock,$63.30,0.49,0.78%,59792541746.00,Canada,,696203,Finance,Commercial Banks
CMA,Comerica Incorporated Common Stock,$62.67,0.90,1.457%,8314422382.00,United States,,1227573,Finance,Major Banks
CMAX,CareMax Inc. Class A Common Stock,$1.55,-0.07,-4.321%,5913205.00,United States,2020,38693,Health Care,Hospital/Nursing Management
CMAXW,CareMax Inc. Warrant,$0.0105,0.0026,32.911%,40057.00,United States,2020,3153,Health Care,Hospital/Nursing Management
CMBM,Cambium Networks Corporation Ordinary Shares,$1.22,-0.02,-1.613%,34418849.00,Cayman Islands,2019,42082,Technology,Radio And Television Broadcasting And Communications Equipment
CMBT,CMB.TECH NV Ordinary Shares,$14.84,-0.38,-2.497%,3265166741.00,,2015,79568,Consumer Discretionary,Marine Transportation
CMC,Commercial Metals Company Common Stock,$54.31,2.34,4.503%,6186429670.00,United States,,725917,Industrials,Steel/Iron Ore
CMCL,Caledonia Mining Corporation Plc Common Shares,$15.66,0.27,1.754%,300485223.00,Canada,,83020,Basic Materials,Precious Metals
CMCM,Cheetah Mobile Inc. American Depositary Shares each representing fifty (50) Class A Ordinary Shares,$4.46,0.215,5.065%,133279910.00,China,2022,17014,Technology,Computer Software: Prepackaged Software
CMCO,Columbus McKinnon Corporation Common Stock,$32.89,0.45,1.387%,949874679.00,United States,1996,235846,Industrials,Construction/Ag Equipment/Trucks
CMCSA,Comcast Corporation Class A Common Stock,$41.84,0.18,0.432%,162025467906.00,United States,,19060875,Telecommunications,Cable & Other Pay Television Services
CMCT,Creative Media & Community Trust Corporation Common stock,$0.5095,0.0493,10.713%,11609845.00,United States,,486384,Real Estate,Real Estate Investment Trusts
CME,CME Group Inc. Class A Common Stock,$228.12,1.98,0.876%,82145276997.00,United States,2002,1327352,Finance,Investment Bankers/Brokers/Service
CMG,Chipotle Mexican Grill Inc. Common Stock,$60.60,1.16,1.952%,82990245600.00,United States,2006,12092779,Consumer Discretionary,Restaurants
CMI,Cummins Inc. Common Stock,$334.66,5.49,1.668%,45864365210.00,United States,,588641,Industrials,Industrial Machinery/Components
CMLS,Cumulus Media Inc. Class A Common Stock,$1.21,0.05,4.31%,20492815.00,United States,,26143,Consumer Discretionary,Broadcasting
CMMB,Chemomab Therapeutics Ltd. American Depositary Share,$1.53,0.09,6.25%,21733245.00,Israel,2019,42812,Health Care,Biotechnology: Pharmaceutical Preparations
CMND,Clearmind Medicine Inc. Common Shares,$1.42,-0.04,-2.74%,5751000.00,Canada,,40090,Health Care,Biotechnology: Pharmaceutical Preparations
CMP,Compass Minerals Intl Inc Common Stock,$13.85,0.50,3.745%,572473490.00,United States,2003,325749,Industrials,Mining & Quarrying of Nonmetallic Minerals (No Fuels)
CMPO,CompoSecure Inc. Class A Common Stock,$15.57,0.37,2.434%,1275327256.00,United States,2020,831813,Finance,Finance: Consumer Services
CMPOW,CompoSecure Inc. Warrant,$4.71,0.27,6.081%,385792638.00,United States,2020,64960,Finance,Finance: Consumer Services
CMPR,Cimpress plc Ordinary Shares (Ireland),$77.13,1.27,1.674%,1933350453.00,Netherlands,2005,127880,Consumer Discretionary,Publishing
CMPS,COMPASS Pathways Plc American Depository Shares,$6.36,0.08,1.274%,434960400.00,United Kingdom,2020,851615,Health Care,Biotechnology: Pharmaceutical Preparations
CMPX,Compass Therapeutics Inc. Common Stock,$1.68,-0.04,-2.326%,231149807.00,United States,,283853,Health Care,Biotechnology: Biological Products (No Diagnostic Substances)
CMRE,Costamare Inc. Common Stock $0.0001 par value,$13.39,-0.27,-1.977%,1585036202.00,Greece,2010,283693,Consumer Discretionary,Marine Transportation
CMRE^B,Costamare Inc. Perpetual Preferred Stock Series B (Marshall Islands),$25.83,0.17,0.663%,,Greece,,375,,
CMRE^C,Costamare Inc. Perpetual Preferred Series C (Marshall Islands),$26.53,0.00,0.00%,,Greece,,108,,
CMRE^D,Costamare Inc. 8.75% Series D Cumulative Redeemable Perpetual Preferred Stock,$26.86,0.10,0.374%,,Greece,,1377,,
CMRX,Chimerix Inc. Common Stock,$0.94,0.0676,7.749%,84260317.00,United States,2013,249457,Health Care,Biotechnology: Pharmaceutical Preparations
CMS,CMS Energy Corporation Common Stock,$71.16,0.40,0.565%,21257586808.00,United States,,1271974,Utilities,Power Generation
CMS^B,CMS Energy Corporation Preferred Stock,$85.6288,-1.2712,-1.463%,,United States,,463,,
CMS^C,CMS Energy Corporation Depositary Shares each representing a 1/1000th interest in a share of 4.200% Cumulative Redeemable Perpetual Preferred Stock Series C,$20.08,-0.02,-0.10%,,United States,,20208,,
CMSA,CMS Energy Corporation 5.625% Junior Subordinated Notes due 2078,$24.99,-0.07,-0.279%,7465248656.00,United States,2018,10820,Utilities,Power Generation
CMSC,CMS Energy Corporation 5.875% Junior Subordinated Notes due 2078,$24.73,0.10,0.406%,7387579002.00,United States,2018,16202,Utilities,Power Generation
CMSD,CMS Energy Corporation 5.875% Junior Subordinated Notes due 2079,$24.88,0.02,0.08%,7432388417.00,United States,2019,34587,Utilities,Power Generation
CMT,Core Molding Technologies Inc Common Stock,$15.80,0.30,1.935%,143283122.00,United States,1996,24204,Industrials,Plastic Products
CMTG,Claros Mortgage Trust Inc. Common Stock,$6.34,0.08,1.278%,880971105.00,United States,2021,313706,Finance,Real Estate
CMTL,Comtech Telecommunications Corp. Common Stock,$3.835,0.035,0.921%,109271219.00,United States,,224315,Technology,Radio And Television Broadcasting And Communications Equipment
CMU,MFS Municipal Income Trust Common Stock,$3.55,-0.01,-0.281%,100554865.00,United States,1987,62212,Finance,Investment Managers
CNA,CNA Financial Corporation Common Stock,$49.10,0.52,1.07%,13298066504.00,United States,,181836,Finance,Property-Casualty Insurers
CNC,Centene Corporation Common Stock,$61.65,-2.57,-4.002%,32429749500.00,United States,,8621617,Health Care,Medical Specialities
CNDT,Conduent Incorporated Common Stock ,$3.72,0.16,4.494%,604121497.00,United States,,1476726,Consumer Discretionary,Business Services
CNET,ZW Data Action Technologies Inc. Common Stock,$1.94,0.10,5.435%,3494186.00,China,,43746,Technology,Computer Software: Programming Data Processing
CNEY,CN Energy Group Inc. Class A Ordinary Shares,$0.56,0.043,8.317%,1416800.00,China,2021,364016,Industrials,Major Chemicals
CNF,CNFinance Holdings Limited American Depositary Shares each representing  twenty (20) Ordinary Shares,$1.35,-0.04,-2.878%,92585919.00,,2018,26856,Finance,Finance: Consumer Services
CNFR,Conifer Holdings Inc. Common Stock,$1.20,-0.03,-2.439%,14667457.00,United States,2015,21037,Finance,Property-Casualty Insurers
CNH,CNH Industrial N.V. Common Shares,$11.41,0.21,1.875%,14305574347.00,United Kingdom,2013,6749283,Industrials,Construction/Ag Equipment/Trucks
CNI,Canadian National Railway Company Common Stock,$111.21,0.24,0.216%,70006695000.00,Canada,,844802,Industrials,Railroads
CNK,Cinemark Holdings Inc Cinemark Holdings Inc. Common Stock,$29.37,0.68,2.37%,3594420958.00,United States,2007,2906634,Consumer Discretionary,Movies/Entertainment
CNL,Collective Mining Ltd. Common Shares,$3.63,0.03,0.833%,247739779.00,,2024,17459,,
CNM,Core & Main Inc. Class A Common Stock,$45.24,0.04,0.088%,9099163364.00,United States,2021,1142164,Consumer Discretionary,Durable Goods
CNMD,CONMED Corporation Common Stock,$63.76,1.61,2.591%,1965675212.00,United States,1987,332853,Health Care,Biotechnology: Electromedical & Electrotherapeutic Apparatus
CNNE,Cannae Holdings Inc. Common Stock,$19.47,0.47,2.474%,1221443538.00,United States,2017,251083,Consumer Discretionary,Restaurants
CNO,CNO Financial Group Inc. Common Stock,$34.75,0.48,1.401%,3675331283.00,United States,,649768,Finance,Accident &Health Insurance
CNO^A,CNO Financial Group Inc. 5.125% Subordinated Debentures due 2060,$21.88,0.14,0.644%,,United States,,1996,,
CNOB,ConnectOne Bancorp Inc. Common Stock,$24.87,0.66,2.726%,954217557.00,United States,,209964,Finance,Major Banks
CNOBP,ConnectOne Bancorp Inc. Depositary Shares each representing a 1/40th interest in a share of 5.25% Fixed-Rate Reset Non-Cumulative Perpetual Preferred Stock Series A,$21.15,0.09,0.427%,811487790.00,United States,,1293,Finance,Major Banks
CNP,CenterPoint Energy Inc (Holding Co) Common Stock,$29.75,0.44,1.501%,19098517655.00,United States,,4491158,Utilities,Electric Utilities: Central
CNQ,Canadian Natural Resources Limited Common Stock,$34.72,-0.83,-2.335%,74117061760.00,Canada,,7107912,Energy,Oil & Gas Production
CNS,Cohen & Steers Inc Common Stock,$100.60,0.61,0.61%,5085448507.00,United States,2004,245858,Finance,Investment Managers
CNSL,Consolidated Communications Holdings Inc. Common Stock,$4.63,0.00,0.00%,548548931.00,United States,2005,142405,Telecommunications,Telecommunications Equipment
CNSP,CNS Pharmaceuticals Inc. Common Stock,$0.145,0.0128,9.682%,4661228.00,United States,2019,13753134,Health Care,Biotechnology: Pharmaceutical Preparations
CNTA,Centessa Pharmaceuticals plc American Depositary Shares,$15.51,0.01,0.065%,1757504715.00,United Kingdom,2021,127921,Health Care,Biotechnology: Pharmaceutical Preparations
CNTB,Connect Biopharma Holdings Limited American Depositary Shares,$1.26,0.075,6.329%,69429722.00,China,2021,20151,Health Care,Biotechnology: Pharmaceutical Preparations
CNTM,ConnectM Technology Solutions Inc. Common Stock,$0.9912,-0.0338,-3.298%,20977813.00,United States,2022,88438,Consumer Discretionary,Engineering & Construction
CNTX,Context Therapeutics Inc. Common Stock,$2.30,-0.04,-1.709%,172496118.00,United States,2021,400076,Health Care,Biotechnology: Pharmaceutical Preparations
CNTY,Century Casinos Inc. Common Stock,$3.22,0.22,7.333%,98797982.00,United States,,102824,Consumer Discretionary,Hotels/Resorts
CNVS,Cineverse Corp. Class A Common Stock,$2.255,0.075,3.44%,35417799.00,United States,,249902,Consumer Discretionary,Consumer Electronics/Video Chains
CNX,CNX Resources Corporation Common Stock,$35.21,-1.36,-3.719%,5255840184.00,United States,1999,1904160,Energy,Oil & Gas Production
CNXC,Concentrix Corporation Common Stock,$44.49,-0.03,-0.067%,2883786143.00,United States,,540826,Technology,Computer Software: Prepackaged Software
CNXN,PC Connection Inc. Common Stock,$69.62,-0.01,-0.014%,1830532723.00,United States,,54739,Consumer Discretionary,Catalog/Specialty Distribution
COCH,Envoy Medical Inc. Class A Common Stock,$2.58,0.13,5.306%,50567954.00,United States,2021,24667,Health Care,Industrial Specialties
COCHW,Envoy Medical Inc Warrant,$0.0545,-0.0055,-9.167%,1068199.00,United States,2021,1353,Health Care,Industrial Specialties
COCO,The Vita Coco Company Inc. Common Stock,$29.60,0.17,0.578%,1680755814.00,United States,2021,437289,Consumer Staples,Beverages (Production/Distribution)
COCP,Cocrystal Pharma Inc. Common Stock,$1.85,0.04,2.21%,18821512.00,United States,,6065,Health Care,Biotechnology: Pharmaceutical Preparations
CODA,Coda Octopus Group Inc. Common stock,$8.81,0.49,5.889%,98632240.00,United States,,61835,Industrials,Industrial Machinery/Components
CODI,D/B/A Compass Diversified Holdings Shares of Beneficial Interest,$20.89,0.34,1.655%,1580376255.00,United States,2006,133705,Consumer Discretionary,Home Furnishings
CODI^A,Compass Diversified Holdings 7.250% Series A Preferred Shares representing beneficial interest in Compass Diversified Holdings,$24.1999,0.2699,1.128%,,United States,,5377,,
CODI^B,Compass Diversified Holdings 7.875% Series B Fixed-to-Floating Rate Cumulative Preferred Shares representing beneficial interests in Compass Diversified Holdings,$24.4242,0.0542,0.222%,,United States,,14154,,
CODI^C,Compass Diversified Holdings 7.875% Series C Cumulative Preferred Shares,$24.57,0.29,1.194%,,United States,,12375,,
CODX,Co-Diagnostics Inc. Common Stock,$1.25,0.02,1.626%,39888753.00,United States,2017,51074,Health Care,Medical/Dental Instruments
COE,51Talk Online Education Group American depositary shares each representing 60 Class A ordinary shares,$15.99,0.32,2.042%,91489503.00,China,2016,9102,Real Estate,Other Consumer Services
COEP,Coeptis Therapeutics Holdings Inc. Common Stock,$0.208,0.0005,0.241%,8261467.00,United States,2020,69156,Health Care,Biotechnology: Biological Products (No Diagnostic Substances)
COEPW,Coeptis Therapeutics Holdings Inc. Warrants,$0.041,0.0031,8.179%,1628462.00,United States,2020,24492,Health Care,Biotechnology: Biological Products (No Diagnostic Substances)
COF,Capital One Financial Corporation Common Stock,$165.37,4.10,2.542%,63147550864.00,United States,1994,4108980,Finance,Major Banks
COF^I,Capital One Financial Corporation Depositary shares each representing a 1/40th interest in a share of Fixed Rate Non-Cumulative Perpetual Preferred Stock Series I of the Issuer,$20.94,0.11,0.528%,,United States,,66893,,
COF^J,Capital One Financial Corporation Depositary Shares Each Representing a 1/40th Interest in a Share of Fixed Rate Non- Cumulative Perpetual Preferred Stock Series J,$19.89,0.00,0.00%,,United States,,63312,,
COF^K,Capital One Financial Corporation Depositary Shares Each Representing a 1/40th Ownership Interest in a Share of Fixed Rate Non-Cumulative Perpetual Preferred Stock Series K,$19.74,0.07,0.356%,,United States,,6635,,
COF^L,Capital One Financial Corporation Depositary Shares Each Representing a 1/40th Interest in a Share of Fixed Rate Non-Cumulative Perpetual Preferred Stock Series L,$18.62,-0.06,-0.321%,,United States,,53183,,
COF^N,Capital One Financial Corporation Depositary Shares Each Representing a 1/40th Ownership Interest in a Share of Fixed Rate Non-Cumulative Perpetual Preferred Stock Series N,$18.00,0.01,0.056%,,United States,,32521,,
COFS,ChoiceOne Financial Services Inc. Common Stock,$33.08,-0.10,-0.301%,296313935.00,United States,,29348,Finance,Major Banks
COGT,Cogent Biosciences Inc. Common Stock,$11.89,-0.08,-0.668%,1301366005.00,United States,2018,909767,Health Care,Biotechnology: Pharmaceutical Preparations
COHN,Cohen & Company Inc.,$8.34,-0.15,-1.767%,16264268.00,United States,,2533,Finance,Investment Bankers/Brokers/Service
COHR,Coherent Corp. Common Stock,$96.38,0.54,0.563%,14775091106.00,United States,,1525341,Technology,Electronic Components
COHU,Cohu Inc. Common Stock,$26.47,0.58,2.24%,1241960489.00,United States,,350788,Industrials,Electrical Products
COIN,Coinbase Global Inc. Class A Common Stock,$216.10,11.06,5.394%,53696034644.00,United States,,10388321,Finance,Finance: Consumer Services
COKE,Coca-Cola Consolidated Inc. Common Stock,$1230.58,-18.27,-1.463%,10780716364.00,United States,1972,39342,Consumer Staples,Beverages (Production/Distribution)
COLB,Columbia Banking System Inc. Common Stock,$28.77,0.87,3.118%,6026777030.00,United States,1992,1868078,Finance,Savings Institutions
COLD,Americold Realty Trust Inc. Common Stock,$26.12,0.09,0.346%,7422143253.00,United States,2018,1613165,Real Estate,Real Estate Investment Trusts
COLL,Collegium Pharmaceutical Inc. Common Stock,$35.13,0.43,1.239%,1131669073.00,United States,2015,286877,Health Care,Biotechnology: Pharmaceutical Preparations
COLM,Columbia Sportswear Company Common Stock,$75.70,0.52,0.692%,4432387157.00,United States,1998,549569,Consumer Discretionary,Apparel
COMM,CommScope Holding Company Inc. Common Stock,$6.70,0.48,7.717%,1446196233.00,United States,2013,4588164,Technology,Radio And Television Broadcasting And Communications Equipment
COMP,Compass Inc. Class A Common Stock,$5.65,0.01,0.177%,2854378616.00,United States,2021,3256243,Technology,EDP Services
CON,Concentra Group Holdings Parent Inc. Common Stock,$20.81,-0.10,-0.478%,2634410797.00,,2024,152879,Health Care,Medical Specialities
COO,The Cooper Companies Inc. Common Stock,$105.51,-2.31,-2.142%,21012907673.00,United States,,950909,Health Care,Ophthalmic Goods
COOK,Traeger Inc. Common Stock,$3.13,0.08,2.623%,405229444.00,United States,2021,69672,Consumer Discretionary,Consumer Electronics/Appliances
COOP,Mr. Cooper Group Inc. Common Stock,$91.47,2.95,3.333%,5852590503.00,United States,,710412,Finance,Finance: Consumer Services
COOT,Australian Oilseeds Holdings Limited Ordinary Shares,$0.7909,-0.0471,-5.621%,18367942.00,Australia,,19855,Consumer Staples,Packaged Foods
COOTW,Australian Oilseeds Holdings Limited Warrant,$0.0192,-0.0008,-4.00%,445903.00,Australia,,7649,Consumer Staples,Packaged Foods
COP,ConocoPhillips Common Stock,$103.26,-1.30,-1.243%,119910653315.00,United States,,4438872,Energy,Integrated oil Companies
COR,Cencora Inc. Common Stock,$233.57,-0.90,-0.384%,46024227149.00,United States,,835420,Health Care,Other Pharmaceuticals
CORT,Corcept Therapeutics Incorporated Common Stock,$48.34,1.06,2.242%,5051165951.00,United States,2004,682805,Health Care,Biotechnology: Pharmaceutical Preparations
CORZ,Core Scientific Inc. Common Stock,$14.20,0.83,6.208%,3666769866.00,United States,,13381541,Finance,Finance: Consumer Services
CORZW,Core Scientific Inc. Tranche 1 Warrants,$8.58,0.78,10.00%,2215555313.00,United States,,436434,Finance,Finance: Consumer Services
CORZZ,Core Scientific Inc. Tranche 2 Warrants,$14.22,0.88,6.597%,3671934331.00,United States,,64140,Finance,Finance: Consumer Services
COSM,Cosmos Health Inc. Common Stock,$0.7766,0.0096,1.252%,13849902.00,United States,,101424,Health Care,Other Pharmaceuticals
COST,Costco Wholesale Corporation Common Stock,$890.96,-0.26,-0.029%,394760798526.00,United States,,911580,Consumer Discretionary,Department/Specialty Retail Stores
COTY,Coty Inc. Class A Common Stock,$7.67,0.10,1.321%,6656372776.00,United States,2013,3091878,Consumer Discretionary,Package Goods/Cosmetics
COUR,Coursera Inc. Common Stock,$7.24,0.36,5.233%,1136072390.00,United States,2021,2790350,Technology,Computer Software: Prepackaged Software
COYA,Coya Therapeutics Inc. Common Stock,$10.19,1.23,13.728%,155105129.00,United States,2022,218065,Health Care,Biotechnology: Pharmaceutical Preparations
CP,Canadian Pacific Kansas City Limited Common Shares,$77.90,0.79,1.025%,72690448017.00,Canada,,2388528,Industrials,Railroads
CPA,Copa Holdings S.A. Class A Common Stock,$101.19,0.87,0.867%,4254008779.00,Panama,2005,289374,Consumer Discretionary,Air Freight/Delivery Services
CPAC,Cementos Pacasmayo S.A.A. American Depositary Shares (Each representing five Common Shares),$5.94,-0.03,-0.503%,508590932.00,Peru,,5709,Industrials,Building Materials
CPAY,Corpay Inc. Common Stock,$338.92,-1.80,-0.528%,23532216092.00,United States,,1192248,Consumer Discretionary,Business Services
CPB,Campbell Soup Company Common Stock,$47.63,0.56,1.19%,14198784779.00,United States,,1536922,Consumer Staples,Packaged Foods
CPBI,Central Plains Bancshares Inc. Common Stock,$13.7295,0.1295,0.952%,56714025.00,United States,2023,429,Finance,Savings Institutions
CPF,Central Pacific Financial Corp New,$29.18,0.88,3.11%,789717132.00,United States,,160062,Finance,Major Banks
CPHC,Canterbury Park Holding Corporation 'New' Common Stock,$18.8826,0.00,0.00%,94562569.00,United States,,207,Consumer Discretionary,Services-Misc. Amusement & Recreation
CPHI,China Pharma Holdings Inc. Common Stock,$0.2443,0.0093,3.957%,4192865.00,China,,356193,Health Care,Biotechnology: Pharmaceutical Preparations
CPIX,Cumberland Pharmaceuticals Inc. Common Stock,$1.25,0.03,2.459%,17619435.00,United States,2009,123330,Health Care,Biotechnology: Pharmaceutical Preparations
CPK,Chesapeake Utilities Corporation Common Stock,$121.56,0.91,0.754%,2729013369.00,United States,,54964,Utilities,Oil & Gas Production
CPNG,Coupang Inc. Class A Common Stock,$25.95,0.28,1.091%,46546628946.00,United States,2021,4863219,Consumer Discretionary,Catalog/Specialty Distribution
CPOP,Pop Culture Group Co. Ltd Class A Ordinary Shares,$1.22,-0.02,-1.613%,4805630.00,China,2021,11571,Consumer Discretionary,Services-Misc. Amusement & Recreation
CPRI,Capri Holdings Limited Ordinary Shares,$21.39,0.13,0.611%,2519510432.00,Hong Kong,2011,11059344,Consumer Discretionary,Apparel
CPRT,Copart Inc. (DE) Common Stock,$51.85,0.14,0.271%,49946450446.00,United States,1994,3030742,Consumer Discretionary,Retail-Auto Dealers and Gas Stations
CPRX,Catalyst Pharmaceuticals Inc. Common Stock,$21.86,0.40,1.864%,2594517428.00,United States,2006,670114,Health Care,Biotechnology: Pharmaceutical Preparations
CPS,Cooper-Standard Holdings Inc. Common Stock,$13.69,0.25,1.86%,237095837.00,United States,,45774,Consumer Discretionary,Auto Parts:O.E.M.
CPSH,CPS Technologies Corp. Common Stock,$1.44,0.015,1.053%,20917382.00,United States,,21328,Consumer Discretionary,Building Materials
CPSS,Consumer Portfolio Services Inc. Common Stock,$10.03,0.19,1.931%,213911244.00,United States,1992,10731,Finance,Finance: Consumer Services
CPT,Camden Property Trust Common Stock,$118.70,0.41,0.347%,12657561799.00,United States,1993,547724,Real Estate,Real Estate Investment Trusts
CPTN,Cepton Inc. Common Stock,$3.15,0.01,0.318%,50536102.00,United States,2021,32432,Consumer Discretionary,Auto Parts:O.E.M.
CPTNW,Cepton Inc. Warrant,$0.0111,0.0011,11.00%,178080.00,United States,2021,678,Consumer Discretionary,Auto Parts:O.E.M.
CPZ,Calamos Long/Short Equity & Dynamic Income Trust Common Stock,$15.62,-0.03,-0.192%,306654870.00,United States,2019,24390,Finance,Trusts Except Educational Religious and Charitable
CQP,Cheniere Energy Partners LP Common Units,$48.67,-0.07,-0.144%,23558403131.00,United States,2007,99619,Utilities,Oil/Gas Transmission
CR,Crane Company Common Stock,$152.39,3.33,2.234%,8718239672.00,United States,2023,432077,Industrials,Metal Fabrications
CRAI,CRA International Inc. Common Stock,$192.31,3.02,1.595%,1303806030.00,United States,1998,52184,Consumer Discretionary,Other Consumer Services
CRBG,Corebridge Financial Inc. Common Stock,$32.03,0.48,1.521%,18962192437.00,United States,2022,2038900,Finance,Life Insurance
CRBP,Corbus Pharmaceuticals Holdings Inc. Common Stock,$16.34,0.03,0.184%,196797980.00,United States,,321894,Health Care,Biotechnology: Pharmaceutical Preparations
CRBU,Caribou Biosciences Inc. Common Stock,$1.88,0.11,6.215%,169882009.00,United States,2021,1722306,Health Care,Biotechnology: Biological Products (No Diagnostic Substances)
CRC,California Resources Corporation Common Stock,$52.40,-0.04,-0.076%,4673556000.00,United States,2020,467549,Energy,Oil & Gas Production
CRCT,Cricut Inc. Class A Common Stock,$6.79,0.29,4.462%,1469138618.00,United States,2021,399397,Technology,Industrial Machinery/Components
CRD/A,Crawford & Company,$11.36,0.24,2.158%,,United States,,49414,,
CRD/B,Crawford & Company,$11.44,0.18,1.599%,,United States,,1928,,
CRDF,Cardiff Oncology Inc. Common Stock,$2.99,0.16,5.654%,139183406.00,United States,,689801,Health Care,Biotechnology: Biological Products (No Diagnostic Substances)
CRDL,Cardiol Therapeutics Inc. Class A Common Shares,$1.85,-0.07,-3.646%,129281182.00,Canada,,281283,Health Care,Biotechnology: Biological Products (No Diagnostic Substances)
CRDO,Credo Technology Group Holding Ltd Ordinary Shares,$40.14,0.96,2.45%,6665826020.00,United States,2022,1918548,Technology,Semiconductors
CREG,Smart Powerr Corp. Common Stock,$0.79,0.04,5.333%,6925027.00,China,,67566,Consumer Discretionary,Business Services
CRESW,Cresud S.A.C.I.F. y A. Warrant,$0.68,0.0201,3.046%,405521618.00,Argentina,,9753,Finance,Real Estate
CRESY,Cresud S.A.C.I.F. y A. American Depositary Shares,$9.32,-0.21,-2.204%,555803158.00,Argentina,1997,202798,Finance,Real Estate
CREV,Carbon Revolution Public Limited Ordinary Shares,$3.58,-0.0857,-2.338%,6713159.00,Ireland,,15328,Consumer Discretionary,Auto Parts:O.E.M.
CREVW,Carbon Revolution Public Limited Company Warrant,$0.03,0.0046,18.11%,56256.00,Ireland,,1309,Consumer Discretionary,Auto Parts:O.E.M.
CREX,Creative Realities Inc. Common Stock,$4.25,0.05,1.19%,44398301.00,United States,,105178,Technology,EDP Services
CRF,Cornerstone Total Return Fund Inc. (The) Common Stock,$8.43,0.03,0.357%,0.00,United States,2003,673989,Finance,Finance/Investors Services
CRGO,Freightos Limited Ordinary shares,$1.30,-0.03,-2.256%,62263094.00,Israel,,86176,Consumer Discretionary,Oil Refining/Marketing
CRGOW,Freightos Limited Warrants,$0.065,-0.0207,-24.154%,3113155.00,Israel,,16263,Consumer Discretionary,Oil Refining/Marketing
CRGX,CARGO Therapeutics Inc. Common Stock,$21.93,0.98,4.678%,1006688624.00,United States,2023,116038,,
CRGY,Crescent Energy Company Class A Common Stock,$12.21,-0.35,-2.787%,2166844292.00,United States,2021,2110345,Energy,Oil & Gas Production
CRH,CRH PLC Ordinary Shares,$94.40,2.01,2.176%,64216853726.00,Ireland,,5593045,Industrials,Building Materials
CRI,Carter's Inc. Common Stock,$56.39,-0.56,-0.983%,2037536881.00,United States,2003,2167498,Consumer Discretionary,Apparel
CRIS,Curis Inc. Common Stock,$4.92,-0.07,-1.403%,29416409.00,United States,,22363,Health Care,Biotechnology: Biological Products (No Diagnostic Substances)
CRK,Comstock Resources Inc. Common Stock,$11.94,-0.06,-0.50%,3489592101.00,United States,,2305703,Energy,Oil & Gas Production
CRKN,Crown Electrokinetics Corp. Common Stock,$1.09,-0.12,-9.917%,4784727.00,United States,,2671194,Technology,Industrial Machinery/Components
CRL,Charles River Laboratories International Inc. Common Stock,$186.52,4.40,2.416%,9630163014.00,United States,2000,506517,Health Care,Biotechnology: Commercial Physical & Biological Resarch
CRM,Salesforce Inc. Common Stock,$293.77,3.31,1.14%,280844120000.00,United States,2004,3866995,Technology,Computer Software: Prepackaged Software
CRMD,CorMedix Inc. Common Stock,$13.59,0.55,4.218%,759136911.00,United States,,2175804,Health Care,Biotechnology: Pharmaceutical Preparations
CRML,Critical Metals Corp. Ordinary Shares,$6.23,-0.03,-0.479%,564687200.00,British Virgin Islands,,18186,Basic Materials,Metal Mining
CRMT,America's Car-Mart Inc Common Stock,$40.26,0.67,1.692%,257533437.00,United States,,74735,Consumer Discretionary,Retail-Auto Dealers and Gas Stations
CRNC,Cerence Inc. Common Stock,$3.24,0.32,10.959%,135445323.00,United States,,1277074,Technology,Computer Software: Prepackaged Software
CRNT,Ceragon Networks Ltd. Ordinary Shares,$2.58,0.11,4.453%,220379268.00,Israel,,728409,Technology,Radio And Television Broadcasting And Communications Equipment
CRNX,Crinetics Pharmaceuticals Inc. Common Stock,$57.15,-0.81,-1.398%,4574035112.00,United States,2018,545025,Health Care,Biotechnology: Pharmaceutical Preparations
CRON,Cronos Group Inc. Common Share,$2.23,0.01,0.45%,852486017.00,Canada,,517988,Health Care, Medicinal Chemicals and Botanical Products 
CROX,Crocs Inc. Common Stock,$138.05,4.30,3.215%,8198117473.00,United States,2006,2275210,Consumer Discretionary,Shoe Manufacturing
CRS,Carpenter Technology Corporation Common Stock,$166.04,10.57,6.799%,8293282568.00,United States,,975673,Industrials,Steel/Iron Ore
CRSP,CRISPR Therapeutics AG Common Shares,$49.71,2.35,4.962%,4233709134.00,Switzerland,2016,1699150,Health Care,Biotechnology: Biological Products (No Diagnostic Substances)
CRSR,Corsair Gaming Inc. Common Stock,$6.63,0.33,5.238%,690490499.00,United States,2020,347367,Technology,Computer peripheral equipment
CRT,Cross Timbers Royalty Trust Common Stock,$10.92,0.20,1.866%,65520000.00,United States,1992,42478,Energy,Oil & Gas Production
CRTO,Criteo S.A. American Depositary Shares,$40.94,-0.37,-0.896%,2292030567.00,France,2013,526793,Consumer Discretionary,Advertising
CRUS,Cirrus Logic Inc. Common Stock,$123.05,0.83,0.679%,6572248775.00,United States,1989,435740,Technology,Semiconductors
CRVL,CorVel Corp. Common Stock,$301.71,-2.30,-0.757%,5168652240.00,United States,,28121,Finance,Specialty Insurers
CRVO,CervoMed Inc. Common Stock,$13.11,-0.59,-4.307%,108206545.00,United States,,42231,Health Care,Biotechnology: Pharmaceutical Preparations
CRVS,Corvus Pharmaceuticals Inc. Common Stock,$8.64,0.33,3.971%,540443068.00,United States,2016,1857506,Health Care,Biotechnology: Pharmaceutical Preparations
CRWD,CrowdStrike Holdings Inc. Class A Common Stock,$301.32,0.70,0.233%,73861492874.00,United States,2019,3462594,Technology,Computer Software: Prepackaged Software
CRWS,Crown Crafts Inc Common Stock,$4.72,-0.004,-0.085%,48666594.00,United States,,7400,Consumer Discretionary,Textiles
CSAN,Cosan S.A. ADS,$8.46,0.25,3.045%,3963679200.00,Brazil,2021,584725,Consumer Discretionary,Retail-Auto Dealers and Gas Stations
CSBR,Champions Oncology Inc. Common Stock,$3.98,-0.095,-2.331%,54103193.00,United States,,14175,Health Care,Biotechnology: Biological Products (No Diagnostic Substances)
CSCI,COSCIENS Biopharma Inc. Common Stock,$3.7183,0.0283,0.767%,6666945.00,Canada,,3283,Health Care,Biotechnology: Pharmaceutical Preparations
CSCO,Cisco Systems Inc. Common Stock (DE),$55.28,-0.46,-0.825%,220607819412.00,United States,1990,12911293,Telecommunications,Computer Communications Equipment
CSGP,CoStar Group Inc. Common Stock,$74.31,-0.17,-0.228%,30464091708.00,United States,1998,5790956,Consumer Discretionary,Business Services
CSGS,CSG Systems International Inc. Common Stock,$47.41,0.26,0.551%,1398740027.00,United States,1996,134215,Technology,EDP Services
CSIQ,Canadian Solar Inc. Common Shares (ON),$15.51,2.10,15.66%,1026122073.00,Canada,2006,5833712,Technology,Semiconductors
CSL,Carlisle Companies Incorporated Common Stock,$421.05,3.85,0.923%,19470577677.00,United States,,363742,Industrials,Specialty Chemicals
CSLM,CSLM Acquisition Corp. Class A Ordinary Share,$11.27,0.00,0.00%,0.00,United States,2022,3,Finance,Blank Checks
CSLR,Complete Solaria Inc. Common Stock,$2.18,-0.08,-3.54%,138678080.00,United States,,652307,Technology,Semiconductors
CSLRW,Complete Solaria Inc. Warrants,$0.15,-0.0138,-8.425%,9542070.00,United States,,62250,Technology,Semiconductors
CSPI,CSP Inc. Common Stock,$12.71,-0.40,-3.051%,124093755.00,United States,1982,12766,Technology,EDP Services
CSQ,Calamos Strategic Total Return Common Stock,$17.625,0.025,0.142%,2800394338.00,United States,2004,169247,Finance,Finance Companies
CSR,D/B/A Centerspace Common Stock,$70.95,0.59,0.839%,1085544933.00,United States,,225549,Real Estate,Real Estate Investment Trusts
CSTE,Caesarstone Ltd. Ordinary Shares,$4.47,0.10,2.288%,154360060.00,Israel,2012,21159,Industrials,Building Materials
CSTL,Castle Biosciences Inc. Common Stock,$32.40,1.03,3.283%,898671024.00,United States,2019,268830,Health Care,Medical Specialities
CSTM,Constellium SE Ordinary Shares (France),$11.89,0.54,4.758%,1745688421.00,Netherlands,2013,2540351,Industrials,Metal Fabrications
CSV,Carriage Services Inc. Common Stock,$32.64,0.55,1.714%,496408280.00,United States,,52565,Consumer Discretionary,Other Consumer Services
CSWC,Capital Southwest Corporation Common Stock,$25.72,0.09,0.351%,1205519471.00,United States,,172331,Consumer Discretionary,Textiles
CSWCZ,Capital Southwest Corporation 7.75% Notes due 2028,$25.65,0.05,0.195%,1202238508.00,United States,,2432,Finance,Finance Companies
CSWI,CSW Industrials Inc. Common Stock,$365.94,-1.11,-0.302%,5683317898.00,United States,,114279,Industrials,Home Furnishings
CSX,CSX Corporation Common Stock,$33.26,-0.01,-0.03%,64139221029.00,United States,,8015464,Industrials,Railroads
CTA^A,EIDP Inc. Preferred Stock $3.50 Series,$58.45,-5.44,-8.515%,,United States,,557,,
CTA^B,EIDP Inc. Preferred Stock $4.50 Series,$76.1845,-1.8055,-2.315%,,United States,,760,,
CTAS,Cintas Corporation Common Stock,$208.59,1.18,0.569%,84124061857.00,United States,1983,960872,Consumer Discretionary,Apparel
CTBB,Qwest Corporation 6.5% Notes due 2056,$17.12,-0.33,-1.891%,128620283.00,United States,2016,63783,Telecommunications,Telecommunications Equipment
CTBI,Community Trust Bancorp Inc. Common Stock,$52.42,1.17,2.283%,946293546.00,United States,,56279,Finance,Major Banks
CTCX,Carmell Corporation Common Stock,$0.3425,-0.0075,-2.143%,7160102.00,United States,2021,387894,Health Care,Medical/Dental Instruments
CTDD,Qwest Corporation 6.75% Notes due 2057,$17.22,-0.40,-2.27%,129371570.00,United States,2017,45589,Telecommunications,Telecommunications Equipment
CTGO,Contango ORE Inc. Common Stock,$22.79,0.20,0.885%,276793848.00,United States,2021,43500,Basic Materials,Precious Metals
CTHR,Charles & Colvard Ltd Common Stock,$1.26,0.04,3.279%,3823465.00,United States,1997,41712,Consumer Discretionary,Consumer Specialties
CTKB,Cytek Biosciences Inc. Common Stock,$4.89,0.20,4.264%,643062345.00,United States,2021,409082,Industrials,Biotechnology: Laboratory Analytical Instruments
CTLP,Cantaloupe Inc. Common Stock,$8.90,0.00,0.00%,649576931.00,United States,,323642,Miscellaneous,Office Equipment/Supplies/Services
CTLT,Catalent Inc. Common Stock,$58.81,-0.28,-0.474%,10671880315.00,United States,2014,1392533,Health Care,Biotechnology: Pharmaceutical Preparations
CTM,Castellum Inc. Common Stock,$0.1622,0.0005,0.309%,9101030.00,,2022,116703,Consumer Discretionary,Professional Services
CTMX,CytomX Therapeutics Inc. Common Stock,$1.01,-0.02,-1.942%,78898777.00,United States,2015,2121003,Health Care,Biotechnology: Pharmaceutical Preparations
CTNM,Contineum Therapeutics Inc. Class A Common Stock,$17.07,0.38,2.277%,439096321.00,United States,2024,77924,Health Care,Biotechnology: Pharmaceutical Preparations
CTNT,Cheetah Net Supply Chain Service Inc. Class A Common Stock,$3.68,0.79,27.336%,7044440.00,United States,2023,557097,Consumer Discretionary,Motor Vehicles
CTO,CTO Realty Growth Inc. Common Stock,$19.30,-0.26,-1.329%,446219146.00,United States,1992,339972,Real Estate,Real Estate Investment Trusts
CTO^A,CTO Realty Growth Inc. 6.375% Series A Cumulative Redeemable Preferred Stock,$24.16,0.44,1.855%,,United States,,10649,,
CTOR,Citius Oncology Inc. Common Stock,$1.17,-0.0217,-1.821%,2755641.00,United States,2022,63491,Health Care,Biotechnology: Pharmaceutical Preparations
CTOS,Custom Truck One Source Inc. Common Stock,$3.56,0.32,9.877%,840910808.00,Cayman Islands,2017,421015,Consumer Discretionary,Diversified Commercial Services
CTRA,Coterra Energy Inc. Common Stock,$23.76,-0.09,-0.377%,17565160837.00,United States,,5800867,Energy,Oil & Gas Production
CTRE,CareTrust REIT Inc. Common Stock,$31.31,0.38,1.229%,4828292212.00,United States,2022,1368974,Real Estate,Real Estate Investment Trusts
CTRI,Centuri Holdings Inc. Common Stock,$18.38,0.50,2.796%,1626952036.00,,2024,216469,Utilities,Oil & Gas Production
CTRM,Castor Maritime Inc. Common Shares,$4.00,-0.04,-0.99%,38649548.00,Cyprus,,35132,Consumer Discretionary,Marine Transportation
CTRN,Citi Trends Inc. Common Stock,$19.91,0.71,3.698%,171531479.00,United States,2005,45297,Consumer Discretionary,Clothing/Shoe/Accessory Stores
CTS,CTS Corporation Common Stock,$48.54,0.79,1.654%,1473923847.00,United States,,158507,Technology,Electrical Products
CTSH,Cognizant Technology Solutions Corporation Class A Common Stock,$74.98,0.16,0.214%,37164435040.00,United States,1998,3441501,Technology,EDP Services
CTSO,Cytosorbents Corporation Common Stock,$1.01,-0.03,-2.885%,54849479.00,United States,,258058,Health Care,Medical/Dental Instruments
CTV,Innovid Corp. Common Stock,$1.96,-0.01,-0.508%,286958594.00,,2021,219127,Technology,Computer Software: Prepackaged Software
CTVA,Corteva Inc. Common Stock ,$61.13,0.78,1.292%,42317059110.00,United States,2019,3028614,Consumer Staples,Farming/Seeds/Milling
CTXR,Citius Pharmaceuticals Inc. Common Stock,$0.3699,0.0059,1.621%,66850328.00,United States,,417554,Health Care,Biotechnology: Pharmaceutical Preparations
CUB,Lionheart Holdings Class A Ordinary Shares,$10.025,0.00,0.00%,318479974.00,United States,2024,1,Industrials,Industrial Machinery/Components
CUBA,Herzfeld Caribbean Basin Fund Inc. (The) Common Stock,$2.45,0.02,0.823%,0.00,United States,,19832,Finance,Investment Managers
CUBB,Customers Bancorp Inc 5.375% Subordinated Notes Due 2034,$20.56,-0.8399,-3.925%,651703437.00,United States,2019,1447,Finance,Major Banks
CUBE,CubeSmart Common Shares,$48.01,-0.24,-0.497%,10811790979.00,United States,,1242575,Real Estate,Real Estate Investment Trusts
CUBI,Customers Bancorp Inc Common Stock,$46.98,2.51,5.644%,1489155033.00,United States,,317932,Finance,Major Banks
CUBI^E,Customers Bancorp Inc Fixed-to-Floating Rate Non-Cumulative Perpetual Preferred Stock Series E,$25.67,0.01,0.039%,,United States,,1811,,
CUBI^F,Customers Bancorp Inc Fixed-to-Floating Rate Non-Cumulative Perpetual Preferred Stock Series F,$25.4499,0.0299,0.118%,,United States,,202,,
CUBWU,Lionheart Holdings Unit,$10.04,0.03,0.30%,0.00,United States,2024,209,Finance,Blank Checks
CUE,Cue Biopharma Inc. Common Stock,$1.78,0.30,20.27%,86585102.00,United States,2018,860092,Health Care,Biotechnology: Pharmaceutical Preparations
CUK,Carnival Plc ADS ADS,$19.94,0.93,4.892%,26756432390.00,United States,,1988836,Consumer Discretionary,Marine Transportation
CULP,Culp Inc. Common Stock,$5.53,-0.12,-2.124%,69071248.00,United States,,7689,Consumer Discretionary,Textiles
CURB,Curbline Properties Corp. Common Stock,$23.20,0.35,1.532%,2432757150.00,United States,2024,440482,Finance,Real Estate
CURI,CuriosityStream Inc. Class A Common Stock,$2.58,-0.04,-1.527%,140868815.00,United States,2020,199274,Consumer Discretionary,Movies/Entertainment
CURIW,CuriosityStream Inc. Warrant,$0.0395,0.00,0.00%,2156712.00,United States,2020,103,Consumer Discretionary,Movies/Entertainment
CURR,Currenc Group Inc. Ordinary Shares,$2.19,-0.15,-6.41%,23161769.00,Singapore,,3189,Consumer Discretionary,Business Services
CURV,Torrid Holdings Inc. Common Stock,$3.50,-0.04,-1.13%,366380805.00,,2021,293996,Consumer Discretionary,Clothing/Shoe/Accessory Stores
CUTR,Cutera Inc. Common Stock,$0.668,0.029,4.538%,13445398.00,United States,2004,141914,Health Care,Biotechnology: Electromedical & Electrotherapeutic Apparatus
CUZ,Cousins Properties Incorporated Common Stock,$31.14,-0.40,-1.268%,4737645454.00,United States,,1068735,Real Estate,Real Estate Investment Trusts
CVAC,CureVac N.V. Ordinary Shares,$2.83,0.08,2.909%,633887950.00,Germany,2020,373695,Health Care,Biotechnology: Pharmaceutical Preparations
CVBF,CVB Financial Corporation Common Stock,$19.58,0.35,1.82%,2734990693.00,United States,,624333,Finance,Major Banks
CVCO,Cavco Industries Inc. Common Stock When Issued,$418.68,5.65,1.368%,3455479921.00,United States,,42796,Consumer Discretionary,Homebuilding
CVE,Cenovus Energy Inc Common Stock,$16.67,-0.23,-1.361%,30941220340.00,Canada,,6184067,Energy,Oil & Gas Production
CVEO,Civeo Corporation (Canada) Common Shares,$27.72,-0.45,-1.597%,398363760.00,,2014,38961,Consumer Discretionary,Hotels/Resorts
CVGI,Commercial Vehicle Group Inc. Common Stock,$3.19,0.25,8.503%,110060649.00,United States,2004,128529,Consumer Discretionary,Auto Parts:O.E.M.
CVGW,Calavo Growers Inc. Common Stock,$26.92,0.575,2.183%,479218372.00,United States,,88902,Consumer Discretionary,Specialty Foods
CVI,CVR Energy Inc. Common Stock,$23.82,0.07,0.295%,2394638868.00,United States,2007,1073265,Energy,Integrated oil Companies
CVKD,Cadrenal Therapeutics Inc. Common Stock,$15.09,-0.70,-4.433%,16104516.00,United States,2023,45005,Health Care,Biotechnology: Pharmaceutical Preparations
CVLG,Covenant Logistics Group Inc. Class A Common Stock,$51.87,0.97,1.906%,683172923.00,United States,,43002,Industrials,Trucking Freight/Courier Services
CVLT,Commvault Systems Inc. Common Stock,$136.97,2.75,2.049%,5987416454.00,United States,2006,564925,Technology,Computer Software: Prepackaged Software
CVM,Cel-Sci Corporation Common Stock,$0.92,0.012,1.322%,56573771.00,United States,1997,172613,Health Care,Biotechnology: Biological Products (No Diagnostic Substances)
CVNA,Carvana Co. Class A Common Stock,$205.02,2.49,1.229%,42427568261.00,United States,2017,2779622,Consumer Discretionary,Retail-Auto Dealers and Gas Stations
CVR,Chicago Rivet & Machine Co. Common Stock,$17.945,-0.755,-4.037%,17337239.00,United States,1930,4623,Industrials,Industrial Machinery/Components
CVRX,CVRx Inc. Common Stock,$10.29,0.22,2.185%,224174997.00,United States,2021,440337,Health Care,Medical/Dental Instruments
CVS,CVS Health Corporation Common Stock,$57.36,0.87,1.54%,72157690927.00,United States,,9017322,Consumer Staples,Retail-Drug Stores and Proprietary Stores
CVU,CPI Aerostructures Inc. Common Stock,$3.45,0.15,4.545%,44976346.00,United States,2022,56524,Industrials,Military/Government/Technical
CVV,CVD Equipment Corporation Common Stock,$3.1306,0.0647,2.11%,21544282.00,United States,,5174,Technology,Industrial Machinery/Components
CVX,Chevron Corporation Common Stock,$150.54,-0.27,-0.179%,275325182191.00,United States,,8889878,Energy,Integrated oil Companies
CW,Curtiss-Wright Corporation Common Stock,$349.58,3.90,1.128%,13388682578.00,United States,,182132,Technology,Industrial Machinery/Components
CWAN,Clearwater Analytics Holdings Inc. Class A Common Stock,$26.45,0.15,0.57%,6515261706.00,United States,2021,817607,Technology,Computer Software: Prepackaged Software
CWBC,Community West Bancshares Common Stock,$18.72,0.15,0.808%,354567246.00,United States,,29622,Finance,Major Banks
CWCO,Consolidated Water Co. Ltd. Ordinary Shares,$24.65,0.21,0.859%,390319414.00,Cayman Islands,,84010,Utilities,Water Supply
CWD,CaliberCos Inc. Class A Common Stock,$0.653,-0.0247,-3.645%,14395419.00,United States,2023,38594,Finance,Real Estate
CWEN,Clearway Energy Inc. Class C Common Stock,$26.17,0.18,0.693%,3061890000.00,United States,2015,1143734,Utilities,Electric Utilities: Central
CWH,Camping World Holdings Inc. Class A Common Stock,$21.41,0.34,1.614%,1932426456.00,United States,2016,2222186,Consumer Discretionary,Retail-Auto Dealers and Gas Stations
CWK,Cushman & Wakefield plc Ordinary Shares,$13.59,0.19,1.418%,3115504864.00,,2018,2595462,Finance,Real Estate
CWST,Casella Waste Systems Inc. Class A Common Stock,$101.03,1.02,1.02%,5873267614.00,United States,1997,235291,Utilities,Environmental Services
CWT,California Water Service Group Common Stock,$51.62,0.00,0.00%,3036552540.00,United States,,285107,Utilities,Water Supply
CX,Cemex S.A.B. de C.V. Sponsored ADR,$5.46,-0.52,-8.696%,7912015151.00,Mexico,,33729350,Industrials,Building Materials
CXAI,CXApp Inc. Class A Common Stock,$1.52,0.09,6.294%,23205778.00,United States,2021,328392,Technology,EDP Services
CXAIW,CXApp Inc. Warrant,$0.1963,-0.0237,-10.773%,2996904.00,United States,2021,203021,Technology,EDP Services
CXDO,Crexendo Inc. Common Stock,$5.74,0.13,2.317%,153343566.00,United States,,138767,Telecommunications,Telecommunications Equipment
CXE,MFS High Income Municipal Trust Common Stock,$3.84,0.025,0.655%,121058968.00,United States,1989,72731,Finance,Investment Managers
CXH,MFS Investment Grade Municipal Trust Common Stock,$8.06,0.02,0.249%,73428575.00,United States,1989,20461,Finance,Investment Managers
CXM,Sprinklr Inc. Class A Common Stock,$7.37,0.05,0.683%,1868062705.00,United States,2021,2360559,Technology,Computer Software: Prepackaged Software
CXT,Crane NXT Co. Common Stock,$55.67,0.41,0.742%,3180817068.00,United States,,193329,Industrials,Metal Fabrications
CXW,CoreCivic Inc. Common Stock,$14.45,0.76,5.551%,1593408898.00,United States,,1008245,Real Estate,Real Estate Investment Trusts
CYBN,Cybin Inc. Common Shares,$10.67,0.26,2.498%,213313658.00,Canada,,101899,Health Care,Biotechnology: Pharmaceutical Preparations
CYBR,CyberArk Software Ltd. Ordinary Shares,$287.75,-2.29,-0.79%,12158972934.00,Israel,2014,365984,Technology,Computer Software: Prepackaged Software
CYCC,Cyclacel Pharmaceuticals Inc. Common Stock,$0.70,-0.132,-15.865%,1381943.00,United States,,1431932,Health Care,Biotechnology: Pharmaceutical Preparations
CYCCP,Cyclacel Pharmaceuticals Inc. 6% Convertible Preferred Stock,$7.17,-0.13,-1.781%,14155043.00,United States,,1351,Health Care,Biotechnology: Pharmaceutical Preparations
CYCN,Cyclerion Therapeutics Inc. Common Stock,$3.16,0.13,4.29%,8563903.00,United States,,1272,Health Care,Biotechnology: Pharmaceutical Preparations
CYD,China Yuchai International Limited Common Stock,$11.80,-0.37,-3.04%,482127822.00,Singapore,1994,18744,Industrials,Industrial Machinery/Components
CYH,Community Health Systems Inc. Common Stock,$4.10,0.11,2.757%,569668457.00,United States,2000,3315159,Health Care,Hospital/Nursing Management
CYN,Cyngn Inc. Common Stock,$3.69,0.06,1.653%,7477907.00,United States,2021,17344,Technology,EDP Services
CYRX,CryoPort Inc. Common Stock,$7.18,0.29,4.209%,354780271.00,United States,,250943,Health Care,Biotechnology: Pharmaceutical Preparations
CYTH,Cyclo Therapeutics Inc. Common Stock,$0.725,-0.02,-2.685%,20804620.00,United States,,67588,Health Care,Biotechnology: Biological Products (No Diagnostic Substances)
CYTHW,Cyclo Therapeutics Inc. Warrant,$0.145,0.0099,7.328%,4160924.00,United States,,1012,Health Care,Biotechnology: Biological Products (No Diagnostic Substances)
CYTK,Cytokinetics Incorporated Common Stock,$52.26,0.94,1.832%,6148889546.00,United States,2004,760973,Health Care,Biotechnology: Pharmaceutical Preparations
CYTO,Altamira Therapeutics Ltd. Common Shares,$0.4923,-0.0167,-3.281%,1590129.00,Bermuda,2014,66067,Health Care,Biotechnology: Pharmaceutical Preparations
CZFS,Citizens Financial Services Inc. Common Stock,$59.48,1.38,2.375%,283120696.00,United States,,5691,Finance,Major Banks
CZNC,Citizens & Northern Corp Common Stock,$19.10,0.37,1.975%,293995680.00,United States,,22910,Finance,Major Banks
CZR,Caesars Entertainment Inc. Common Stock,$45.53,1.35,3.056%,9849868002.00,United States,,2827459,Consumer Discretionary,Hotels/Resorts
CZWI,Citizens Community Bancorp Inc. Common Stock,$14.18,0.06,0.425%,146016295.00,United States,2006,16980,Finance,Savings Institutions
D,Dominion Energy Inc. Common Stock,$60.12,0.54,0.906%,50436976548.00,United States,,2927445,Utilities,Electric Utilities: Central
DAC,Danaos Corporation Common Stock,$81.92,-0.92,-1.111%,1590779576.00,Greece,2006,80513,Consumer Discretionary,Marine Transportation
DADA,Dada Nexus Limited American Depositary Shares,$1.83,0.15,8.929%,483262449.00,China,2020,1256241,Technology,Computer Software: Programming Data Processing
DAIO,Data I/O Corporation Common Stock,$2.70,0.15,5.882%,24936301.00,United States,1981,66848,Industrials,Electrical Products
DAKT,Daktronics Inc. Common Stock,$13.13,0.13,1.00%,612499571.00,United States,1994,231112,Consumer Discretionary,Miscellaneous manufacturing industries
DAL,Delta Air Lines Inc. Common Stock,$55.38,1.26,2.328%,35735674019.00,United States,,10897383,Consumer Discretionary,Air Freight/Delivery Services
DALN,DallasNews Corporation Series A Common Stock,$5.97,0.81,15.698%,31954365.00,United States,,77654,Consumer Discretionary,Newspapers/Magazines
DAN,Dana Incorporated Common Stock ,$10.51,0.37,3.649%,1523711654.00,United States,,1408717,Consumer Discretionary,Auto Parts:O.E.M.
DAO,Youdao Inc. American Depositary Shares each representing one Class A Ordinary Share,$4.85,0.02,0.414%,586462728.00,China,2019,34361,Real Estate,Other Consumer Services
DAR,Darling Ingredients Inc. Common Stock,$39.47,0.36,0.92%,6276675149.00,United States,1997,1825014,Consumer Staples,Packaged Foods
DARE,Dare Bioscience Inc. Common Stock,$3.91,0.26,7.123%,33416272.00,United States,2014,83582,Health Care,Biotechnology: Pharmaceutical Preparations
DASH,DoorDash Inc. Class A Common Stock,$153.37,-0.51,-0.331%,63118093475.00,United States,,2447632,Consumer Discretionary,Business Services
DATS,DatChat Inc. Common Stock,$1.72,0.11,6.832%,5176046.00,United States,2021,655919,Telecommunications,Telecommunications Equipment
DATSW,DatChat Inc. Series A Warrant,$0.035,0.0045,14.754%,105327.00,United States,2021,510,Telecommunications,Telecommunications Equipment
DAVA,Endava plc American Depositary Shares (each representing one Class A Ordinary Share),$24.60,-0.22,-0.886%,1452173227.00,United Kingdom,2018,599914,Technology,EDP Services
DAVE,Dave Inc. Class A Common Stock,$39.27,0.53,1.368%,497521055.00,United States,,237880,Finance,Finance: Consumer Services
DAVEW,Dave Inc. Warrants,$0.0345,0.0004,1.173%,437089.00,United States,,6832,Finance,Finance: Consumer Services
DAWN,Day One Biopharmaceuticals Inc. Common Stock,$14.47,-0.13,-0.89%,1422545700.00,United States,2021,1021791,Health Care,Biotechnology: Pharmaceutical Preparations
DAY,Dayforce Inc. Common Stock,$65.11,0.27,0.416%,10293891000.00,United States,2018,1433462,Technology,Computer Software: Prepackaged Software
DB,Deutsche Bank AG Common Stock,$17.13,0.29,1.722%,34945200000.00,Germany,,1445213,Finance,Major Banks
DBD,Diebold Nixdorf Incorporated Common stock,$47.00,0.25,0.535%,1765633396.00,United States,2023,166079,Miscellaneous,Office Equipment/Supplies/Services
DBGI,Digital Brands Group Inc. Common Stock,$0.1546,-0.0803,-34.185%,404592.00,United States,2021,17675313,Consumer Discretionary,Clothing/Shoe/Accessory Stores
DBGIW,Digital Brands Group Inc. Warrant,$12.49,0.00,0.00%,32686667.00,United States,2021,58,Consumer Discretionary,Clothing/Shoe/Accessory Stores
DBI,Designer Brands Inc. Class A Common Stock,$5.53,-0.04,-0.718%,306912130.00,United States,,1236416,Consumer Discretionary,Clothing/Shoe/Accessory Stores
DBL,DoubleLine Opportunistic Credit Fund Common Shares of Beneficial Interest,$15.29,-0.01,-0.065%,0.00,United States,2012,38428,,
DBRG,DigitalBridge Group Inc.,$16.56,-0.30,-1.779%,2879208093.00,United States,2014,3310759,Real Estate,Real Estate Investment Trusts
DBRG^H,DigitalBridge Group Inc. 7.125% Series H ,$25.26,0.184,0.734%,,United States,,5549,,
DBRG^I,DigitalBridge Group Inc. 7.15% Series I ,$25.075,0.015,0.06%,,United States,,3179,,
DBRG^J,DigitalBridge Group Inc. 7.125% Series J ,$24.90,0.06,0.242%,,United States,,7101,,
DBVT,DBV Technologies S.A. American Depositary Shares,$0.792,-0.0745,-8.598%,76427150.00,France,2014,376612,Health Care,Biotechnology: Biological Products (No Diagnostic Substances)
DBX,Dropbox Inc. Class A Common Stock,$25.15,-0.85,-3.269%,8184252640.00,United States,2018,3632869,Technology,Computer Software: Prepackaged Software
DC,Dakota Gold Corp. Common Stock,$2.45,0.06,2.51%,229473044.00,United States,2022,148963,Basic Materials,Metal Mining
DCBO,Docebo Inc. Common Shares,$46.22,0.16,0.347%,1397273446.00,Canada,,24764,Technology,Computer Software: Prepackaged Software
DCF,BNY Mellon Alcentra Global Credit Income 2024 Target Term Fund Inc. Common Stock,$9.15,-0.04,-0.435%,0.00,,2017,36379,Finance,Finance/Investors Services
DCGO,DocGo Inc. Common Stock,$3.47,0.05,1.462%,355040771.00,United States,2020,397435,Health Care,Medical/Nursing Services
DCI,Donaldson Company Inc. Common Stock,$74.86,-0.02,-0.027%,8963145081.00,United States,,522627,Industrials,Pollution Control Equipment
DCO,Ducommun Incorporated Common Stock,$62.18,0.18,0.29%,917042703.00,United States,,32509,Industrials,Military/Government/Technical
DCOM,Dime Community Bancshares Inc. Common Stock,$30.85,1.32,4.47%,1207735451.00,United States,,168621,Finance,Major Banks
DCOMG,Dime Community Bancshares Inc. 9.000% Fixed-to-Floating Rate Subordinated Notes due 2034,$27.0001,-0.3649,-1.333%,1057017114.00,United States,,1961,Finance,Major Banks
DCOMP,Dime Community Bancshares Inc. Fixed-Rate Non-Cumulative Perpetual Preferred Stock Series A,$20.1328,0.0828,0.413%,788171679.00,United States,,1242,Finance,Major Banks
DCTH,Delcath Systems Inc. Common Stock,$10.50,-0.18,-1.685%,293994981.00,United States,,336572,Health Care,Medical/Dental Instruments
DD,DuPont de Nemours Inc. Common Stock,$83.91,0.61,0.732%,35032014932.00,United States,2017,1247096,Industrials,Major Chemicals
DDC,DDC Enterprise Limited Class A Ordinary Shares,$0.2619,0.0019,0.731%,5649183.00,,2023,106256,Consumer Staples,Packaged Foods
DDD,3D Systems Corporation Common Stock,$3.29,0.40,13.841%,439457723.00,United States,,4367650,Technology,Computer Software: Prepackaged Software
DDI,DoubleDown Interactive Co. Ltd. American Depository Shares,$14.18,0.36,2.605%,702667779.00,South Korea,2021,29647,Technology,EDP Services
DDL,Dingdong (Cayman) Limited American Depositary Shares (each two representing three Ordinary Shares),$3.87,0.38,10.888%,699850800.00,Cayman Islands,2021,1403236,Consumer Discretionary,Catalog/Specialty Distribution
DDOG,Datadog Inc. Class A Common Stock,$126.37,-0.23,-0.182%,39315016193.00,United States,2019,2383237,Technology,Computer Software: Prepackaged Software
DDS,Dillard's Inc. Common Stock,$382.53,3.39,0.894%,6188915765.00,United States,,77805,Consumer Discretionary,Department/Specialty Retail Stores
DDT,Dillard's Capital Trust I,$25.90,0.07,0.271%,419033588.00,United States,,6507,Consumer Discretionary,Department/Specialty Retail Stores
DE,Deere & Company Common Stock,$412.35,4.42,1.084%,112818884952.00,United States,,828288,Industrials,Industrial Machinery/Components
DEA,Easterly Government Properties Inc. Common Stock,$13.85,0.17,1.243%,1427029238.00,United States,2015,520177,Real Estate,Real Estate Investment Trusts
DEC,Diversified Energy Company plc Ordinary Shares,$11.68,-0.12,-1.017%,571773376.00,,,159744,,
DECA,Denali Capital Acquisition Corp. Class A Ordinary Shares,$11.51,-0.37,-3.114%,0.00,United States,2022,4951,Finance,Blank Checks
DECAW,Denali Capital Acquisition Corp. Warrant,$0.05,-0.006,-10.714%,0.00,United States,2022,19630,Finance,Blank Checks
DECK,Deckers Outdoor Corporation Common Stock,$169.29,1.18,0.702%,25810482770.00,United States,1993,2920491,Consumer Discretionary,Shoe Manufacturing
DEI,Douglas Emmett Inc. Common Stock,$18.12,-0.24,-1.307%,3033458183.00,United States,2006,1282435,Real Estate,Real Estate Investment Trusts
DELL,Dell Technologies Inc. Class C Common Stock ,$120.66,-1.89,-1.542%,84749742246.00,United States,2018,3577264,Technology,Computer Manufacturing
DENN,Denny's Corporation Common Stock,$6.70,0.14,2.134%,344205592.00,United States,,636710,Consumer Discretionary,Restaurants
DEO,Diageo plc Common Stock,$133.38,0.11,0.083%,74195621915.00,United Kingdom,,313777,Consumer Staples,Beverages (Production/Distribution)
DERM,Journey Medical Corporation Common Stock,$6.00,0.24,4.167%,124363422.00,United States,2021,135203,Health Care,Biotechnology: Pharmaceutical Preparations
DESP,Despegar.com Corp. Ordinary Shares,$14.82,-0.18,-1.20%,1067843377.00,Argentina,2017,791208,Consumer Discretionary,Transportation Services
DFH,Dream Finders Homes Inc. Class A Common Stock,$32.21,0.20,0.625%,3018983486.00,United States,2022,191274,Consumer Discretionary,Homebuilding
DFIN,Donnelley Financial Solutions Inc. Common Stock ,$63.96,-0.01,-0.016%,1856981317.00,United States,2016,116666,Consumer Discretionary,Other Consumer Services
DFLI,Dragonfly Energy Holdings Corp. Common Stock (NV),$0.5947,0.0178,3.085%,37222969.00,United States,2021,110159,Miscellaneous,Industrial Machinery/Components
DFLIW,Dragonfly Energy Holdings Corp. Warrant,$0.0206,-0.0052,-20.155%,1289378.00,United States,2021,2178,Miscellaneous,Industrial Machinery/Components
DFP,Flaherty & Crumrine Dynamic Preferred and Income Fund Inc. Common Stock,$20.32,-0.07,-0.343%,0.00,,2013,89999,Finance,Investment Managers
DFS,Discover Financial Services Common Stock,$152.88,3.98,2.673%,38383817035.00,United States,,1248813,Finance,Finance: Consumer Services
DG,Dollar General Corporation Common Stock,$81.10,0.72,0.896%,17835121422.00,United States,2009,3465185,Consumer Discretionary,Department/Specialty Retail Stores
DGHI,Digihost Technology Inc. Common Subordinate Voting Shares,$1.65,0.15,10.00%,54433500.00,Canada,,368976,Finance,Finance: Consumer Services
DGICA,Donegal Group Inc. Class A Common Stock,$15.42,0.26,1.715%,516317883.00,United States,,45792,Finance,Property-Casualty Insurers
DGICB,Donegal Group Inc. Class B Common Stock,$14.85,0.82,5.845%,497232203.00,United States,1986,558,Finance,Property-Casualty Insurers
DGII,Digi International Inc. Common Stock,$30.51,0.65,2.177%,1111027264.00,United States,1989,92260,Telecommunications,Computer Communications Equipment
DGLY,Digital Ally Inc. Common Stock,$1.04,0.02,1.961%,4009366.00,United States,,42109,Technology,Radio And Television Broadcasting And Communications Equipment
DGX,Quest Diagnostics Incorporated Common Stock,$155.92,0.88,0.568%,17403039022.00,United States,,508182,Health Care,Medical Specialities
DH,Definitive Healthcare Corp. Class A Common Stock,$4.22,0.06,1.442%,494259533.00,United States,2021,194426,Technology,Computer Software: Prepackaged Software
DHAI,DIH Holdings US Inc. Class A Common Stock,$1.44,-0.06,-4.00%,58384706.00,United States,2024,24353,Health Care,Medical/Dental Instruments
DHAIW,DIH Holding US Inc. Warrants,$0.0443,-0.0033,-6.933%,1796141.00,United States,2024,3959,Health Care,Medical/Dental Instruments
DHC,Diversified Healthcare Trust Common Shares of Beneficial Interest,$3.47,0.08,2.36%,834793900.00,United States,,605731,Real Estate,Real Estate Investment Trusts
DHCNI,Diversified Healthcare Trust 5.625% Senior Notes due 2042,$15.25,-0.015,-0.098%,3668762818.00,United States,,29611,Real Estate,Real Estate Investment Trusts
DHCNL,Diversified Healthcare Trust 6.25% Senior Notes Due 2046,$16.18,-0.17,-1.04%,3892497206.00,United States,,7241,Real Estate,Real Estate Investment Trusts
DHF,BNY Mellon High Yield Strategies Fund Common Stock,$2.58,-0.03,-1.149%,0.00,United States,1998,240682,Finance,Finance Companies
DHI,D.R. Horton Inc. Common Stock,$180.38,1.14,0.636%,58811112516.00,United States,,2431885,Consumer Discretionary,Homebuilding
DHIL,Diamond Hill Investment Group Inc. Class A Common Stock,$156.80,3.37,2.196%,431360406.00,United States,,18172,Finance,Investment Managers
DHR,Danaher Corporation Common Stock,$244.12,-1.27,-0.518%,176321807421.00,United States,,2031570,Industrials,Industrial Machinery/Components
DHT,DHT Holdings Inc.,$10.60,0.04,0.379%,1706595145.00,Jersey,2005,1391948,Consumer Discretionary,Marine Transportation
DHX,DHI Group Inc. Common Stock,$1.79,0.09,5.294%,86642917.00,United States,2007,50479,Consumer Discretionary,Business Services
DHY,Credit Suisse High Yield Bond Fund Common Stock,$2.17,-0.01,-0.459%,0.00,United States,1998,522728,Finance,Finance/Investors Services
DIAX,Nuveen Dow 30SM Dynamic Overwrite Fund Common Shares of Beneficial Interest,$14.78,0.07,0.476%,0.00,,2014,49675,Finance,Finance Companies
DIBS,1stdibs.com Inc. Common Stock,$4.24,0.05,1.193%,168298905.00,United States,2021,65499,Consumer Discretionary,Catalog/Specialty Distribution
DIN,Dine Brands Global Inc. Common Stock,$31.18,1.23,4.107%,477023288.00,United States,,571484,Consumer Discretionary,Restaurants
DINO,HF Sinclair Corporation Common Stock,$42.88,-0.13,-0.302%,8182220696.00,United States,1960,1463782,Energy,Natural Gas Distribution
DIOD,Diodes Incorporated Common Stock,$63.50,-1.16,-1.794%,2942055394.00,United States,,339058,Technology,Semiconductors
DIS,Walt Disney Company (The) Common Stock,$96.20,1.17,1.231%,174467105956.00,United States,,8142591,Consumer Discretionary,Services-Misc. Amusement & Recreation
DIST,Distoken Acquisition Corporation Ordinary Shares,$10.93,0.00,0.00%,0.00,China,2023,32,Finance,Blank Checks
DISTW,Distoken Acquisition Corporation Warrant,$0.0176,0.0036,25.714%,0.00,China,2023,26250,Finance,Blank Checks
DIT,AMCON Distributing Company Common Stock,$135.00,0.00,0.00%,85098870.00,United States,1999,77,Consumer Discretionary,Food Distributors
DJCO,Daily Journal Corp. (S.C.) Common Stock,$495.60,14.00,2.907%,682652326.00,United States,,7372,Consumer Discretionary,Newspapers/Magazines
DJT,Trump Media & Technology Group Corp. Common Stock,$47.36,8.41,21.592%,9221738962.00,United States,2024,108789381,Technology,Computer Software: Programming Data Processing
DJTWW,Trump Media & Technology Group Corp. Warrants,$35.50,7.78,28.066%,6912409906.00,United States,2021,1684618,Technology,Computer Software: Programming Data Processing
DK,Delek US Holdings Inc. Common Stock,$17.13,0.12,0.705%,1105546646.00,United States,2017,870000,Energy,Integrated oil Companies
DKL,Delek Logistics Partners L.P. Common Units representing Limited Partner Interests,$38.47,-0.49,-1.258%,1816936215.00,United States,2012,113373,Energy,Natural Gas Distribution
DKNG,DraftKings Inc. Class A Common Stock,$36.56,0.09,0.247%,17750991607.00,United States,2019,7899997,Consumer Discretionary,Services-Misc. Amusement & Recreation
DKS,Dick's Sporting Goods Inc Common Stock,$205.27,0.90,0.44%,16711589650.00,United States,2002,544934,Consumer Discretionary,Other Specialty Stores
DLB,Dolby Laboratories Common Stock,$73.00,0.21,0.289%,6960376479.00,United States,2005,188852,Miscellaneous,Multi-Sector Companies
DLHC,DLH Holdings Corp.,$8.29,0.04,0.485%,117576166.00,United States,,20531,Consumer Discretionary,Professional Services
DLNG,Dynagas LNG Partners LP Common Units,$3.85,-0.02,-0.517%,141825426.00,Greece,,15841,Consumer Discretionary,Marine Transportation
DLNG^A,Dynagas LNG Partners LP 9.00% Series A Cumulative Redeemable Preferred Units,$25.6158,-0.091,-0.354%,,Greece,,7589,,
DLNG^B,Dynagas LNG Partners LP 8.75% Series B Fixed to Floating Rate Cumulative Redeemable Perpetual Preferred Units liquidation preference $25.00 per Uni,$26.45,-0.0668,-0.252%,,Greece,,3879,,
DLO,DLocal Limited Class A Common Shares,$9.09,0.26,2.945%,2690564235.00,Uruguay,2021,503441,Consumer Discretionary,Business Services
DLPN,Dolphin Entertainment Inc. Common Stock,$1.23,-0.07,-5.385%,13663069.00,United States,,41879,Consumer Discretionary,Other Consumer Services
DLR,Digital Realty Trust Inc. Common Stock,$183.31,2.30,1.271%,60017718842.00,United States,2004,2697798,Real Estate,Real Estate Investment Trusts
DLR^J,Digital Realty Trust Inc. 5.250% Series J Cumulative Redeemable Preferred Stock,$23.91,0.08,0.336%,,United States,,16681,,
DLR^K,Digital Realty Trust Inc. 5.850% Series K Cumulative Redeemable Preferred Stock par value $0.01 per share,$24.90,0.02,0.08%,,United States,,8948,,
DLR^L,Digital Realty Trust Inc. 5.200% Series L Cumulative Redeemable Preferred Stock,$23.78,0.04,0.168%,,United States,,16662,,
DLTH,Duluth Holdings Inc. Class B Common Stock,$3.71,-0.03,-0.802%,129981338.00,United States,2015,40372,Consumer Discretionary,Clothing/Shoe/Accessory Stores
DLTR,Dollar Tree Inc. Common Stock,$66.26,-0.19,-0.286%,14245377805.00,United States,1995,2799824,Consumer Discretionary,Department/Specialty Retail Stores
DLX,Deluxe Corporation Common Stock,$19.17,0.55,2.954%,847527515.00,United States,,169407,Consumer Discretionary,Publishing
DLY,DoubleLine Yield Opportunities Fund Common Shares of Beneficial Interest,$15.76,-0.08,-0.505%,755625477.00,United States,2020,199827,Finance,Investment Managers
DM,Desktop Metal Inc. Class A Common Stock,$4.92,0.02,0.408%,163509342.00,United States,2019,113411,Technology,Industrial Machinery/Components
DMA,Destra Multi-Alternative Fund Common Stock,$8.74,-0.02,-0.228%,0.00,,2022,13574,Finance,Trusts Except Educational Religious and Charitable
DMAC,DiaMedica Therapeutics Inc. Common Stock,$4.30,-0.09,-2.05%,183815678.00,United States,2018,37749,Health Care,Biotechnology: Pharmaceutical Preparations
DMB,BNY Mellon Municipal Bond Infrastructure Fund Inc. Common Stock,$10.69,0.01,0.094%,0.00,,2013,36200,Finance,Trusts Except Educational Religious and Charitable
DMF,BNY Mellon Municipal Income Inc. Common Stock,$7.18,0.035,0.49%,447248332.00,United States,1988,56223,Finance,Finance/Investors Services
DMLP,Dorchester Minerals L.P. Common Units Representing Limited Partnership Interests,$31.48,-0.1142,-0.361%,1261989506.00,United States,,118835,Energy,Oil & Gas Production
DMO,Western Asset Mortgage Opportunity Fund Inc. Common Stock,$11.99,-0.10,-0.827%,0.00,United States,2010,45173,Finance,Trusts Except Educational Religious and Charitable
DMRC,Digimarc Corporation Common Stock,$32.35,0.23,0.716%,692957219.00,United States,,76060,Technology,EDP Services
DMYY,dMY Squared Technology Group Inc. Class A Common Stock,$10.60,-0.06,-0.563%,0.00,,2022,767,Finance,Blank Checks
DNA,Ginkgo Bioworks Holdings Inc. Class A Common Stock,$8.27,0.11,1.348%,459608434.00,United States,2021,576426,Health Care,Biotechnology: Biological Products (No Diagnostic Substances)
DNB,Dun & Bradstreet Holdings Inc. Common Stock,$10.86,-0.03,-0.275%,4797797426.00,United States,2020,1624738,Finance,Finance: Consumer Services
DNLI,Denali Therapeutics Inc. Common Stock,$27.78,1.63,6.233%,3977131034.00,United States,2017,810036,Health Care,Biotechnology: Biological Products (No Diagnostic Substances)
DNMR,Danimer Scientific Inc. Common Stock,$0.389,-0.0052,-1.319%,46746172.00,United States,2020,1273395,Industrials,Major Chemicals
DNN,Denison Mines Corp Ordinary Shares (Canada),$2.23,0.04,1.826%,1989984951.00,Canada,,22464630,Basic Materials,Other Metals and Minerals
DNOW,DNOW Inc. Common Stock,$11.98,0.06,0.503%,1275510540.00,United States,2014,603685,Industrials,Metal Fabrications
DNP,DNP Select Income Fund Inc. Common Stock,$9.70,0.06,0.622%,0.00,United States,1987,372387,Finance,Investment Managers
DNTH,Dianthus Therapeutics Inc. Common Stock,$28.12,0.41,1.48%,825443478.00,United States,2018,118012,Health Care,Biotechnology: Pharmaceutical Preparations
DNUT,Krispy Kreme Inc. Common Stock,$11.65,0.13,1.128%,1975840000.00,United States,2021,954037,Consumer Staples,Food Chains
DOC,Healthpeak Properties Inc. Common Stock,$22.59,0.30,1.346%,15796993042.00,United States,,9525616,Real Estate,Real Estate Investment Trusts
DOCN,DigitalOcean Holdings Inc. Common Stock,$40.89,-0.15,-0.365%,3764429328.00,United States,2021,893956,Technology,Computer Software: Programming Data Processing
DOCS,Doximity Inc. Class A Common Stock,$41.42,0.17,0.412%,7690062052.00,United States,2021,590146,Technology,EDP Services
DOCU,DocuSign Inc. Common Stock,$69.58,0.59,0.855%,14122841371.00,United States,1989,1651459,Technology,Computer Software: Prepackaged Software
DOGZ,Dogness (International) Corporation Class A Common Stock,$46.82,-10.02,-17.628%,596049408.00,China,2017,89148,Consumer Discretionary,Miscellaneous manufacturing industries
DOLE,Dole plc Ordinary Shares,$16.33,0.24,1.492%,1550193493.00,Ireland,2021,488182,Consumer Staples,Farming/Seeds/Milling
DOMH,Dominari Holdings Inc. Common Stock,$1.75,-0.03,-1.685%,10983242.00,United States,,11718,Health Care,Biotechnology: Pharmaceutical Preparations
DOMO,Domo Inc. Class B Common Stock,$8.10,0.01,0.124%,312910015.00,United States,2018,190248,Technology,Computer Software: Prepackaged Software
DOOO,BRP Inc. (Recreational Products) Common Subordinate Voting Shares,$51.71,1.03,2.032%,3774962222.00,Canada,,76451,Consumer Discretionary,Industrial Specialties
DORM,Dorman Products Inc. Common Stock,$115.60,0.69,0.60%,3534156377.00,United States,,100334,Consumer Discretionary,Auto Parts:O.E.M.
DOUG,Douglas Elliman Inc. Common Stock,$1.99,0.18,9.945%,182746906.00,United States,2021,978976,Finance,Real Estate
DOV,Dover Corporation Common Stock,$192.46,5.48,2.931%,26403965776.00,United States,,1385244,Industrials,Industrial Machinery/Components
DOW,Dow Inc. Common Stock ,$50.11,0.41,0.825%,35123152713.00,United States,2019,6456230,Industrials,Major Chemicals
DOX,Amdocs Limited Ordinary Shares,$88.29,-0.58,-0.653%,10360638940.00,Guernsey,,487326,Technology,EDP Services
DOYU,DouYu International Holdings Limited ADS,$10.79,1.40,14.909%,341347843.00,China,2019,459216,Technology,Computer Software: Programming Data Processing
DPCSW,DP Cap Acquisition Corp I Warrants,$0.015,0.0018,13.636%,0.00,United States,2021,1900,Finance,Blank Checks
DPG,Duff & Phelps Utility and Infrastructure Fund Inc.,$11.57,-0.02,-0.173%,0.00,United States,2011,92895,Finance,Trusts Except Educational Religious and Charitable
DPRO,Draganfly Inc. Common Shares,$2.75,0.09,3.383%,9588310.00,Canada,,42735,Industrials,Aerospace
DPZ,Domino's Pizza Inc Common Stock,$417.24,3.43,0.829%,14408122501.00,United States,2004,593970,Consumer Discretionary,Food Distributors
DQ,DAQO New Energy Corp. American Depositary Shares each representing five ordinary shares,$29.14,3.60,14.096%,1923457122.00,China,2010,10780656,Technology,Semiconductors
DRCT,Direct Digital Holdings Inc. Class A Common Stock,$2.95,-0.04,-1.338%,43256437.00,United States,2022,73690,Consumer Discretionary,Advertising
DRD,DRDGOLD Limited American Depositary Shares,$12.13,0.09,0.748%,1048746105.00,South Africa,,246689,Basic Materials,Precious Metals
DRH,Diamondrock Hospitality Company Common Stock,$8.89,0.11,1.253%,1842520153.00,United States,2005,1143539,Real Estate,Real Estate Investment Trusts
DRH^A,Diamondrock Hospitality Company 8.250% Series A Cumulative Redeemable Preferred Stock,$25.77,0.04,0.155%,,United States,,6314,,
DRI,Darden Restaurants Inc. Common Stock,$162.20,2.28,1.426%,19058577207.00,United States,,937084,Consumer Discretionary,Restaurants
DRIO,DarioHealth Corp. Common Stock,$0.9949,0.0249,2.567%,29875136.00,Israel,,124915,Health Care,Medical/Dental Instruments
DRMA,Dermata Therapeutics Inc. Common Stock,$1.46,-0.03,-2.013%,1921332.00,United States,2021,65855,Health Care,Biotechnology: Pharmaceutical Preparations
DRMAW,Dermata Therapeutics Inc. Warrant,$0.0083,0.00,0.00%,10923.00,United States,2021,100,Health Care,Biotechnology: Pharmaceutical Preparations
DRRX,DURECT Corporation Common Stock,$1.48,0.05,3.497%,45938284.00,United States,2000,93205,Health Care,Biotechnology: Pharmaceutical Preparations
DRS,Leonardo DRS Inc. Common Stock,$28.23,-0.02,-0.071%,7444330242.00,Israel,,441395,Industrials,Industrial Machinery/Components
DRTS,Alpha Tau Medical Ltd. Ordinary Shares,$2.21,0.01,0.455%,153972053.00,Israel,,11375,Health Care,Medical/Dental Instruments
DRTSW,Alpha Tau Medical Ltd. Warrant,$0.1942,0.016,8.979%,13530033.00,Israel,,61565,Health Care,Medical/Dental Instruments
DRUG,Bright Minds Biosciences Inc. Common Stock,$47.64,-1.30,-2.656%,212657195.00,Canada,,771122,Health Care,Biotechnology: Pharmaceutical Preparations
DRVN,Driven Brands Holdings Inc. Common Stock,$14.74,0.21,1.445%,2418566882.00,United States,2021,434117,Consumer Discretionary,Automotive Aftermarket
DSGN,Design Therapeutics Inc. Common Stock,$5.53,0.09,1.654%,313111503.00,United States,2021,64920,Health Care,Biotechnology: Pharmaceutical Preparations
DSGR,Distribution Solutions Group Inc. Common Stock,$39.96,0.63,1.602%,1868424106.00,United States,,52545,Consumer Discretionary,Industrial Specialties
DSGX,Descartes Systems Group Inc. (The) Common Stock,$105.53,1.36,1.306%,9020770356.00,Canada,,108979,Technology,Computer Software: Prepackaged Software
DSL,DoubleLine Income Solutions Fund Common Shares of Beneficial Interests,$12.46,-0.05,-0.40%,1270880477.00,United States,2013,501664,Finance,Trusts Except Educational Religious and Charitable
DSM,BNY Mellon Strategic Municipal Bond Fund Inc. Common Stock,$6.00,-0.01,-0.166%,0.00,United States,1989,93701,Finance,Investment Managers
DSP,Viant Technology Inc. Class A Common Stock,$11.66,0.23,2.012%,736901296.00,United States,2021,43265,Technology,Computer Software: Programming Data Processing
DSS,DSS Inc. Common Stock,$1.35,-0.025,-1.818%,9540142.00,United States,,5382,Consumer Discretionary,Containers/Packaging
DSU,Blackrock Debt Strategies Fund Inc. Common Stock,$10.87,0.065,0.602%,0.00,United States,1998,101058,Finance,Finance Companies
DSWL,Deswell Industries Inc. Common Shares,$2.58,-0.0112,-0.432%,41112917.00,Macau,1995,1623,Industrials,Plastic Products
DSX,Diana Shipping inc. common stock,$2.24,-0.03,-1.322%,268716934.00,Greece,2005,227449,Consumer Discretionary,Marine Transportation
DSX^B,Diana Shipping Inc. Perpetual Preferred Shares Series B (Marshall Islands),$26.5984,-0.0316,-0.119%,,Greece,,482,,
DSY,Big Tree Cloud Holdings Limited Ordinary Shares,$4.20,0.23,5.793%,239738293.00,China,,127570,Consumer Discretionary,Containers/Packaging
DSYWW,Big Tree Cloud Holdings Limited Warrants,$0.0415,0.0031,8.073%,2368843.00,China,,32851,Consumer Discretionary,Containers/Packaging
DT,Dynatrace Inc. Common Stock,$54.19,0.12,0.222%,16143494927.00,United States,2019,1424552,Technology,Computer Software: Prepackaged Software
DTB,DTE Energy Company 2020 Series G 4.375% Junior Subordinated Debentures due 2080,$20.44,0.00,0.00%,4233135978.00,United States,2020,23108,Utilities,Electric Utilities: Central
DTC,Solo Brands Inc. Class A Common Stock,$1.31,0.06,4.80%,120035350.00,United States,2021,365270,Consumer Discretionary,Recreational Games/Products/Toys
DTCK,Davis Commodities Limited Ordinary Shares,$1.09,-0.01,-0.909%,26705681.00,Singapore,2023,23101,Industrials,Farming/Seeds/Milling
DTE,DTE Energy Company Common Stock,$126.63,0.06,0.047%,26225147205.00,United States,,939654,Utilities,Electric Utilities: Central
DTF,DTF Tax-Free Income 2028 Term Fund Inc. Common Stock,$11.20,0.00,0.00%,78731150.00,United States,1991,7592,Finance,Investment Managers
DTG,DTE Energy Company 2021 Series E 4.375% Junior Subordinated Debentures,$20.93,-0.08,-0.381%,4334615265.00,United States,2021,16575,Utilities,Electric Utilities: Central
DTI,Drilling Tools International Corporation Common Stock,$3.30,0.00,0.00%,114525497.00,United States,2021,37777,Industrials,Metal Fabrications
DTIL,Precision BioSciences Inc. Common Stock,$8.28,-0.09,-1.075%,59895533.00,United States,2019,38776,Health Care,Biotechnology: Biological Products (No Diagnostic Substances)
DTM,DT Midstream Inc. Common Stock ,$87.42,0.03,0.034%,8489502716.00,United States,2021,634930,Utilities,Natural Gas Distribution
DTSQR,DT Cloud Star Acquisition Corporation Right,$0.125,0.00,0.00%,0.00,United States,2024,38,,
DTSQU,DT Cloud Star Acquisition Corporation Units,$10.11,-0.02,-0.197%,0.00,United States,2024,346,,
DTSS,Datasea Inc. Common Stock,$2.38,-0.09,-3.644%,12268372.00,China,,76176,Technology,Computer Software: Prepackaged Software
DTST,Data Storage Corporation Common Stock,$3.44,-0.02,-0.578%,24065628.00,United States,,35488,Technology,EDP Services
DTSTW,Data Storage Corporation Warrant,$0.4655,0.0187,4.185%,3256555.00,United States,,1000,Technology,EDP Services
DTW,DTE Energy Company 2017 Series E 5.25% Junior Subordinated Debentures due 2077,$24.08,0.02,0.083%,4986982111.00,United States,2017,24123,Utilities,Electric Utilities: Central
DUETW,DUET Acquisition Corp. Warrant,$0.016,-0.0139,-46.488%,0.00,Malaysia,2022,1785,Finance,Blank Checks
DUK,Duke Energy Corporation (Holding Company) Common Stock,$117.06,-0.15,-0.128%,90393931704.00,United States,,2214256,Utilities,Power Generation
DUK^A,Duke Energy Corporation Depositary Shares each representing a 1/1000th interest in a share of 5.75% Series A Cumulative Redeemable Perpetual Preferred Stock,$25.21,0.06,0.239%,,United States,,38544,,
DUKB,Duke Energy Corporation 5.625% Junior Subordinated Debentures due 2078,$25.05,0.07,0.28%,19343652735.00,United States,2018,24738,Utilities,Power Generation
DUO,Fangdd Network Group Ltd. Class A Ordinary Shares,$1.18,0.10,9.259%,7516600.00,China,2019,2757061,Finance,Real Estate
DUOL,Duolingo Inc. Class A Common Stock,$290.24,-1.37,-0.47%,12636686510.00,United States,2021,315783,Technology,Computer Software: Prepackaged Software
DUOT,Duos Technologies Group Inc. Common Stock,$4.16,-0.06,-1.422%,31990271.00,United States,,23086,Technology,Computer Software: Prepackaged Software
DV,DoubleVerify Holdings Inc. Common Stock,$17.46,0.11,0.634%,2968982400.00,United States,2021,2093628,Technology,Computer Software: Programming Data Processing
DVA,DaVita Inc. Common Stock,$157.05,0.06,0.038%,13176495000.00,United States,,827489,Health Care,Misc Health and Biotechnology Services
DVAX,Dynavax Technologies Corporation Common Stock,$11.39,0.68,6.349%,1492595522.00,United States,2004,3337499,Health Care,Biotechnology: Pharmaceutical Preparations
DVN,Devon Energy Corporation Common Stock,$38.59,-0.60,-1.531%,24165058000.00,United States,1985,8472672,Energy,Oil & Gas Production
DWSN,Dawson Geophysical Company Common Stock,$1.62,-0.17,-9.497%,50068979.00,United States,,5192,Energy,Oil & Gas Production
DWTX,Dogwood Therapeutics Inc. Common Stock,$4.87,-0.12,-2.405%,6488145.00,United States,2020,34016,Health Care,Biotechnology: Pharmaceutical Preparations
DX,Dynex Capital Inc. Common Stock,$12.41,0.00,0.00%,927123500.00,United States,,2105961,Real Estate,Real Estate Investment Trusts
DX^C,Dynex Capital Inc. 6.900% Series C Fixed-to-Floating Rate Cumulative Redeemable Preferred Stock,$25.30,0.07,0.277%,,United States,,4981,,
DXC,DXC Technology Company Common Stock ,$20.27,0.40,2.013%,3665084172.00,United States,,774664,Technology,EDP Services
DXCM,DexCom Inc. Common Stock,$72.10,-1.34,-1.825%,28892404010.00,United States,2005,5564987,Health Care,Medical/Dental Instruments
DXLG,Destination XL Group Inc. Common Stock,$2.74,0.08,3.008%,159626164.00,United States,,225666,Consumer Discretionary,Clothing/Shoe/Accessory Stores
DXPE,DXP Enterprises Inc. Common Stock,$49.37,0.86,1.773%,779488810.00,United States,,95977,Industrials,Industrial Machinery/Components
DXR,Daxor Corporation Common Stock,$8.60,-0.305,-3.425%,41624000.00,United States,,16483,Health Care,Medical/Dental Instruments
DXYZ,Destiny Tech100 Inc. Common Stock,$11.78,-0.21,-1.751%,0.00,,2024,235314,,
DY,Dycom Industries Inc. Common Stock,$188.37,-3.69,-1.921%,5482347417.00,United States,,496765,Industrials,Water Sewer Pipeline Comm & Power Line Construction
DYAI,Dyadic International Inc. Common Stock,$1.0889,0.0289,2.726%,32098201.00,United States,,22438,Health Care,Biotechnology: Biological Products (No Diagnostic Substances)
DYCQ,DT Cloud Acquisition Corporation Ordinary Shares,$10.35,-0.05,-0.481%,0.00,United Kingdom,2024,428,,
DYCQU,DT Cloud Acquisition Corporation Unit,$10.46,0.00,0.00%,0.00,United Kingdom,2024,9,,
DYN,Dyne Therapeutics Inc. Common Stock,$30.78,0.05,0.163%,3090336562.00,United States,2020,796003,Health Care,Biotechnology: Pharmaceutical Preparations
E,ENI S.p.A. Common Stock,$30.44,-0.56,-1.806%,51381774747.00,Italy,,423024,Energy,Oil & Gas Production
EA,Electronic Arts Inc. Common Stock,$144.18,-1.02,-0.702%,38092346052.00,United States,,2059024,Technology,Computer Software: Prepackaged Software
EAD,Allspring Income Opportunities Fund Common Shares,$6.88,-0.03,-0.434%,0.00,United States,2003,98262,Finance,Finance/Investors Services
EAF,GrafTech International Ltd. Common Stock,$2.09,0.12,6.091%,537479295.00,United States,2018,1502165,Energy,Industrial Machinery/Components
EAI,Entergy Arkansas LLC First Mortgage Bonds 4.875% Series Due September 1 2066,$22.92,0.07,0.306%,4901002990.00,United States,2016,16900,Utilities,Electric Utilities: Central
EARN,Ellington Credit Company Common Shares of Beneficial Interest,$6.79,-0.07,-1.02%,171970269.00,United States,2013,514236,Real Estate,Real Estate Investment Trusts
EAST,Eastside Distilling Inc. Common Stock,$0.6095,0.0245,4.188%,1074847.00,United States,,38026,Consumer Staples,Beverages (Production/Distribution)
EAT,Brinker International Inc. Common Stock,$97.73,2.84,2.993%,4393758631.00,United States,,1823766,Consumer Discretionary,Restaurants
EB,Eventbrite Inc. Class A Common Stock,$3.12,0.12,4.00%,299835557.00,United States,2018,896334,Technology,Computer Software: Programming Data Processing
EBAY,eBay Inc. Common Stock,$62.99,-0.11,-0.174%,30802110000.00,United States,1998,3071762,Consumer Discretionary,Business Services
EBC,Eastern Bankshares Inc. Common Stock,$16.70,0.78,4.899%,3601326593.00,United States,2020,1309754,Finance,Savings Institutions
EBF,Ennis Inc. Common Stock,$20.60,0.09,0.439%,535679392.00,United States,,106468,Consumer Discretionary,Office Equipment/Supplies/Services
EBMT,Eagle Bancorp Montana Inc. Common Stock,$16.78,0.28,1.697%,134521636.00,United States,2010,18623,Finance,Major Banks
EBON,Ebang International Holdings Inc. Class A Ordinary Shares,$5.95,0.22,3.839%,38936431.00,China,2020,36970,Technology,Semiconductors
EBR,Centrais Electricas Brasileiras S A American Depositary Shares (Each representing one Common Share),$6.73,0.09,1.355%,15114330118.00,Brazil,2016,1693805,Utilities,Electric Utilities: Central
EBS,Emergent BioSolutions Inc. Common Stock,$9.67,0.74,8.287%,511607054.00,United States,2006,1039299,Health Care,Biotechnology: Pharmaceutical Preparations
EBTC,Enterprise Bancorp Inc Common Stock,$32.57,1.38,4.424%,404657953.00,United States,,16115,Finance,Major Banks
EC,Ecopetrol S.A. American Depositary Shares,$8.05,-0.05,-0.617%,16549469617.00,Colombia,,2182399,Energy,Oil & Gas Production
ECAT,BlackRock ESG Capital Allocation Term Trust Common Shares of Beneficial Interest,$17.14,0.00,0.00%,1853433900.00,United States,2021,263122,Finance,Trusts Except Educational Religious and Charitable
ECBK,ECB Bancorp Inc. Common Stock,$14.99,0.00,0.00%,137726186.00,United States,2022,26631,Finance,Banks
ECC           ,Eagle Point Credit Company Inc. Common Stock,$9.58,-0.03,-0.312%,581146980.00,United States,2014,737067,Finance,Trusts Except Educational Religious and Charitable
ECC^D,Eagle Point Credit Company Inc. 6.75% Series D Preferred Stock,$19.94,0.04,0.201%,,United States,,35266,,
ECCC,Eagle Point Credit Company Inc. 6.50% Series C Term Preferred Stock due 2031,$23.425,0.0249,0.106%,1421019625.00,United States,,1587,Finance,Trusts Except Educational Religious and Charitable
ECCF,Eagle Point Credit Company Inc. 8.00% Series F Term Preferred Stock due 2029,$24.9799,0.1249,0.503%,27194938376.00,United States,,2970,,
ECCV,Eagle Point Credit Company Inc. 5.375% Notes due 2029,$23.06,0.02,0.087%,1398877803.00,United States,2022,1003,Finance,Trusts Except Educational Religious and Charitable
ECCW,Eagle Point Credit Company Inc. 6.75% Notes due 2031,$24.4944,-0.1056,-0.429%,1485892128.00,United States,2021,2931,Finance,Trusts Except Educational Religious and Charitable
ECCX,Eagle Point Credit Company Inc. 6.6875% Notes due 2028,$24.8001,-0.0634,-0.255%,1504436661.00,United States,2022,3945,Finance,Trusts Except Educational Religious and Charitable
ECDA,ECD Automotive Design Inc. Common Stock,$1.02,0.01,0.99%,35342655.00,United States,2022,31083,Consumer Discretionary,Auto Manufacturing
ECF,Ellsworth Growth and Income Fund Ltd.,$9.225,-0.05,-0.539%,0.00,United States,1986,12794,Finance,Finance/Investors Services
ECF^A,Ellsworth Growth and Income Fund Ltd. 5.25% Series A Cumulative Preferred Shares (Liquidation Preference $25.00 per share),$23.74,-0.25,-1.042%,,United States,,2900,,
ECL,Ecolab Inc. Common Stock,$256.45,2.96,1.168%,72969671623.00,United States,,1431927,Consumer Discretionary,Package Goods/Cosmetics
ECO,Okeanis Eco Tankers Corp. Common Stock,$27.98,-1.02,-3.517%,0.00,,,235784,Consumer Discretionary,Marine Transportation
ECOR,electroCore Inc. Common Stock,$11.05,-0.33,-2.90%,71237869.00,United States,2018,211879,Health Care,Biotechnology: Electromedical & Electrotherapeutic Apparatus
ECPG,Encore Capital Group Inc Common Stock,$46.08,0.94,2.082%,1091679345.00,United States,,85761,Finance,Finance Companies
ECVT,Ecovyst Inc. Common Stock,$6.34,0.19,3.089%,738395911.00,United States,2017,1950589,Industrials,Major Chemicals
ECX,ECARX Holdings Inc. Class A Ordinary shares,$1.82,0.02,1.111%,615068936.00,China,,23989,Technology,EDP Services
ECXWW,ECARX Holdings Inc. Warrants,$0.0155,-0.0073,-32.018%,5238224.00,China,,1000,Technology,EDP Services
ED,Consolidated Edison Inc. Common Stock,$104.81,0.21,0.201%,36279688032.00,United States,,1204567,Utilities,Power Generation
EDAP,EDAP TMS S.A. American Depositary Shares,$2.90,0.17,6.227%,107600959.00,France,1997,90195,Health Care,Biotechnology: Electromedical & Electrotherapeutic Apparatus
EDBL,Edible Garden AG Incorporated Common Stock,$0.191,-0.024,-11.163%,603635.00,United States,2022,11742665,Consumer Staples,Farming/Seeds/Milling
EDBLW,Edible Garden AG Incorporated Warrant,$0.0194,0.0088,83.019%,61312.00,United States,2022,82839,Consumer Staples,Farming/Seeds/Milling
EDD,Morgan Stanley Emerging Markets Domestic Debt Fund Inc. Common Stock,$4.68,-0.09,-1.887%,0.00,United States,2007,211986,Finance,Finance Companies
EDF,Virtus Stone Harbor Emerging Markets Income Fund Common Shares of Beneficial Interest,$5.03,0.025,0.50%,0.00,United States,2010,54438,Finance,Investment Managers
EDIT,Editas Medicine Inc. Common Stock,$3.26,0.08,2.516%,268873181.00,United States,2016,1340569,Health Care,Biotechnology: Biological Products (No Diagnostic Substances)
EDN,Empresa Distribuidora Y Comercializadora Norte S.A. (Edenor) American Depositary Shares,$26.48,-0.08,-0.301%,1200146552.00,Argentina,2007,234970,Utilities,Electric Utilities: Central
EDR,Endeavor Group Holdings Inc. Class A Common Stock,$29.13,0.24,0.831%,19935729881.00,United States,2021,1614842,Consumer Discretionary,Services-Misc. Amusement & Recreation
EDRY,EuroDry Ltd. Common Shares ,$18.08,-0.8433,-4.456%,51210099.00,Greece,,7392,Consumer Discretionary,Marine Transportation
EDSA,Edesa Biotech Inc. Common Shares,$3.40,0.00,0.00%,10934291.00,United States,,2327,Health Care,Biotechnology: Pharmaceutical Preparations
EDTK,Skillful Craftsman Education Technology Limited Ordinary Share,$1.02,0.0499,5.144%,16248040.00,China,2020,67377,Real Estate,Other Consumer Services
EDU,New Oriental Education & Technology Group Inc. Sponsored ADR representing 10 Ordinary Share (Cayman Islands),$64.18,3.43,5.646%,10495280502.00,China,2006,1814554,Real Estate,Other Consumer Services
EDUC,Educational Development Corporation Common Stock,$2.02,-0.08,-3.81%,17334834.00,United States,,2378,Consumer Discretionary,Consumer Specialties
EE,Excelerate Energy Inc. Class A Common Stock,$23.28,0.07,0.302%,2492652153.00,United States,2022,158395,Utilities,Oil/Gas Transmission
EEA,The European Equity Fund Inc. Common Stock,$9.00,0.10,1.124%,0.00,United States,,4958,Finance,Trusts Except Educational Religious and Charitable
EEFT,Euronet Worldwide Inc. Common Stock,$101.58,1.08,1.075%,4562389921.00,United States,1997,270737,Finance,Investment Bankers/Brokers/Service
EEIQ,EpicQuest Education Group International Limited Common Stock,$0.77,-0.02,-2.532%,9546593.00,United States,2021,16365,Real Estate,Other Consumer Services
EEX,Emerald Holding Inc. Common Stock,$4.66,0.04,0.866%,950299825.00,United States,2017,75555,Consumer Discretionary,Business Services
EFC,Ellington Financial Inc. Common Stock ,$12.51,-0.06,-0.477%,1087494888.00,United States,2010,694858,Finance,Real Estate
EFC^A,Ellington Financial Inc. 6.750% Series A Fixed-to-Floating Rate Cumulative Redeemable Preferred Stock,$25.16,0.0199,0.079%,,United States,,4265,,
EFC^B,Ellington Financial Inc. 6.250% Series B Fixed-Rate Reset Cumulative Redeemable Preferred Stock,$22.655,0.029,0.128%,,United States,,2499,,
EFC^C,Ellington Financial Inc. 8.625% Series C Fixed-Rate Reset Cumulative Redeemable Preferred Stock,$25.1474,-0.3526,-1.383%,,United States,,459,,
EFC^D,Ellington Financial Inc. 7.00% Series D Cumulative Perpetual Redeemable Preferred Stock,$22.59,0.00,0.00%,,United States,,40,,
EFC^E,Ellington Financial Inc. 8.250% Series E Fixed-to-Floating Rate Cumulative Redeemable Preferred Stock,$25.36,-0.055,-0.216%,,United States,,1592,,
EFOI,Energy Focus Inc. Common Stock,$1.24,0.015,1.224%,6523319.00,United States,,6024,Consumer Discretionary,Building Products
EFR,Eaton Vance Senior Floating-Rate Fund Common Shares of Beneficial Interest,$12.72,-0.025,-0.196%,0.00,United States,2003,85154,Finance,Trusts Except Educational Religious and Charitable
EFSC,Enterprise Financial Services Corporation Common Stock,$53.32,1.65,3.193%,1992431368.00,United States,,95945,Finance,Major Banks
EFSCP,Enterprise Financial Services Corporation Depositary Shares Each Representing a 1/40th Interest in a Share of 5% Fixed Rate Non-Cumulative Perpetual Preferred Stock Series A,$20.7601,-0.1399,-0.669%,775751584.00,United States,,1438,Finance,Major Banks
EFSH,1847 Holdings LLC Common Shares,$1.26,-0.60,-32.258%,862864.00,,2022,1904724,Consumer Discretionary,Professional Services
EFT,Eaton Vance Floating Rate Income Trust Common Shares of Beneficial Interest,$13.13,-0.02,-0.152%,381957149.00,United States,2004,104179,Finance,Finance Companies
EFX,Equifax Inc. Common Stock,$270.02,0.13,0.048%,33469523090.00,United States,,760786,Finance,Finance: Consumer Services
EFXT,Enerflex Ltd Common Shares,$6.47,-0.01,-0.154%,802569927.00,Canada,2022,96263,Industrials,Industrial Machinery/Components
EG,Everest Group Ltd. Common Stock,$381.44,1.83,0.482%,16506261768.00,Bermuda,,250613,Finance,Property-Casualty Insurers
EGAN,eGain Corporation Common Stock,$5.13,0.34,7.098%,146264267.00,United States,1999,32509,Technology,Computer Software: Prepackaged Software
EGBN,Eagle Bancorp Inc. Common Stock,$26.62,0.45,1.72%,803320418.00,United States,,235624,Finance,Major Banks
EGF,Blackrock Enhanced Government Fund Inc. Common Stock,$9.72,0.0099,0.102%,0.00,United States,2005,6811,Finance,Trusts Except Educational Religious and Charitable
EGY,VAALCO Energy Inc.  Common Stock,$5.40,-0.16,-2.878%,560213080.00,United States,,813407,Energy,Oil & Gas Production
EH,EHang Holdings Limited ADS,$18.55,1.34,7.786%,1178031496.00,China,2019,2157426,Industrials,Military/Government/Technical
EHAB,Enhabit Inc. Common Stock,$7.13,0.09,1.278%,358519986.00,United States,2022,232966,Health Care,Medical/Nursing Services
EHC,Encompass Health Corporation Common Stock,$93.09,-0.37,-0.396%,9367209736.00,United States,,1279165,Health Care,Hospital/Nursing Management
EHGO,Eshallgo Inc. Class A Ordinary Shares,$2.36,0.03,1.288%,48344600.00,China,2024,15324,Consumer Discretionary,Diversified Commercial Services
EHI,Western Asset Global High Income Fund Inc Common Stock,$6.81,0.025,0.368%,0.00,United States,2003,145794,Finance,Investment Managers
EHTH,eHealth Inc. Common Stock,$5.00,0.00,0.00%,147027090.00,United States,2006,79970,Finance,Specialty Insurers
EIC,Eagle Point Income Company Inc. Common Stock,$15.85,-0.23,-1.43%,141193512.00,,2019,187810,Finance,Finance/Investors Services
EICA,Eagle Point Income Company Inc. 5.00% Series A Term Preferred Stock due 2026,$23.85,0.099,0.417%,212458376.00,,2021,1053,Finance,Finance/Investors Services
EICB,Eagle Point Income Company Inc. 7.75% Series B Term Preferred Stock Due 2028,$24.95,0.01,0.04%,0.00,,,2404,,
EICC,Eagle Point Income Company Inc. 8.00% Series C Term Preferred Stock due 2029,$25.05,0.06,0.24%,0.00,,,7991,,
EIG,Employers Holdings Inc Common Stock,$47.94,0.42,0.884%,1190665885.00,United States,2007,328311,Finance,Property-Casualty Insurers
EIIA,Eagle Point Institutional Income Fund 8.125% Series A Term Preferred Shares Due 2029,$25.00,0.05,0.20%,0.00,,2024,30973,,
EIM,Eaton Vance Municipal Bond Fund Common Shares of Beneficial Interest $.01 par value,$10.40,0.02,0.193%,0.00,United States,2002,145949,Finance,Finance/Investors Services
EIX,Edison International Common Stock,$84.48,0.57,0.679%,32624211502.00,United States,,1588999,Utilities,Electric Utilities: Central
EJH,E-Home Household Service Holdings Limited Ordinary Shares,$0.9143,0.0043,0.473%,7812111.00,China,2021,206205,Consumer Discretionary,Other Consumer Services
EKSO,Ekso Bionics Holdings Inc. Common Stock,$1.13,0.09,8.654%,20841925.00,United States,,237970,Industrials,Industrial Machinery/Components
EL,Estee Lauder Companies Inc. (The) Common Stock,$88.72,1.47,1.685%,31825566004.00,United States,1995,6033818,Consumer Discretionary,Package Goods/Cosmetics
ELA,Envela Corporation Common Stock,$5.35,0.15,2.885%,139497987.00,United States,,4417,Consumer Discretionary,Consumer Specialties
ELAB,Elevai Labs Inc. Common Stock,$0.099,-0.0023,-2.27%,1999019.00,United States,2023,21173352,Health Care,Biotechnology: Pharmaceutical Preparations
ELAN,Elanco Animal Health Incorporated Common Stock,$12.51,0.10,0.806%,6184006563.00,United States,2018,3051280,Health Care,Biotechnology: Pharmaceutical Preparations
ELBM,Electra Battery Materials Corporation Common Stock,$0.5399,-0.0079,-1.442%,30881453.00,Canada,,53605,Miscellaneous,Industrial Machinery/Components
ELC,Entergy Louisiana Inc. Collateral Trust Mortgage Bonds 4.875 % Series due September 1 2066,$22.70,-0.07,-0.307%,4840492430.00,United States,2016,10517,Utilities,Electric Utilities: Central
ELDN,Eledon Pharmaceuticals Inc. Common Stock,$3.37,-0.02,-0.59%,133639716.00,United States,2014,202983,Health Care,Biotechnology: Pharmaceutical Preparations
ELEV,Elevation Oncology Inc. Common stock,$0.5957,0.0137,2.354%,35209926.00,United States,2021,404708,Health Care,Biotechnology: Biological Products (No Diagnostic Substances)
ELF,e.l.f. Beauty Inc. Common Stock,$110.06,-0.32,-0.29%,6206088374.00,United States,2016,1823243,Consumer Discretionary,Package Goods/Cosmetics
ELLO,Ellomay Capital Ltd Ordinary Shares (Israel),$13.9499,0.4799,3.563%,179292275.00,Israel,,2858,Utilities,Electric Utilities: Central
ELMD,Electromed Inc. Common Stock,$22.38,-0.86,-3.701%,193338962.00,United States,2011,89434,Health Care,Biotechnology: Electromedical & Electrotherapeutic Apparatus
ELME,Elme Communities Common Stock,$17.12,0.10,0.588%,1506740958.00,United States,2000,332099,Real Estate,Real Estate Investment Trusts
ELP,Companhia Paranaense de Energia (COPEL) American Depositary Shares (each representing one Unit consisting one Common Share and four non-voting Class B Preferred Shares),$6.80,0.00,0.00%,2210590410.00,Brazil,2021,230714,Utilities,Electric Utilities: Central
ELPC,Companhia Paranaense de Energia (COPEL) American Depositary Shares (each representing four (4) Common Shares),$6.02,0.07,1.176%,1957022687.00,Brazil,2023,29270,Utilities,Electric Utilities: Central
ELS,Equity Lifestyle Properties Inc. Common Stock,$68.94,-0.45,-0.649%,12858585114.00,United States,,1292604,Real Estate,Real Estate Investment Trusts
ELSE,Electro-Sensors Inc. Common Stock,$3.9499,0.0099,0.251%,13540340.00,United States,,2658,Industrials,Industrial Machinery/Components
ELTK,Eltek Ltd. Ordinary Shares,$10.55,0.11,1.054%,70790500.00,Israel,1997,34660,Technology,Electrical Products
ELTX,Elicio Therapeutics Inc. Common Stock,$4.41,-0.24,-5.161%,47515871.00,United States,2021,64000,Health Care,Biotechnology: Pharmaceutical Preparations
ELUT,Elutia Inc. Class A Common Stock,$3.27,-0.04,-1.208%,111377315.00,United States,2020,10204,Health Care,Biotechnology: Biological Products (No Diagnostic Substances)
ELV,Elevance Health Inc. Common Stock,$417.26,-8.01,-1.884%,96772113787.00,United States,,1518277,Health Care,Medical Specialities
ELVA,Electrovaya Inc. Common Shares,$2.1046,-0.0254,-1.192%,71838764.00,Canada,,7598,,
ELVN,Enliven Therapeutics Inc. Common Stock,$28.66,-0.15,-0.521%,1353818353.00,United States,2020,239528,Health Care,Biotechnology: Pharmaceutical Preparations
ELWS,Earlyworks Co. Ltd. American Depositary Shares,$2.0009,-0.0041,-0.204%,6033474.00,Japan,2023,10825,Technology,EDP Services
EM,Smart Share Global Limited American Depositary Shares,$0.75,0.0129,1.75%,194681462.00,China,2021,143265,Consumer Discretionary,Other Consumer Services
EMBC,Embecta Corp. Common Stock,$14.13,0.23,1.655%,815326858.00,United States,,168540,Health Care,Medical/Dental Instruments
EMCG,Embrace Change Acquisition Corp Ordinary Shares,$11.58,0.00,0.00%,0.00,United States,2022,1,Finance,Blank Checks
EMD,Western Asset Emerging Markets Debt Fund Inc Common Stock,$9.74,-0.07,-0.714%,0.00,United States,,240998,Finance,Finance/Investors Services
EME,EMCOR Group Inc. Common Stock,$431.56,2.98,0.695%,20135452439.00,United States,,359442,Industrials,Engineering & Construction
EMF,Templeton Emerging Markets Fund Common Stock,$13.21,0.08,0.609%,0.00,United States,1987,14681,Finance,Finance/Investors Services
EMKR,EMCORE Corporation Common Stock,$2.13,0.00,0.00%,19311901.00,United States,1997,100044,Technology,Semiconductors
EML,Eastern Company (The) Common Stock,$32.00,0.85,2.729%,199309824.00,United States,,13828,Consumer Discretionary,Industrial Machinery/Components
EMN,Eastman Chemical Company Common Stock,$106.70,1.27,1.205%,12469004893.00,United States,,692419,Industrials,Major Chemicals
EMO,ClearBridge Energy Midstream Opportunity Fund Inc. Common Stock,$43.42,-0.51,-1.161%,0.00,United States,2011,51483,Finance,Investment Managers
EMP,Entergy Mississippi LLC First Mortgage Bonds 4.90% Series Due October 1 2066,$22.84,-0.01,-0.044%,4883896523.00,United States,2016,8463,Utilities,Electric Utilities: Central
EMR,Emerson Electric Company Common Stock,$108.66,0.53,0.49%,62229582000.00,United States,,2150946,Technology,Consumer Electronics/Appliances
EMX,EMX Royalty Corporation Common Shares (Canada),$1.92,0.00,0.00%,217972410.00,Canada,,107214,Basic Materials,Metal Mining
ENB,Enbridge Inc Common Stock,$40.87,-0.07,-0.171%,86893329116.00,Canada,,2519057,Energy,Natural Gas Distribution
ENFN,Enfusion Inc. Class A Common Stock,$9.16,0.20,2.232%,1176231011.00,United States,2021,176588,Technology,Computer Software: Prepackaged Software
ENG,ENGlobal Corporation Common Stock,$1.375,-0.051,-3.576%,7090302.00,United States,,2752,Consumer Discretionary,Military/Government/Technical
ENGN,enGene Holdings Inc. Common Stock,$8.84,-0.23,-2.536%,390865701.00,Canada,,29563,Health Care,Biotechnology: Biological Products (No Diagnostic Substances)
ENGNW,enGene Holdings Inc. Warrants,$2.07,0.00,0.00%,91526244.00,Canada,,6,Health Care,Biotechnology: Biological Products (No Diagnostic Substances)
ENIC,Enel Chile S.A. American Depositary Shares (Each representing 50 shares of Common Stock),$2.82,0.00,0.00%,3900993826.00,Chile,2016,308547,Utilities,Electric Utilities: Central
ENJ,Entergy New Orleans LLC First Mortgage Bonds 5.0% Series due December 1 2052,$23.6325,0.00,0.00%,5053357468.00,United States,,5,Utilities,Power Generation
ENLC,EnLink Midstream LLC Common Units representing Limited Partner Interests,$14.71,-0.10,-0.675%,6787921571.00,United States,,918185,Utilities,Natural Gas Distribution
ENLT,Enlight Renewable Energy Ltd. Ordinary Shares,$15.89,0.10,0.633%,1874425936.00,Israel,2023,10780,Utilities,Electric Utilities: Central
ENLV,Enlivex Therapeutics Ltd. Ordinary Shares,$1.48,0.01,0.68%,30902400.00,Israel,2014,162936,Health Care,Biotechnology: Pharmaceutical Preparations
ENO,Entergy New Orleans LLC First Mortgage Bonds 5.50% Series due April 1 2066,$24.70,0.01,0.041%,5281621896.00,United States,2016,4501,Utilities,Power Generation
ENOV,Enovis Corporation Common Stock,$41.17,1.18,2.951%,2299365085.00,United States,,709567,Health Care,Industrial Specialties
ENPH,Enphase Energy Inc. Common Stock,$84.68,0.85,1.014%,11440828836.00,United States,2012,4352150,Technology,Semiconductors
ENR,Energizer Holdings Inc. Common Stock,$32.77,0.45,1.392%,2352758492.00,United States,2015,340418,Miscellaneous,Industrial Machinery/Components
ENS,EnerSys Common Stock,$100.78,1.43,1.439%,4055866006.00,United States,2004,123141,Technology,Industrial Machinery/Components
ENSC,Ensysce Biosciences Inc. Common Stock,$0.3328,-0.021,-5.936%,2819206.00,United States,,3677901,Health Care,Biotechnology: Pharmaceutical Preparations
ENSG,The Ensign Group Inc. Common Stock,$151.87,-0.95,-0.622%,8673858075.00,United States,2007,384480,Health Care,Hospital/Nursing Management
ENSV,Enservco Corporation Common Stock,$0.15,0.0045,3.093%,6876283.00,United States,,652067,Energy,Oilfield Services/Equipment
ENTA,Enanta Pharmaceuticals Inc. Common Stock,$11.58,-0.10,-0.856%,245363652.00,United States,2013,93747,Health Care,Biotechnology: Pharmaceutical Preparations
ENTG,Entegris Inc. Common Stock,$105.95,0.94,0.895%,15996159891.00,United States,2000,1892363,Industrials,Plastic Products
ENTO,Entero Therapeutics Inc. Common Stock,$0.5789,-0.0519,-8.228%,2752108.00,United States,2016,255249,Health Care,Biotechnology: Pharmaceutical Preparations
ENTX,Entera Bio Ltd. Ordinary Shares,$1.86,-0.02,-1.064%,67563717.00,Israel,2018,13602,Health Care,Biotechnology: Biological Products (No Diagnostic Substances)
ENV,Envestnet Inc Common Stock,$62.71,-0.04,-0.064%,3463867683.00,United States,2010,475955,Consumer Discretionary,Business Services
ENVA,Enova International Inc. Common Stock,$86.97,1.40,1.636%,2279145561.00,United States,2014,190047,Finance,Finance: Consumer Services
ENVB,Enveric Biosciences Inc. Common Stock,$0.5346,0.0336,6.707%,4768589.00,United States,,142983,Health Care,Biotechnology: Pharmaceutical Preparations
ENVX,Enovix Corporation Common Stock,$11.41,1.00,9.606%,2011408404.00,United States,2021,5147977,Miscellaneous,Industrial Machinery/Components
ENX,Eaton Vance New York Municipal Bond Fund Common Shares of Beneficial Interest $.01 par value,$9.53,0.03,0.316%,0.00,United States,2002,21805,Finance,Finance/Investors Services
ENZ,Enzo Biochem Inc. Common Stock ($0.01 Par Value),$1.12,-0.02,-1.754%,57632579.00,United States,1988,38312,Health Care,Medical Specialities
EOD,Allspring Global Dividend Opportunity Fund Common Shares of Beneficial Interest,$4.88,0.00,0.00%,0.00,United States,2007,125739,Finance,Investment Managers
EOG,EOG Resources Inc. Common Stock,$122.07,-1.10,-0.893%,69408949632.00,United States,,2390343,Energy,Oil & Gas Production
EOI,Eaton Vance Enhance Equity Income Fund Eaton Vance Enhanced Equity Income Fund Shares of Beneficial Interest,$20.21,0.06,0.298%,0.00,United States,2004,54198,Finance,Finance/Investors Services
EOLS,Evolus Inc. Common Stock,$16.27,-0.19,-1.154%,1026547222.00,United States,2018,358116,Health Care,Biotechnology: Pharmaceutical Preparations
EONR,EON Resources Inc. Class A Common Stock,$1.27,0.02,1.60%,9381501.00,,2022,870247,Energy,Oil & Gas Production
EOS,Eaton Vance Enhance Equity Income Fund II Common Stock,$22.23,0.02,0.09%,0.00,,2005,70647,Finance,Trusts Except Educational Religious and Charitable
EOSE,Eos Energy Enterprises Inc. Class A Common Stock,$3.45,0.11,3.293%,747643973.00,United States,,5142404,Miscellaneous,Industrial Machinery/Components
EOSEW,Eos Energy Enterprises Inc. Warrant,$0.225,-0.0148,-6.172%,48759390.00,United States,,50143,Miscellaneous,Industrial Machinery/Components
EOT,Eaton Vance Municipal Income Trust EATON VANCE NATIONAL MUNICIPAL OPPORTUNITIES TRUST,$17.47,-0.01,-0.057%,272967370.00,United States,2009,53772,Finance,Investment Bankers/Brokers/Service
EP,Empire Petroleum Corporation Common Stock,$5.18,-0.07,-1.333%,162556931.00,United States,2022,41347,Energy,Oil & Gas Production
EP^C,El Paso Corporation Preferred Stock,$48.12,-0.24,-0.496%,,United States,,939,,
EPAC,Enerpac Tool Group Corp. Common Stock,$44.81,0.04,0.089%,2428444208.00,United States,,328157,Technology,Industrial Machinery/Components
EPAM,EPAM Systems Inc. Common Stock,$191.29,-0.23,-0.12%,10891166927.00,United States,2012,259789,Technology,EDP Services
EPC,Edgewell Personal Care Company Common Stock,$35.23,0.73,2.116%,1737168964.00,United States,,281771,Consumer Discretionary,Package Goods/Cosmetics
EPD,Enterprise Products Partners L.P. Common Stock,$29.14,0.09,0.31%,63242589790.00,United States,,3677159,Utilities,Natural Gas Distribution
EPIX,ESSA Pharma Inc. Common Stock,$5.49,-0.06,-1.081%,243585585.00,Canada,,14677,Health Care,Biotechnology: Pharmaceutical Preparations
EPM,Evolution Petroleum Corporation Inc. Common Stock,$5.19,-0.07,-1.331%,172945124.00,United States,,198243,Energy,Oil & Gas Production
EPOW,Sunrise New Energy Co. Ltd Class A Ordinary Shares,$0.9925,-0.0055,-0.551%,25945290.00,China,2021,12427,Consumer Discretionary,Business Services
EPR,EPR Properties Common Stock,$47.05,0.62,1.335%,3562692435.00,United States,1997,392159,Real Estate,Real Estate Investment Trusts
EPR^C,EPR Properties 5.75% Series C Cumulative Convertible Preferred Shares,$21.62,0.0722,0.335%,,United States,,4627,,
EPR^E,EPR Properties Series E Cumulative Conv Pfd Shs Ser E,$30.11,0.0221,0.073%,,United States,,2555,,
EPR^G,EPR Properties 5.750% Series G Cumulative Redeemable Preferred Shares,$22.64,0.33,1.479%,,United States,,9545,,
EPRT,Essential Properties Realty Trust Inc. Common Stock,$32.50,-0.10,-0.307%,5698284670.00,United States,2018,1259521,Real Estate,Real Estate Investment Trusts
EPRX,Eupraxia Pharmaceuticals Inc. Common Stock,$2.55,-0.03,-1.163%,90837510.00,Canada,,3988,Health Care,Pharmaceuticals and Biotechnology
EPSN,Epsilon Energy Ltd. Common Share,$5.93,-0.10,-1.658%,130240703.00,United States,,22684,Energy,Oil & Gas Production
EQ,Equillium Inc. Common Stock,$1.36,0.18,15.254%,48177168.00,United States,2018,511792,Health Care,Biotechnology: Pharmaceutical Preparations
EQBK,Equity Bancshares Inc. Class A Common Stock,$43.64,1.64,3.905%,666081640.00,United States,,24048,Finance,Major Banks
EQC,Equity Commonwealth Common Shares of Beneficial Interest,$19.81,0.03,0.152%,2126161559.00,United States,,1386970,Real Estate,Real Estate Investment Trusts
EQC^D,Equity Commonwealth 6.50% Pfd Conv Shs Ser D,$25.43,0.03,0.118%,,United States,,1643,,
EQH,Equitable Holdings Inc. Common Stock,$45.85,0.88,1.957%,14660946253.00,United States,2018,1792769,Finance,Specialty Insurers
EQH^A,Equitable Holdings Inc. Depositary Shares,$22.76,0.15,0.663%,,United States,,35740,,
EQH^C,Equitable Holdings Inc. Depositary Shares each representing a 1/1000th interest in a share of Fixed Rate Noncumulative Perpetual Preferred Stock Series C,$19.05,-0.02,-0.105%,,United States,,11781,,
EQIX,Equinix Inc. Common Stock REIT,$912.62,-1.71,-0.187%,86648700424.00,United States,2000,447431,Real Estate,Real Estate Investment Trusts
EQNR,Equinor ASA,$24.68,-0.80,-3.14%,72676013994.00,Norway,,3620671,Energy,Integrated oil Companies
EQR,Equity Residential Common Shares of Beneficial Interest,$75.01,0.34,0.455%,28438982584.00,United States,,1241818,Real Estate,Real Estate Investment Trusts
EQS,Equus Total Return Inc. Common Stock,$1.3097,-0.0223,-1.674%,17793811.00,United States,,1007,Finance,Finance/Investors Services
EQT,EQT Corporation Common Stock,$37.31,-0.17,-0.454%,22163259300.00,United States,,5026976,Energy,Oil & Gas Production
EQV,EQV Ventures Acquisition Corp. Class A Ordinary Shares,$9.91,0.02,0.202%,0.00,,2024,380193,,
EQX,Equinox Gold Corp. Common Shares,$5.71,0.08,1.421%,2446764252.00,Canada,,4258158,Basic Materials,Precious Metals
ERAS,Erasca Inc. Common Stock,$2.64,0.00,0.00%,745811400.00,United States,2021,4707115,Health Care,Biotechnology: Pharmaceutical Preparations
ERC,Allspring Multi-Sector Income Fund Common Stock,$9.19,0.02,0.218%,0.00,United States,2003,97302,Finance,Finance/Investors Services
ERH,Allspring Utilities and High Income Fund Common Shares,$11.20,0.09,0.81%,0.00,,2004,17592,Finance,Finance/Investors Services
ERIC,Ericsson American Depositary Shares,$8.59,0.15,1.777%,28726263404.00,Sweden,,16016543,Technology,Radio And Television Broadcasting And Communications Equipment
ERIE,Erie Indemnity Company Class A Common Stock,$450.36,6.34,1.428%,20802853480.00,United States,,147000,Finance,Specialty Insurers
ERII,Energy Recovery Inc. Common Stock,$17.98,0.16,0.898%,1037894925.00,United States,2008,218277,Technology,Industrial Machinery/Components
ERJ,Embraer S.A. Common Stock,$34.39,-0.47,-1.348%,6316005567.00,Brazil,2000,1385805,Industrials,Aerospace
ERNA,Eterna Therapeutics Inc. Common Stock,$1.025,0.014,1.385%,5545853.00,United States,,8404,Health Care,Biotechnology: Pharmaceutical Preparations
ERO,Ero Copper Corp. Common Shares,$19.33,-0.06,-0.309%,1995486390.00,Canada,2021,268983,Basic Materials,Metal Mining
ES,Eversource Energy (D/B/A) Common Stock,$66.49,0.65,0.987%,23762510897.00,United States,,1554361,Utilities,Electric Utilities: Central
ESAB,ESAB Corporation Common Stock,$111.42,1.38,1.254%,6734308699.00,United States,2022,306829,Industrials,Industrial Machinery/Components
ESCA,Escalade Incorporated Common Stock,$13.92,0.66,4.977%,193172044.00,United States,,11548,Consumer Discretionary,Recreational Games/Products/Toys
ESE,ESCO Technologies Inc. Common Stock,$130.07,0.07,0.054%,3349655250.00,United States,,98140,Telecommunications,Telecommunications Equipment
ESEA,Euroseas Ltd. Common Stock (Marshall Islands),$41.01,-0.93,-2.217%,287657714.00,Greece,,50198,Consumer Discretionary,Marine Transportation
ESGL,ESGL Holdings Limited Ordinary Shares,$1.7614,-0.0711,-3.88%,64819520.00,Singapore,,7764,Utilities,Environmental Services
ESGLW,ESGL Holdings Limited Warrants,$0.0183,-0.0003,-1.613%,673440.00,Singapore,,238,Utilities,Environmental Services
ESGR,Enstar Group Limited Ordinary Shares,$324.82,-0.39,-0.12%,4947545852.00,Bermuda,,53515,Finance,Property-Casualty Insurers
ESGRO,Enstar Group Limited Depository Shares 7.00% Perpetual Non-Cumulative Preference Shares Series E,$20.615,0.025,0.121%,314000547.00,Bermuda,,25801,Finance,Property-Casualty Insurers
ESGRP,Enstar Group Limited Depositary Shares Each Representing 1/1000th of an interest in Preference Shares,$21.08,0.21,1.006%,321083266.00,Bermuda,,72894,Finance,Property-Casualty Insurers
ESHA,ESH Acquisition Corp. Class A Common Stock,$10.66,0.02,0.188%,0.00,United States,2023,1253789,Finance,Blank Checks
ESHAR,ESH Acquisition Corp. Right,$0.08,-0.0152,-15.966%,0.00,United States,2023,44604,Finance,Blank Checks
ESI,Element Solutions Inc. Common Stock,$26.67,-0.30,-1.112%,6457938021.00,United States,2014,2098834,Industrials,Major Chemicals
ESLA,Estrella Immunopharma Inc. Common Stock,$0.88,-0.02,-2.222%,31847988.00,United States,2021,8988,Health Care,Biotechnology: Biological Products (No Diagnostic Substances)
ESLAW,Estrella Immunopharma Inc. Warrant,$0.0401,-0.0448,-52.768%,1451255.00,United States,2021,120,Health Care,Biotechnology: Biological Products (No Diagnostic Substances)
ESLT,Elbit Systems Ltd. Ordinary Shares,$226.97,16.64,7.911%,10066119500.00,Israel,,78618,Industrials,Military/Government/Technical
ESNT,Essent Group Ltd. Common Shares,$61.09,0.63,1.042%,6490749333.00,Bermuda,2013,400508,Finance,Property-Casualty Insurers
ESOA,Energy Services of America Corporation Common Stock,$11.36,0.53,4.894%,188242982.00,United States,,193537,Industrials,Water Sewer Pipeline Comm & Power Line Construction
ESP,Espey Mfg. & Electronics Corp. Common Stock,$31.24,0.24,0.774%,85736868.00,United States,1960,11396,Technology,Industrial Machinery/Components
ESPR,Esperion Therapeutics Inc. Common Stock,$2.13,0.03,1.429%,417958600.00,United States,2013,3361981,Health Care,Biotechnology: Pharmaceutical Preparations
ESQ,Esquire Financial Holdings Inc. Common Stock,$66.76,2.16,3.344%,555057795.00,United States,2017,22100,Finance,Commercial Banks
ESRT,Empire State Realty Trust Inc. Class A Common Stock,$10.82,-0.08,-0.734%,1801627975.00,United States,2013,676949,Real Estate,Real Estate Investment Trusts
ESS,Essex Property Trust Inc. Common Stock,$299.67,4.02,1.36%,19244177494.00,United States,1994,319861,Real Estate,Real Estate Investment Trusts
ESSA,ESSA Bancorp Inc. Common Stock,$19.02,0.45,2.423%,192701529.00,United States,2007,7398,Finance,Banks
ESTA,Establishment Labs Holdings Inc. Common Shares,$44.76,0.12,0.269%,1250752582.00,Costa Rica,2018,457244,Health Care,Industrial Specialties
ESTC,Elastic N.V. Ordinary Shares,$79.52,0.17,0.214%,8170322080.00,United States,2018,734580,Technology,Computer Software: Prepackaged Software
ET,Energy Transfer LP Common Units ,$16.40,-0.05,-0.304%,56124635255.00,United States,,10811273,Utilities,Natural Gas Distribution
ET^I,Energy Transfer L.P. Series I Fixed Rate Perpetual Preferred Units,$11.95,0.0043,0.036%,,United States,,39625,,
ETB,Eaton Vance Tax-Managed Buy-Write Income Fund Eaton Vance Tax-Managed Buy-Write Income Fund Common Shares of Beneficial Interest,$14.39,-0.01,-0.069%,422654417.00,United States,2005,36064,Finance,Investment Bankers/Brokers/Service
ETD,Ethan Allen Interiors Inc. Common Stock,$29.78,0.43,1.465%,757108078.00,United States,,225360,Consumer Discretionary,Home Furnishings
ETG,Eaton Vance Tax-Advantaged Global Dividend Income Fund Common Shares of Beneficial Interest,$19.00,0.00,0.00%,0.00,United States,2004,102542,Finance,Investment Managers
ETI^,Entergy Texas Inc 5.375% Series A Preferred Stock Cumulative No Par Value,$24.30,0.1899,0.788%,,United States,,618,,
ETJ,Eaton Vance Risk-Managed Diversified Equity Income Fund Common Shares of Beneficial Interest,$9.20,0.00,0.00%,0.00,United States,2007,188420,Finance,Finance Companies
ETN,Eaton Corporation PLC Ordinary Shares,$345.51,1.02,0.296%,137547531000.00,Ireland,,2177729,Technology,Industrial Machinery/Components
ETNB,89bio Inc. Common Stock,$8.02,0.15,1.906%,849398128.00,United States,2019,358520,Health Care,Biotechnology: Pharmaceutical Preparations
ETO,Eaton Vance Tax-Advantage Global Dividend Opp Common Stock,$26.01,0.21,0.814%,426255469.00,United States,2004,11704,Finance,Investment Managers
ETON,Eton Pharmaceuticals Inc. Common Stock,$8.42,0.31,3.822%,217540838.00,United States,2018,392526,Health Care,Biotechnology: Pharmaceutical Preparations
ETR,Entergy Corporation Common Stock,$136.32,0.94,0.694%,29149420927.00,United States,,1679825,Utilities,Electric Utilities: Central
ETSY,Etsy Inc. Common Stock,$48.77,0.13,0.267%,5596467720.00,United States,2015,2912404,Consumer Discretionary,Business Services
ETV,Eaton Vance Corporation Eaton Vance Tax-Managed Buy-Write Opportunities Fund Common Shares of Beneficial Interest,$13.87,0.01,0.072%,1515552001.00,United States,2005,116351,Finance,Investment Bankers/Brokers/Service
ETW,Eaton Vance Corporation Eaton Vance Tax-Managed Global Buy-Write Opportunites Fund Common Shares of Beneficial Interest,$8.51,-0.04,-0.468%,932677159.00,United States,2005,165234,Finance,Investment Managers
ETWO,E2open Parent Holdings Inc.Class A Common Stock,$3.09,0.00,0.00%,954883045.00,United States,2020,1903892,Technology,EDP Services
ETX           ,Eaton Vance Municipal Income 2028 Term Trust Common Shares of Beneficial Interest,$18.50,-0.03,-0.162%,201371686.00,,2013,14715,Finance,Investment Managers
ETY,Eaton Vance Tax-Managed Diversified Equity Income Fund Common Shares of Beneficial Interest,$14.60,-0.01,-0.068%,0.00,United States,2006,175369,Finance,Finance Companies
EU,enCore Energy Corp. Common Shares,$4.00,0.01,0.251%,737614516.00,United States,,795475,Basic Materials,Other Metals and Minerals
EUDA,EUDA Health Holdings Limited Ordinary Shares,$4.76,0.06,1.277%,167218800.00,Singapore,2021,59119,Health Care,Medical/Nursing Services
EUDAW,EUDA Health Holdings Limited Warrant,$0.0925,0.0042,4.757%,3249525.00,Singapore,2021,1891,Health Care,Medical/Nursing Services
EURK,Eureka Acquisition Corp Class A Ordinary Share,$10.08,0.00,0.00%,0.00,United States,2024,72,,
EURKU,Eureka Acquisition Corp Unit,$10.40,0.00,0.00%,0.00,United States,2024,93,,
EVAX,Evaxion Biotech A/S American Depositary Share,$2.84,0.08,2.899%,15847200.00,Denmark,2021,14297,Health Care,Biotechnology: Biological Products (No Diagnostic Substances)
EVBN,Evans Bancorp Inc. Common Stock,$40.03,1.09,2.799%,221199295.00,United States,,31637,Finance,Major Banks
EVC,Entravision Communications Corporation Common Stock,$2.28,0.13,6.047%,205170611.00,United States,2000,140938,Industrials,Broadcasting
EVCM,EverCommerce Inc. Common Stock,$10.56,0.14,1.344%,1945710276.00,United States,2021,71837,Technology,Computer Software: Prepackaged Software
EVE,EVe Mobility Acquisition Corp Class A Ordinary Shares,$11.2001,0.0101,0.09%,0.00,,2022,18678,Finance,Blank Checks
EVER,EverQuote Inc. Class A Common Stock,$17.34,-0.43,-2.42%,608360722.00,United States,2018,448094,Technology,Computer Software: Programming Data Processing
EVEX,Eve Holding Inc. Common Stock,$3.39,0.01,0.296%,983589170.00,,2022,264068,Industrials,Aerospace
EVF,Eaton Vance Senior Income Trust Common Stock,$6.22,-0.03,-0.48%,109091697.00,United States,1998,9622,Finance,Investment Bankers/Brokers/Service
EVG,Eaton Vance Short Diversified Income Fund Eaton Vance Short Duration Diversified Income Fund Common Shares of Beneficial Interest,$11.17,-0.01,-0.089%,0.00,United States,2005,41340,Finance,Investment Managers
EVGN,Evogene Ltd Ordinary Shares,$2.38,-0.08,-3.252%,12088020.00,Israel,,21468,Industrials,Agricultural Chemicals
EVGO,EVgo Inc. Class A Common Stock,$8.52,-0.29,-3.292%,2578369158.00,United States,,3871159,Technology,EDP Services
EVGOW,EVgo Inc. Warrants,$1.74,-0.11,-5.946%,526568349.00,United States,,101185,Technology,EDP Services
EVGR,Evergreen Corporation Class A Ordinary Share,$11.78,0.00,0.00%,0.00,Malaysia,2022,346,Finance,Blank Checks
EVGRU,Evergreen Corporation Unit,$12.30,0.00,0.00%,0.00,Malaysia,2022,900,Finance,Blank Checks
EVH,Evolent Health Inc Class A Common Stock,$23.61,-0.41,-1.707%,2745615848.00,United States,2015,1450086,Consumer Discretionary,Other Consumer Services
EVI,EVI Industries Inc.  Common Stock,$20.29,0.83,4.265%,257359111.00,United States,1999,3961,Consumer Discretionary,Other Consumer Services
EVLV,Evolv Technologies Holdings Inc. Class A Common Stock,$2.52,0.05,2.024%,397026091.00,United States,2020,7179139,Technology,Computer peripheral equipment
EVLVW,Evolv Technologies Holdings Inc. Warrant,$0.18,-0.018,-9.091%,28359006.00,United States,2020,467298,Technology,Computer peripheral equipment
EVM,Eaton Vance California Municipal Bond Fund Common Shares of Beneficial Interest $.01 par value,$9.28,-0.02,-0.215%,0.00,United States,2002,90621,Finance,Finance/Investors Services
EVN,Eaton Vance Municipal Income Trust Common Stock,$10.48,-0.10,-0.945%,415711868.00,United States,1999,143574,Finance,Investment Managers
EVO,Evotec SE American Depositary Shares,$3.86,0.34,9.659%,1367873882.00,Germany,2021,78846,Health Care,Biotechnology: Pharmaceutical Preparations
EVOK,Evoke Pharma Inc. Common Stock,$7.08,1.78,33.585%,5202639.00,United States,2013,21076833,Health Care,Biotechnology: Pharmaceutical Preparations
EVR,Evercore Inc. Class A Common Stock,$261.35,0.78,0.299%,10019012458.00,United States,2006,274532,Finance,Investment Managers
EVRG,Evergy Inc. Common Stock,$60.97,0.20,0.329%,14020565843.00,United States,,908362,Utilities,Power Generation
EVRI,Everi Holdings Inc. Common Stock,$13.33,0.02,0.15%,1137363321.00,United States,,1017864,Consumer Discretionary,Services-Misc. Amusement & Recreation
EVT,Eaton Vance Tax Advantaged Dividend Income Fund Common Shares of Beneficial Interest,$24.27,0.08,0.331%,0.00,United States,2003,57515,Finance,Finance Companies
EVTC,Evertec Inc. Common Stock,$32.82,0.16,0.49%,2099785824.00,Puerto Rico,2013,251280,Technology,EDP Services
EVTL,Vertical Aerospace Ltd. Ordinary Shares,$5.74,0.052,0.914%,126997064.00,,2021,26252,Industrials,Aerospace
EVTV,Envirotech Vehicles Inc. Common Stock,$1.87,0.0334,1.819%,29342939.00,United States,,7896,Consumer Discretionary,Auto Parts:O.E.M.
EVV,Eaton Vance Limited Duration Income Fund Common Shares of Beneficial Interest,$10.25,-0.06,-0.582%,0.00,United States,2003,313538,Finance,Finance/Investors Services
EW,Edwards Lifesciences Corporation Common Stock,$68.52,-0.86,-1.24%,41276448000.00,United States,,8899483,Health Care,Industrial Specialties
EWBC,East West Bancorp Inc. Common Stock,$98.84,3.74,3.933%,13699737375.00,United States,,1125522,Finance,Major Banks
EWCZ,European Wax Center Inc. Class A Common Stock,$7.29,0.47,6.891%,437252800.00,United States,2021,254037,Consumer Discretionary,Other Consumer Services
EWTX,Edgewise Therapeutics Inc. Common Stock,$34.04,-0.94,-2.687%,3192008684.00,United States,2021,770238,Health Care,Biotechnology: Pharmaceutical Preparations
EXAI,Exscientia Plc American Depositary Shares,$5.23,0.31,6.301%,657423531.00,United Kingdom,2021,730444,Health Care,Biotechnology: Biological Products (No Diagnostic Substances)
EXAS,Exact Sciences Corporation Common Stock,$69.35,0.24,0.347%,12813789930.00,United States,2001,1608781,Health Care,Medical Specialities
EXC,Exelon Corporation Common Stock,$40.23,0.16,0.399%,40250042868.00,United States,,4288844,Utilities,Power Generation
EXE,Expand Energy Corporation Common Stock,$85.26,0.47,0.554%,11192519460.00,United States,,1596913,Energy,Oil & Gas Production
EXEEL,Expand Energy Corporation Class C Warrants,$67.64,-0.37,-0.544%,8879451281.00,United States,,2182,Energy,Oil & Gas Production
EXEEZ,Expand Energy Corporation Class B Warrants,$73.00,0.50,0.69%,9583086096.00,United States,,180,Energy,Oil & Gas Production
EXEL,Exelixis Inc. Common Stock,$28.50,0.63,2.26%,8129674163.00,United States,2000,2048794,Health Care,Biotechnology: Biological Products (No Diagnostic Substances)
EXFY,Expensify Inc. Class A Common Stock,$1.84,0.13,7.602%,162930878.00,United States,2021,494724,Technology,Computer Software: Prepackaged Software
EXG,Eaton Vance Tax-Managed Global Diversified Equity Income Fund Common Shares of Beneficial Interest,$8.42,0.00,0.00%,0.00,United States,2007,385616,Finance,Finance Companies
EXK,Endeavour Silver Corporation Ordinary Shares (Canada),$5.36,-0.02,-0.372%,1318662178.00,Canada,,3275745,Basic Materials,Precious Metals
EXLS,ExlService Holdings Inc. Common Stock,$38.74,0.14,0.363%,6252821332.00,United States,2006,615693,Consumer Discretionary,Business Services
EXP,Eagle Materials Inc Common Stock,$289.04,0.88,0.305%,9717226511.00,United States,,368279,Industrials,Building Materials
EXPD,Expeditors International of Washington Inc. Common Stock,$120.08,0.24,0.20%,16946633909.00,United States,,771059,Consumer Discretionary,Oil Refining/Marketing
EXPE,Expedia Group Inc. Common Stock,$158.00,-0.39,-0.246%,20568353100.00,United States,,953191,Consumer Discretionary,Transportation Services
EXPI,eXp World Holdings Inc. Common Stock,$12.97,0.15,1.17%,1993921848.00,United States,,567682,Finance,Real Estate
EXPO,Exponent Inc. Common Stock,$97.80,0.88,0.908%,4961460015.00,United States,,221008,Consumer Discretionary,Professional Services
EXR,Extra Space Storage Inc Common Stock,$167.46,1.06,0.637%,35489579265.00,United States,2004,564930,Real Estate,Real Estate Investment Trusts
EXTO,Almacenes Exito S.A. American Depositary Share each representing eight (8) Common Shares,$4.23,0.01,0.237%,686245780.00,,2023,2455,Consumer Discretionary,Department/Specialty Retail Stores
EXTR,Extreme Networks Inc. Common Stock,$14.25,-0.10,-0.697%,1857306497.00,United States,1999,1095392,Telecommunications,Computer Communications Equipment
EYE,National Vision Holdings Inc. Common Stock,$9.96,0.17,1.736%,783209899.00,United States,2017,1344496,Health Care,Ophthalmic Goods
EYEN,Eyenovia Inc. Common Stock,$0.55,0.0108,2.003%,42300500.00,United States,2018,1837318,Health Care,Biotechnology: Pharmaceutical Preparations
EYPT,EyePoint Pharmaceuticals Inc. Common Stock,$12.12,2.62,27.579%,648640705.00,United States,,4562499,Industrials,Biotechnology: Laboratory Analytical Instruments
EZFL,EzFill Holdings Inc. Common Stock,$2.7246,0.0396,1.475%,5863072.00,United States,2021,3571,Consumer Discretionary,Retail-Auto Dealers and Gas Stations
EZGO,EZGO Technologies Ltd. Ordinary Shares,$1.12,-0.08,-6.667%,2860636.00,China,2021,58490,Consumer Discretionary,Motor Vehicles
EZPW,EZCORP Inc. Class A Non Voting Common Stock,$11.87,0.30,2.593%,649762459.00,United States,1991,1116855,Consumer Discretionary,Other Specialty Stores
F,Ford Motor Company Common Stock,$11.37,0.30,2.71%,45198588918.00,United States,,95178345,Consumer Discretionary,Auto Manufacturing
F^B,Ford Motor Company 6.20% Notes due June 1 2059,$25.19,0.03,0.119%,,United States,,25531,,
F^C,Ford Motor Company 6% Notes due December 1 2059,$24.67,0.18,0.735%,,United States,,65172,,
F^D,Ford Motor Company 6.500% Notes due August 15 2062,$25.77,0.18,0.703%,,United States,,30488,,
FA,First Advantage Corporation Common Stock,$17.54,-0.20,-1.127%,2550446042.00,United States,2021,556582,Consumer Discretionary,Business Services
FAAS,DigiAsia Corp. Ordinary Shares,$1.33,-0.08,-5.674%,80720143.00,United States,2021,76321,Technology,Computer Software: Prepackaged Software
FAASW,DigiAsia Corp. Warrant,$0.1272,0.0147,13.067%,7720002.00,United States,2021,2000,Technology,Computer Software: Prepackaged Software
FAF,First American Corporation (New) Common Stock,$64.01,0.73,1.154%,6585838412.00,United States,,544183,Finance,Specialty Insurers
FAMI,Farmmi Inc. Ordinary Shares,$0.3855,0.0058,1.528%,4117140.00,China,2018,729673,Consumer Staples,Packaged Foods
FANG,Diamondback Energy Inc. Common Stock,$178.19,-6.19,-3.357%,31788107402.00,United States,2012,1787112,Energy,Oil & Gas Production
FARM,Farmer Brothers Company Common Stock,$1.98,0.07,3.665%,42083599.00,United States,,69223,Consumer Staples,Packaged Foods
FARO,FARO Technologies Inc. Common Stock,$18.60,0.62,3.448%,362636258.00,United States,1997,175255,Industrials,Industrial Machinery/Components
FAST,Fastenal Company Common Stock,$76.67,0.82,1.081%,43923207572.00,United States,1987,1587805,Consumer Discretionary,RETAIL: Building Materials
FAT,FAT Brands Inc. Class A Common Stock,$5.40,0.13,2.467%,91873008.00,United States,2017,19350,Consumer Discretionary,Restaurants
FATBB,FAT Brands Inc. Class B Common Stock,$4.685,0.165,3.65%,79708341.00,United States,,602,Consumer Discretionary,Restaurants
FATBP,FAT Brands Inc. 8.25% Series B Cumulative Preferred Stock,$9.49,-0.08,-0.836%,161458305.00,United States,,17795,Consumer Discretionary,Restaurants
FATBW,FAT Brands Inc. Warrant,$2.87,-0.005,-0.174%,48828802.00,United States,,3782,Consumer Discretionary,Restaurants
FATE,Fate Therapeutics Inc. Common Stock,$2.87,0.22,8.302%,326829527.00,United States,2013,2208329,Health Care,Biotechnology: Biological Products (No Diagnostic Substances)
FAX,abrdn Asia-Pacific Income Fund Inc. Common Stock,$16.53,-0.20,-1.195%,0.00,United States,1986,176485,Finance,Investment Managers
FBIN,Fortune Brands Innovations Inc. Common Stock,$86.98,1.49,1.743%,10794886006.00,United States,,1069522,Basic Materials,Forest Products
FBIO,Fortress Biotech Inc. Common Stock,$2.02,0.17,9.189%,46084187.00,United States,,1096163,Health Care,Biotechnology: Pharmaceutical Preparations
FBIOP,Fortress Biotech Inc. 9.375% Series A Cumulative Redeemable Perpetual Preferred Stock,$6.31,0.549,9.53%,143956050.00,United States,,32647,Health Care,Biotechnology: Pharmaceutical Preparations
FBIZ,First Business Financial Services Inc. Common Stock,$44.78,1.89,4.407%,371431695.00,United States,,21376,Finance,Major Banks
FBK,FB Financial Corporation Common Stock,$50.15,2.36,4.938%,2339153973.00,United States,2016,173578,Finance,Major Banks
FBLA,FB Bancorp Inc. Common Stock,$11.91,0.25,2.144%,236264625.00,United States,2024,384802,Finance,Banks
FBLG,FibroBiologics Inc. Common Stock,$2.82,-0.03,-1.053%,99148733.00,United States,,62259,Health Care,Biotechnology: Pharmaceutical Preparations
FBMS,First Bancshares Inc.,$34.27,1.28,3.88%,1069384863.00,United States,,98685,Finance,Major Banks
FBNC,First Bancorp Common Stock,$42.67,1.73,4.226%,1761367079.00,United States,1987,167637,Finance,Major Banks
FBP,First BanCorp. New Common Stock,$19.59,0.71,3.761%,3210130160.00,Puerto Rico,,1399328,Finance,Major Banks
FBRT,Franklin BSP Realty Trust Inc. Common Stock,$13.13,0.20,1.547%,1074414599.00,United States,2021,250719,Real Estate,Real Estate Investment Trusts
FBRT^E,Franklin BSP Realty Trust Inc. 7.50% Series E Cumulative Redeemable Preferred Stock,$23.24,-0.06,-0.258%,,United States,,11645,,
FBRX,Forte Biosciences Inc. Common Stock,$4.62,-0.0585,-1.25%,6745930.00,United States,2017,9709,Health Care,Biotechnology: Pharmaceutical Preparations
FBYD,Falcon's Beyond Global Inc. Class A Common Stock,$9.75,0.00,0.00%,1217904149.00,United States,,1925,Consumer Discretionary,Services-Misc. Amusement & Recreation
FBYDW,Falcon's Beyond Global Inc. Warrants,$1.15,0.04,3.604%,143650233.00,United States,,946,Consumer Discretionary,Services-Misc. Amusement & Recreation
FC,Franklin Covey Company Common Stock,$39.97,0.98,2.513%,523384127.00,United States,,28659,Consumer Discretionary,Other Consumer Services
FCAP,First Capital Inc. Common Stock,$35.96,2.13,6.296%,120538028.00,United States,,5071,Finance,Savings Institutions
FCBC,First Community Bankshares Inc. (VA) Common Stock,$42.64,1.54,3.747%,779053907.00,United States,,35210,Finance,Major Banks
FCCO,First Community Corporation Common Stock,$23.06,0.58,2.58%,176066444.00,United States,,3540,Finance,Major Banks
FCEL,FuelCell Energy Inc. Common Stock,$0.3669,0.0465,14.513%,203999904.00,United States,,73179552,Energy,Industrial Machinery/Components
FCF,First Commonwealth Financial Corporation Common Stock,$17.09,0.47,2.828%,1749387464.00,United States,,601621,Finance,Major Banks
FCFS,FirstCash Holdings Inc. Common Stock,$105.97,0.43,0.407%,4742406318.00,United States,1991,564659,Consumer Discretionary,Other Specialty Stores
FCN,FTI Consulting Inc. Common Stock,$198.29,-0.80,-0.402%,7127400997.00,United States,1999,413271,Consumer Discretionary,Professional Services
FCNCA,First Citizens BancShares Inc. Class A Common Stock,$1926.03,44.20,2.349%,27861897977.00,United States,,83759,Finance,Major Banks
FCNCO,First Citizens BancShares Inc. 5.625% Non-Cumulative Perpetual Preferred Stock Series C,$24.11,-0.08,-0.331%,348774609.00,United States,,16505,Finance,Major Banks
FCNCP,First Citizens BancShares Inc. Depositary Shares,$23.59,0.26,1.114%,341252303.00,United States,,7528,Finance,Major Banks
FCO,abrdn Global Income Fund Inc. Common Stock,$5.86,-0.10,-1.678%,0.00,United States,1992,120297,Finance,Investment Managers
FCPT,Four Corners Property Trust Inc. Common Stock,$28.34,0.10,0.354%,2626113857.00,United States,2015,317389,Real Estate,Real Estate Investment Trusts
FCRX,Crescent Capital BDC Inc. 5.00% Notes due 2026,$24.55,-0.01,-0.041%,909860979.00,United States,2023,1855,Finance,Finance: Consumer Services
FCT,First Trust Senior Floating Rate Income Fund II Common Shares of Beneficial Interest,$10.33,-0.04,-0.386%,0.00,United States,2004,95907,Finance,Finance Companies
FCUV,Focus Universal Inc. Common Stock,$0.2552,0.004,1.592%,16554252.00,United States,,77702,Industrials,Industrial Machinery/Components
FCX,Freeport-McMoRan Inc. Common Stock,$46.73,0.13,0.279%,67144295647.00,United States,,6444129,Basic Materials,Metal Mining
FDBC,Fidelity D & D Bancorp Inc. Common Stock,$53.02,2.52,4.99%,304116729.00,United States,,4114,Finance,Major Banks
FDMT,4D Molecular Therapeutics Inc. Common Stock,$8.57,0.42,5.153%,445379386.00,United States,2020,384668,Health Care,Biotechnology: Biological Products (No Diagnostic Substances)
FDP,Fresh Del Monte Produce Inc. Common Stock,$29.26,0.53,1.845%,1402629715.00,Cayman Islands,1997,174001,Consumer Staples,Farming/Seeds/Milling
FDS,FactSet Research Systems Inc. Common Stock,$459.29,4.35,0.956%,17471386548.00,United States,2000,159009,Technology,Computer Software: Programming Data Processing
FDSB,Fifth District Bancorp Inc. Common Stock,$11.34,0.175,1.567%,63044424.00,United States,2024,1126,Finance,Savings Institutions
FDUS,Fidus Investment Corporation Common Stock,$19.66,0.13,0.666%,651949978.00,United States,2011,143248,Finance,Finance/Investors Services
FDX,FedEx Corporation Common Stock,$275.45,3.33,1.224%,67298898159.00,United States,,1178928,Consumer Discretionary,Air Freight/Delivery Services
FE,FirstEnergy Corp. Common Stock,$43.68,0.27,0.622%,25156291175.00,United States,,2277631,Utilities,Electric Utilities: Central
FEAM,5E Advanced Materials Inc. Common Stock,$0.516,-0.0214,-3.982%,35514627.00,United States,,82948,Industrials,Mining & Quarrying of Nonmetallic Minerals (No Fuels)
FEBO,Fenbo Holdings Limited Ordinary Shares,$3.83,-0.48,-11.137%,42130000.00,Hong Kong,2023,45827,Consumer Discretionary,Home Furnishings
FEDU,Four Seasons Education (Cayman) Inc. American Depositary Shares each ADS representing 10 ordinary shares,$12.09,0.36,3.069%,255865699.00,,2017,1870,Real Estate,Other Consumer Services
FEIM,Frequency Electronics Inc. Common Stock,$12.58,0.30,2.443%,120351828.00,United States,,13296,Industrials,Electrical Products
FELE,Franklin Electric Co. Inc. Common Stock,$102.55,0.95,0.935%,4683682367.00,United States,,200449,Consumer Discretionary,Metal Fabrications
FEMY,Femasys Inc. Common Stock,$1.33,0.06,4.724%,29569623.00,United States,2021,101555,Health Care,Medical/Dental Instruments
FENC,Fennec Pharmaceuticals Inc. Common Stock,$4.73,0.49,11.557%,129266170.00,United States,,144144,Health Care,Biotechnology: Biological Products (No Diagnostic Substances)
FENG,Phoenix New Media Limited American Depositary Shares each representing 48 Class A ordinary shares.,$2.93,0.08,2.807%,35421274.00,China,2011,4569,Industrials,Broadcasting
FER,Ferrovial SE Ordinary Shares,$41.00,0.67,1.661%,29825173701.00,Netherlands,,30547,Industrials,Military/Government/Technical
FERG,Ferguson Enterprises Inc. Common Stock,$197.25,1.02,0.52%,39725963993.00,United Kingdom,2021,941742,Miscellaneous,Miscellaneous
FET,Forum Energy Technologies Inc. Common Stock,$14.32,-0.08,-0.556%,175902154.00,United States,2012,15269,Industrials,Metal Fabrications
FF,FutureFuel Corp.  Common shares,$6.17,-0.03,-0.484%,270019209.00,United States,,272562,Industrials,Major Chemicals
FFA,First Trust Enhanced Equity Income Fund,$20.28,-0.0673,-0.331%,0.00,United States,2004,18245,Finance,Investment Managers
FFBC,First Financial Bancorp. Common Stock,$26.33,1.95,7.998%,2514035636.00,United States,,781082,Finance,Major Banks
FFC,Flaherty & Crumrine Preferred and Income Securities Fund Incorporated,$15.98,-0.16,-0.991%,0.00,United States,2003,98131,Finance,Trusts Except Educational Religious and Charitable
FFIC,Flushing Financial Corporation Common Stock,$16.17,0.88,5.755%,470043790.00,United States,,678519,Finance,Major Banks
FFIE,Faraday Future Intelligent Electric Inc. Class A Common Stock,$2.24,0.08,3.704%,27731314.00,United States,2020,6411452,Consumer Discretionary,Auto Manufacturing
FFIEW,Faraday Future Intelligent Electric Inc. Warrant,$0.021,-0.0057,-21.348%,259981.00,United States,2020,108020,Consumer Discretionary,Auto Manufacturing
FFIN,First Financial Bankshares Inc. Common Stock,$36.81,0.68,1.882%,5258334561.00,United States,,468895,Finance,Major Banks
FFIV,F5 Inc. Common Stock,$218.36,1.49,0.687%,12726992284.00,United States,1999,1347161,Telecommunications,Computer Communications Equipment
FFNW,First Financial Northwest Inc. Common Stock,$22.76,0.06,0.264%,208932817.00,United States,2007,12547,Finance,Banks
FFWM,First Foundation Inc. Common Stock,$7.77,0.53,7.32%,527210491.00,United States,,932819,Finance,Major Banks
FG,F&G Annuities & Life Inc. Common Stock,$41.66,0.37,0.896%,5253265510.00,United States,2022,43942,Finance,Life Insurance
FGB,First Trust Specialty Finance and Financial Opportunities Fund,$4.13,0.025,0.609%,0.00,United States,2007,44093,Finance,Finance/Investors Services
FGBI,First Guaranty Bancshares Inc. Common Stock,$10.12,-0.12,-1.172%,126547736.00,United States,,7798,Finance,Savings Institutions
FGBIP,First Guaranty Bancshares Inc. 6.75% Series A Fixed-Rate Non-Cumulative Perpetual Preferred Stock,$21.85,0.18,0.831%,273228066.00,United States,,4045,Finance,Savings Institutions
FGEN,FibroGen Inc Common Stock,$0.2988,-0.0092,-2.987%,29999755.00,United States,2014,2217944,Health Care,Biotechnology: Pharmaceutical Preparations
FGF,Fundamental Global Inc. Common Stock ,$0.9331,-0.0127,-1.343%,26655088.00,United States,2014,21051,Finance,Property-Casualty Insurers
FGFPP,Fundamental Global Inc. 8.00% Cumulative Preferred Stock,$15.00,0.01,0.067%,428492460.00,United States,,616,Finance,Property-Casualty Insurers
FGI,FGI Industries Ltd. Ordinary Shares,$0.8748,-0.1019,-10.433%,8366512.00,United States,2022,1035829,Industrials,Industrial Specialties
FGL,Founder Group Limited Ordinary Shares,$3.35,-0.07,-2.047%,56677813.00,Malaysia,2024,105737,Consumer Discretionary,Engineering & Construction
FGN,F&G Annuities & Life Inc. 7.950% Senior Notes due 2053,$26.94,0.16,0.597%,3397094883.00,United States,2023,9440,Finance,Life Insurance
FHB,First Hawaiian Inc. Common Stock,$24.95,0.99,4.132%,3190759867.00,United States,2016,720193,Finance,Major Banks
FHI,Federated Hermes Inc. Common Stock,$39.85,1.22,3.158%,3291805424.00,United States,,1267352,Finance,Investment Managers
FHN,First Horizon Corporation Common Stock,$17.38,0.29,1.697%,9313821452.00,United States,,4391378,Finance,Major Banks
FHN^B,First Horizon Corporation Depositary Shares each representing a 1/400th interest in a share of Non-Cumulative Perpetual Preferred Stock Series B,$25.145,-0.0279,-0.111%,,United States,,3741,,
FHN^C,First Horizon Corporation Depositary Shares each representing a 1/400th interest in a share of Non-Cumulative Perpetual Preferred Stock Series C,$25.14,0.14,0.56%,,United States,,345,,
FHN^E,First Horizon Corporation Depositary Shares each representing a 1/4000th interest in a share of Non-Cumulative Perpetual Preferred Stock Series E,$24.88,0.09,0.363%,,United States,,2996,,
FHN^F,First Horizon Corporation Depositary Shares each representing 1/4000th Interest in a Share of Non-Cumulative Perpetual Preferred Stock Series F,$20.80,0.41,2.011%,,United States,,4265,,
FHTX,Foghorn Therapeutics Inc. Common Stock,$8.11,0.39,5.052%,448715392.00,United States,2020,114708,Health Care,Biotechnology: Pharmaceutical Preparations
FI,Fiserv Inc. Common Stock,$201.42,1.90,0.952%,114591611604.00,United States,,1993560,Consumer Discretionary,Business Services
FIAC,Focus Impact Acquisition Corp. Class A Common Stock,$9.91,-0.2098,-2.073%,0.00,United States,2021,2419,Finance,Blank Checks
FIACU,Focus Impact Acquisition Corp. Unit,$10.34,0.00,0.00%,0.00,United States,2021,24,Finance,Blank Checks
FIBK,First Interstate BancSystem Inc. Common Stock (DE),$31.75,0.80,2.585%,3319403731.00,United States,2010,746093,Finance,Major Banks
FICO,Fair Isaac Corporation Common Stock,$1996.88,-3.09,-0.155%,48960568177.00,United States,,100808,Consumer Discretionary,Business Services
FIGS,FIGS Inc. Class A Common Stock,$6.35,0.16,2.585%,1084962372.00,United States,2021,1501256,Consumer Discretionary,Apparel
FIHL,Fidelis Insurance Holdings Limited Common Shares,$17.54,0.19,1.095%,2068224785.00,Bermuda,2023,201858,Finance,Property-Casualty Insurers
FINS,Angel Oak Financial Strategies Income Term Trust Common Shares of Beneficial Interest,$13.01,-0.02,-0.153%,326064920.00,,2019,41856,Finance,Finance/Investors Services
FINV,FinVolution Group American Depositary Shares,$6.18,0.10,1.645%,1639424146.00,United States,2017,323894,Finance,Finance: Consumer Services
FINW,FinWise Bancorp Common Stock,$16.20,0.14,0.872%,214020792.00,United States,2021,42593,Finance,Major Banks
FIP,FTAI Infrastructure Inc. Common Stock ,$8.88,-0.19,-2.095%,932787292.00,United States,,852815,Energy,Oil Refining/Marketing
FIS,Fidelity National Information Services Inc. Common Stock,$90.87,1.15,1.282%,49575575968.00,United States,,2038558,Consumer Discretionary,Business Services
FISI,Financial Institutions Inc. Common Stock,$24.54,0.53,2.207%,379692573.00,United States,1999,47429,Finance,Major Banks
FITB,Fifth Third Bancorp Common Stock,$44.05,0.83,1.92%,29812927540.00,United States,,4100983,Finance,Major Banks
FITBI,Fifth Third Bancorp Depositary Shares,$25.55,-0.04,-0.156%,17292174771.00,United States,,21401,Finance,Major Banks
FITBO,Fifth Third Bancorp Depositary Shares each representing a 1/1000th ownership interest in a share of Non-Cumulative Perpetual Preferred Stock Series K,$23.28,0.17,0.736%,15755844566.00,United States,,30169,Finance,Major Banks
FITBP,Fifth Third Bancorp Depositary Shares each representing 1/40th share of Fifth Third 6.00% Non-Cumulative Perpetual Class B Preferred Stock Series A,$25.22,0.05,0.199%,17068831613.00,United States,,6310,Finance,Major Banks
FIVE,Five Below Inc. Common Stock,$91.10,3.73,4.269%,5010949214.00,United States,2012,1332888,Consumer Discretionary,Department/Specialty Retail Stores
FIVN,Five9 Inc. Common Stock,$29.68,0.13,0.44%,2218167389.00,United States,2014,1145389,Technology,EDP Services
FIX,Comfort Systems USA Inc. Common Stock,$389.30,18.80,5.074%,13888898044.00,United States,1997,616261,Industrials,Engineering & Construction
FIZZ,National Beverage Corp. Common Stock,$45.68,0.34,0.75%,4276189125.00,United States,,78843,Consumer Staples,Beverages (Production/Distribution)
FKWL,Franklin Wireless Corp. Common Stock,$4.19,0.01,0.239%,49376133.00,United States,,2132,Utilities,Telecommunications Equipment
FL,Foot Locker Inc.,$23.81,-0.32,-1.326%,2258424501.00,United States,,4293367,Consumer Discretionary,Clothing/Shoe/Accessory Stores
FLC,Flaherty & Crumrine Total Return Fund Inc Common Stock,$16.84,-0.17,-0.999%,0.00,United States,2003,33098,Finance,Trusts Except Educational Religious and Charitable
FLD,FTAC Emerald Acquisition Corp. Class A Common Stock,$10.86,0.00,0.00%,0.00,United States,2022,1650,Finance,Blank Checks
FLDDU,FTAC Emerald Acquisition Corp. Unit,$10.90,-0.10,-0.909%,0.00,United States,2021,1498,Finance,Blank Checks
FLDDW,FTAC Emerald Acquisition Corp. Warrant,$0.185,0.015,8.824%,0.00,United States,2022,105560,Finance,Blank Checks
FLEX,Flex Ltd. Ordinary Shares,$35.25,0.04,0.114%,13996762585.00,Singapore,1994,2592153,Technology,Electrical Products
FLG,Flagstar Financial Inc.,$10.61,0.06,0.569%,3952755500.00,United States,,8104251,,
FLG^A,Flagstar Financial Inc.,$21.33,0.05,0.235%,,United States,,26280,,
FLG^U,Flagstar Financial Inc.,$39.64,0.89,2.297%,,United States,,1538,,
FLGC,Flora Growth Corp. Common Stock,$1.98,0.13,7.027%,26465739.00,Canada,2021,567675,Health Care,Biotechnology: Pharmaceutical Preparations
FLGT,Fulgent Genetics Inc. Common Stock,$19.92,0.50,2.575%,603509905.00,United States,2016,202269,Health Care,Medical Specialities
FLIC,First of Long Island Corporation (The) Common Stock,$12.80,0.41,3.309%,288400282.00,United States,,60962,Finance,Major Banks
FLL,Full House Resorts Inc. Common Stock,$5.00,0.03,0.604%,173999480.00,United States,,55792,Consumer Discretionary,Hotels/Resorts
FLNC,Fluence Energy Inc. Class A Common Stock,$20.81,0.15,0.726%,3756005682.00,United States,2021,1007385,Miscellaneous,Industrial Machinery/Components
FLNG,FLEX LNG Ltd. Ordinary Shares,$24.66,0.10,0.407%,1323748800.00,,2019,242731,Consumer Discretionary,Marine Transportation
FLNT,Fluent Inc. Common Stock,$3.03,0.00,0.00%,51121633.00,United States,,8528,Consumer Discretionary,Advertising
FLO,Flowers Foods Inc. Common Stock,$22.31,-0.01,-0.045%,4698422149.00,United States,,898794,Consumer Staples,Packaged Foods
FLR,Fluor Corporation Common Stock,$53.63,1.35,2.582%,9186178443.00,United States,,2858917,Industrials,Military/Government/Technical
FLS,Flowserve Corporation Common Stock,$52.94,0.28,0.532%,6954963648.00,United States,,1767386,Industrials,Fluid Controls
FLUT,Flutter Entertainment plc Ordinary Shares,$226.00,1.08,0.48%,40188301518.00,,2024,1144311,Technology,Computer Software: Programming Data Processing
FLUX,Flux Power Holdings Inc. Common Stock,$2.98,-0.08,-2.614%,49713746.00,United States,,53259,Miscellaneous,Industrial Machinery/Components
FLWS,1-800-FLOWERS.COM Inc. Common Stock,$8.06,0.17,2.155%,517616110.00,United States,1999,115645,Consumer Discretionary,Other Specialty Stores
FLX,BingEx Limited American Depositary Shares,$13.99,0.73,5.505%,993568541.00,China,2024,40597,Industrials,Trucking Freight/Courier Services
FLXS,Flexsteel Industries Inc. Common Stock,$58.02,1.02,1.789%,302169843.00,United States,,33703,Consumer Discretionary,Home Furnishings
FLYE,Fly-E Group Inc. Common Stock,$0.72,0.066,10.092%,17703000.00,United States,2024,373154,Industrials,Aerospace
FLYW,Flywire Corporation Voting Common Stock,$17.17,-0.15,-0.866%,2150768251.00,United States,2021,691228,Consumer Discretionary,Business Services
FLYX,flyExclusive Inc. Class A Common Stock,$2.42,0.04,1.681%,188347598.00,,2023,5957,Consumer Discretionary,Transportation Services
FMAO,Farmers & Merchants Bancorp Inc. Common Stock,$27.18,0.74,2.799%,371820878.00,United States,,14697,Finance,Savings Institutions
FMBH,First Mid Bancshares Inc. Common Stock,$38.75,0.90,2.378%,926328515.00,United States,,68622,Finance,Major Banks
FMC,FMC Corporation Common Stock,$61.54,-0.46,-0.742%,7681691361.00,United States,,1041316,Industrials,Major Chemicals
FMN,Federated Hermes Premier Municipal Income Fund,$11.34,-0.06,-0.526%,978129999.00,United States,2002,58881,Finance,Investment Managers
FMNB,Farmers National Banc Corp. Common Stock,$14.11,0.42,3.068%,530199477.00,United States,,118716,Finance,Major Banks
FMS,Fresenius Medical Care AG American Depositary Shares (Each representing 1/2 of an Ordinary Share),$20.86,-0.07,-0.334%,12241209092.00,Germany,,358647,Health Care,Misc Health and Biotechnology Services
FMST,Foremost Clean Energy Ltd. Common stock,$2.39,0.09,3.913%,13107472.00,Canada,,2396,Basic Materials,Other Metals and Minerals
FMSTW,Foremost Clean Energy Ltd. Warrant,$0.325,-0.075,-18.75%,1782397.00,Canada,,1710,Basic Materials,Other Metals and Minerals
FMX,Fomento Economico Mexicano S.A.B. de C.V. Common Stock,$98.38,1.63,1.685%,176100200000.00,Mexico,,761118,Consumer Staples,Beverages (Production/Distribution)
FMY,First Trust Motgage Income Fund Common Shares of Beneficial Interest,$12.0584,-0.1816,-1.484%,0.00,United States,2005,2779,Finance,Finance/Investors Services
FN,Fabrinet Ordinary Shares,$245.65,-0.83,-0.337%,8880497080.00,Cayman Islands,2010,375373,Utilities,Telecommunications Equipment
FNA,Paragon 28 Inc. Common Stock,$4.84,-0.05,-1.022%,404344688.00,United States,2021,674047,Health Care,Medical/Dental Instruments
FNB,F.N.B. Corporation Common Stock,$14.58,0.41,2.893%,5242546798.00,United States,,2266272,Finance,Major Banks
FND,Floor & Decor Holdings Inc. Common Stock,$101.84,-0.18,-0.176%,10913526665.00,United States,2017,2225880,Consumer Discretionary,RETAIL: Building Materials
FNF,FNF Group of Fidelity National Financial Inc. Common Stock,$60.61,0.65,1.084%,16574390599.00,United States,2014,664097,Finance,Specialty Insurers
FNGR,FingerMotion Inc. Common Stock,$2.05,0.11,5.67%,110306093.00,United States,,155084,Technology,Computer Software: Prepackaged Software
FNKO,Funko Inc. Class A Common Stock,$11.86,0.06,0.508%,639724664.00,United States,2017,287115,Consumer Discretionary,Recreational Games/Products/Toys
FNLC,First Bancorp Inc  (ME) Common Stock,$26.21,0.35,1.353%,292086337.00,United States,,18457,Finance,Major Banks
FNV,Franco-Nevada Corporation,$135.98,0.36,0.265%,26166182258.00,Canada,,443243,Basic Materials,Precious Metals
FNVT,Finnovate Acquisition Corp. Class A Ordinary Shares,$11.56,-0.1099,-0.942%,0.00,Cayman Islands,2021,9684,Finance,Blank Checks
FNVTW,Finnovate Acquisition Corp. Warrants,$0.0225,0.00,0.00%,0.00,Cayman Islands,2021,2,Finance,Blank Checks
FNWB,First Northwest Bancorp Common Stock,$10.13,-0.23,-2.22%,95655199.00,United States,2015,82124,Finance,Banks
FNWD,Finward Bancorp Common Stock,$31.24,0.01,0.032%,134767486.00,United States,,1190,Finance,Major Banks
FOA,Finance of America Companies Inc. Class A Common Stock,$13.05,-0.40,-2.974%,129531912.00,United States,2021,32979,Finance,Finance: Consumer Services
FOF,Cohen & Steers Closed-End Opportunity Fund Inc. Common Stock,$12.98,0.03,0.232%,637819391.00,United States,2006,39575,Finance,Investment Managers
FOLD,Amicus Therapeutics Inc. Common Stock,$11.52,-0.17,-1.454%,3416727525.00,United States,2007,2095373,Health Care,Biotechnology: Pharmaceutical Preparations
FONR,Fonar Corporation Common Stock,$15.39,0.17,1.117%,108105377.00,United States,1981,9218,Health Care,Biotechnology: Electromedical & Electrotherapeutic Apparatus
FOR,Forestar Group Inc Common Stock ,$31.82,0.34,1.08%,1611798729.00,United States,2017,145575,Finance,Real Estate
FORA,Forian Inc. Common Stock,$2.065,-0.015,-0.721%,64243936.00,United States,,6425,Technology,EDP Services
FORD,Forward Industries Inc. Common Stock,$3.7099,0.1199,3.34%,4084856.00,United States,,133211,Industrials,Plastic Products
FORL,Four Leaf Acquisition Corporation Class A Common Stock,$11.01,0.00,0.00%,0.00,United States,2023,5,Finance,Blank Checks
FORLW,Four Leaf Acquisition Corporation Warrants,$0.0534,-0.0165,-23.605%,0.00,United States,2023,172,Finance,Blank Checks
FORM,FormFactor Inc. FormFactor Inc. Common Stock,$44.07,-0.72,-1.608%,3410550505.00,United States,2003,523693,Technology,Semiconductors
FORR,Forrester Research Inc. Common Stock,$14.86,0.26,1.781%,283231600.00,United States,1996,92797,Consumer Discretionary,Diversified Commercial Services
FORTY,Formula Systems (1985) Ltd. American Depositary Shares,$83.56,1.54,1.878%,1279944255.00,Israel,,423,Technology,EDP Services
FOSL,Fossil Group Inc. Common Stock,$1.11,-0.02,-1.77%,58979076.00,United States,1993,246893,Consumer Discretionary,Consumer Specialties
FOSLL,Fossil Group Inc. 7% Senior Notes due 2026,$13.50,-0.08,-0.589%,717313091.00,United States,,5394,Consumer Discretionary,Consumer Specialties
FOUR,Shift4 Payments Inc. Class A Common Stock,$92.00,-1.90,-2.023%,8150724636.00,United States,2020,1156319,Consumer Discretionary,Business Services
FOX,Fox Corporation Class B Common Stock,$38.68,0.33,0.86%,17801596915.00,United States,,732190,Industrials,Broadcasting
FOXA,Fox Corporation Class A Common Stock,$42.01,0.30,0.719%,19334154250.00,United States,,2027280,Industrials,Broadcasting
FOXF,Fox Factory Holding Corp. Common Stock,$37.50,0.33,0.888%,1563120413.00,United States,2013,348996,Consumer Discretionary,Motor Vehicles
FOXO,FOXO Technologies Inc. Class A Common Stock,$0.1427,-0.0097,-6.365%,1945223.00,,2022,405357,Finance,Life Insurance
FOXX,Foxx Development Holdings Inc. Common Stock,$8.28,-0.05,-0.60%,60196395.00,United States,,10447,Telecommunications,Computer Communications Equipment
FOXXW,Foxx Development Holdings Inc. Warrant,$0.11,0.00,0.00%,799711.00,United States,,3,Telecommunications,Computer Communications Equipment
FPAY,FlexShopper Inc. Common Stock,$1.59,0.02,1.274%,34375727.00,United States,,451226,Consumer Discretionary,Diversified Commercial Services
FPF,First Trust Intermediate Duration Preferred & Income Fund Common Shares of Beneficial Interest,$18.84,-0.13,-0.685%,0.00,United States,2013,173282,Finance,Trusts Except Educational Religious and Charitable
FPH,Five Point Holdings LLC Class A Common Shares,$3.91,-0.15,-3.695%,580994908.00,United States,2017,166168,Finance,Real Estate
FPI,Farmland Partners Inc. Common Stock,$11.10,0.11,1.001%,534652146.00,United States,2014,126865,Real Estate,Real Estate Investment Trusts
FR,First Industrial Realty Trust Inc. Common Stock,$53.57,-0.04,-0.075%,7089909145.00,United States,1994,908687,Real Estate,Real Estate Investment Trusts
FRA,Blackrock Floating Rate Income Strategies Fund Inc  Common Stock,$13.82,0.02,0.145%,2055897349.00,United States,2003,139023,Finance,Investment Bankers/Brokers/Service
FRAF,Franklin Financial Services Corporation Common Stock,$30.38,0.00,0.00%,133942412.00,United States,,6553,Finance,Major Banks
FRBA,First Bank Common Stock,$14.39,0.40,2.859%,361684059.00,United States,2013,26676,Finance,Commercial Banks
FRD,Friedman Industries Inc. Common Stock,$14.08,-0.16,-1.124%,98133306.00,United States,1975,13404,Industrials,Steel/Iron Ore
FRES,Fresh2 Group Limited American Depositary Shares,$1.6911,0.0511,3.116%,4143195.00,China,2020,9651,Health Care,Medical Specialities
FREY,FREYR Battery Inc. Common Stock,$1.05,0.03,2.941%,147514926.00,Luxembourg,2021,979829,Miscellaneous,Industrial Machinery/Components
FRGE,Forge Global Holdings Inc. Common Stock,$1.26,0.07,5.882%,230779700.00,United States,2021,366832,Finance,Investment Bankers/Brokers/Service
FRGT,Freight Technologies Inc. Ordinary Shares,$1.93,0.07,3.763%,2767234.00,United States,2017,101424,Consumer Discretionary,Professional Services
FRHC,Freedom Holding Corp. Common Stock,$111.00,-0.38,-0.341%,6742768038.00,Kazakhstan,,108643,Finance,Investment Bankers/Brokers/Service
FRLA,Fortune Rise Acquisition Corporation Class A Common Stock,$11.44,0.00,0.00%,147395820.00,United States,2021,22,Finance,Finance: Consumer Services
FRLAW,Fortune Rise Acquisition Corporation Warrant,$0.0198,-0.0022,-10.00%,0.00,United States,2021,16804,Finance,Finance: Consumer Services
FRME,First Merchants Corporation Common Stock,$37.16,1.41,3.944%,2174117036.00,United States,,521985,Finance,Major Banks
FRMEP,First Merchants Corporation Depository Shares,$25.75,0.0001,0.00%,1506553113.00,United States,,1570,Finance,Major Banks
FRO,Frontline Plc Ordinary Shares,$19.76,-0.47,-2.323%,4399028287.00,Bermuda,,2775351,Consumer Discretionary,Marine Transportation
FROG,JFrog Ltd. Ordinary Shares,$29.32,0.04,0.137%,3237659475.00,United States,2020,857599,Technology,Computer Software: Prepackaged Software
FRPH,FRP Holdings Inc. Common Stock,$29.41,0.21,0.719%,559686240.00,United States,,11949,Finance,Real Estate
FRPT,Freshpet Inc. Common Stock,$134.68,1.04,0.778%,6529694480.00,United States,2014,263659,Consumer Staples,Packaged Foods
FRSH,Freshworks Inc. Class A Common Stock,$11.69,0.07,0.602%,3531441499.00,United States,2021,2515729,Technology,Computer Software: Prepackaged Software
FRST,Primis Financial Corp. Common Stock,$11.70,0.35,3.084%,288873749.00,United States,2006,46138,Finance,Major Banks
FRSX,Foresight Autonomous Holdings Ltd. American Depositary Shares,$0.6801,-0.0197,-2.815%,10423168.00,Israel,,102496,Technology,Computer Software: Prepackaged Software
FRT,Federal Realty Investment Trust Common Stock,$113.24,0.89,0.792%,9474841305.00,United States,,361563,Real Estate,Real Estate Investment Trusts
FRT^C,Federal Realty Investment Trust Depositary Shares each representing a 1/1000th interest in a 5.000% Series C Cumulative Redeemable Preferred Share,$22.58,-0.06,-0.265%,,United States,,3111,,
FSBC,Five Star Bancorp Common Stock,$30.49,0.78,2.625%,650034086.00,United States,2021,27495,Finance,Major Banks
FSBW,FS Bancorp Inc. Common Stock,$45.05,1.42,3.255%,349036588.00,United States,2012,11346,Finance,Banks
FSCO,FS Credit Opportunities Corp. Common Stock,$6.61,-0.01,-0.151%,1311132499.00,United States,2022,511676,Finance,Trusts Except Educational Religious and Charitable
FSEA,First Seacoast Bancorp Inc. Common Stock,$9.11,0.03,0.33%,43552760.00,United States,2019,1619,Finance,Savings Institutions
FSFG,First Savings Financial Group Inc. Common Stock,$26.81,1.06,4.117%,184550817.00,United States,2008,23273,Finance,Savings Institutions
FSHPR,Flag Ship Acquisition Corp. Right,$0.195,-0.005,-2.50%,0.00,United States,2024,1152,,
FSHPU,Flag Ship Acquisition Corp. Unit,$10.50,0.02,0.191%,0.00,United States,2024,437,,
FSI,Flexible Solutions International Inc. Common Stock (CDA),$4.15,0.15,3.75%,51669708.00,Canada,2002,56709,Industrials,Major Chemicals
FSK,FS KKR Capital Corp. Common Stock,$20.73,0.06,0.29%,5805777156.00,United States,2014,773454,Finance,Investment Managers
FSLR,First Solar Inc. Common Stock,$205.03,6.56,3.305%,21947828572.00,United States,2006,2652595,Technology,Semiconductors
FSLY,Fastly Inc. Class A Common Stock,$7.33,0.05,0.687%,1015938000.00,United States,2019,1792024,Technology,Computer Software: Prepackaged Software
FSM,Fortuna Mining Corp. Common Shares,$5.12,0.04,0.787%,1604253844.00,Canada,,5120518,Basic Materials,Precious Metals
FSP,Franklin Street Properties Corp. Common Stock,$1.80,0.05,2.857%,186420087.00,United States,,659274,Real Estate,Real Estate Investment Trusts
FSS,Federal Signal Corporation Common Stock,$85.75,0.39,0.457%,5243275674.00,United States,,384974,Consumer Discretionary,Auto Manufacturing
FSTR,L.B. Foster Company Common Stock,$19.80,0.06,0.304%,216818158.00,United States,,27485,Industrials,Metal Fabrications
FSUN,FirstSun Capital Bancorp Common Stock,$40.18,-0.10,-0.248%,1110559972.00,United States,,36158,Finance,Major Banks
FSV,FirstService Corporation Common Shares,$188.33,-1.36,-0.717%,8477917707.00,Canada,,84175,Finance,Real Estate
FT,Franklin Universal Trust Common Stock,$7.575,0.045,0.598%,190374097.00,United States,,71986,Finance,Trusts Except Educational Religious and Charitable
FTAI,FTAI Aviation Ltd. Common Stock,$142.51,-1.73,-1.199%,14566146899.00,United States,,951709,Industrials,Misc Corporate Leasing Services
FTAIM,FTAI Aviation Ltd. 9.500% Fixed-Rate Reset Series D Cumulative Perpetual Redeemable Preferred Shares,$27.0278,0.1878,0.70%,2762549331.00,United States,,11447,Industrials,Misc Corporate Leasing Services
FTAIN,FTAI Aviation Ltd. 8.25% Fixed - Rate Reset Series C Cumulative Perpetual Redeemable Preferred Shares,$25.95,0.07,0.27%,2652385882.00,United States,,1306,Industrials,Misc Corporate Leasing Services
FTAIO,FTAI Aviation Ltd. 8.00% Fixed-to-Floating Rate Series B Cumulative Perpetual Redeemable Preferred Shares,$26.47,0.27,1.031%,2705535811.00,United States,,3706,Industrials,Misc Corporate Leasing Services
FTAIP,FTAI Aviation Ltd. 8.25% Fixed to Floating Rate Series A Cumulative Perpetual Redeemable Preferred Shares,$25.36,0.005,0.02%,2592081155.00,United States,,18368,Industrials,Misc Corporate Leasing Services
FTCI,FTC Solar Inc. Common Stock,$0.636,-0.0254,-3.84%,81005151.00,United States,2021,873587,Technology,Semiconductors
FTDR,Frontdoor Inc. Common Stock,$49.51,-0.46,-0.921%,3788729728.00,United States,,346114,Finance,Diversified Commercial Services
FTEK,Fuel Tech Inc. Common Stock,$1.04,0.00,0.00%,31936604.00,United States,,53551,Industrials,Pollution Control Equipment
FTEL,Fitell Corporation Ordinary Shares,$31.32,-0.85,-2.642%,629532000.00,Australia,2023,176859,Consumer Discretionary,Recreational Games/Products/Toys
FTF,Franklin Limited Duration Income Trust Common Shares of Beneficial Interest,$6.51,-0.05,-0.762%,263038985.00,United States,2003,179457,Finance,Finance/Investors Services
FTFT,Future FinTech Group Inc. Common Stock,$0.3257,0.0097,3.07%,6624477.00,China,,55960,Consumer Discretionary,Business Services
FTHM,Fathom Holdings Inc. Common Stock,$2.62,0.12,4.80%,55040643.00,United States,2020,25477,Finance,Real Estate
FTHY,First Trust High Yield Opportunities 2027 Term Fund Common Stock,$14.74,0.00,0.00%,542033858.00,United States,2020,65248,Finance,Investment Managers
FTI,TechnipFMC plc Ordinary Share,$26.08,-0.40,-1.511%,11171961137.00,,,5341252,Industrials,Metal Fabrications
FTII,FutureTech II Acquisition Corp. Class A Common Stock,$11.249,0.019,0.169%,0.00,United States,2022,38979,Finance,Blank Checks
FTIIW,FutureTech II Acquisition Corp. Warrant,$0.0276,-0.0034,-10.968%,0.00,United States,2022,6200,Finance,Blank Checks
FTK,Flotek Industries Inc. Common Stock,$4.90,-0.14,-2.778%,146073792.00,United States,,33122,Industrials,Major Chemicals
FTLF,FitLife Brands Inc. Common Stock,$31.25,-0.46,-1.451%,143695031.00,United States,,10064,Health Care, Medicinal Chemicals and Botanical Products 
FTNT,Fortinet Inc. Common Stock,$80.755,0.415,0.517%,61770144329.00,United States,2009,2491741,Technology,Computer peripheral equipment
FTRE,Fortrea Holdings Inc. Common Stock,$17.62,0.29,1.673%,1578752000.00,United States,,857113,Health Care,Medical Specialities
FTS,Fortis Inc. Common Shares,$43.89,0.10,0.228%,21734328000.00,United States,2016,542183,Utilities,Electric Utilities: Central
FTV,Fortive Corporation Common Stock ,$75.16,0.19,0.253%,26331681045.00,United States,2016,2547807,Industrials,Industrial Machinery/Components
FUBO,fuboTV Inc. Common Stock,$1.79,0.23,14.744%,589512552.00,United States,2020,10404010,Consumer Discretionary,Movies/Entertainment
FUFU,BitFuFu Inc. Class A Ordinary Shares,$4.90,0.06,1.24%,798221108.00,Singapore,,63343,Finance,Finance: Consumer Services
FUFUW,BitFuFu Inc. Warrant,$0.43,0.0175,4.242%,70047975.00,Singapore,,35214,Finance,Finance: Consumer Services
FUL,H. B. Fuller Company Common Stock,$75.34,0.54,0.722%,4115607522.00,United States,,250043,Industrials,Home Furnishings
FULC,Fulcrum Therapeutics Inc. Common Stock,$3.24,0.05,1.567%,202178495.00,United States,2019,696064,Health Care,Biotechnology: Pharmaceutical Preparations
FULT,Fulton Financial Corporation Common Stock,$18.17,0.68,3.888%,3305221554.00,United States,,1536341,Finance,Major Banks
FULTP,Fulton Financial Corporation Depositary Shares Each Representing a 1/40th Interest in a Share of Fixed Rate Non-Cumulative Perpetual Preferred Stock Series A,$20.16,-0.15,-0.739%,3667213348.00,United States,,10978,Finance,Major Banks
FUN,Six Flags Entertainment Corporation Common Stock New,$42.11,1.58,3.898%,4222639794.00,United States,,1195005,Consumer Discretionary,Services-Misc. Amusement & Recreation
FUNC,First United Corporation Common Stock,$31.20,0.13,0.418%,201726751.00,United States,,16747,Finance,Major Banks
FUND,Sprott Focus Trust Inc. Common Stock,$7.82,0.02,0.256%,231734416.00,United States,,90725,Finance,Investment Managers
FURY,Fury Gold Mines Limited Common Shares,$0.4626,-0.0174,-3.625%,70063487.00,,2020,111900,Basic Materials,Precious Metals
FUSB,First US Bancshares Inc. Common Stock,$11.36,-0.3286,-2.811%,65261928.00,United States,,5085,Finance,Major Banks
FUTU,Futu Holdings Limited American Depositary Shares,$96.88,4.30,4.645%,13349456756.00,Hong Kong,2019,3206139,Finance,Investment Bankers/Brokers/Service
FVCB,FVCBankcorp Inc. Common Stock,$13.37,0.61,4.781%,243148785.00,United States,,10936,Finance,Major Banks
FVNNU,Future Vision II Acquisition Corporation Units,$10.055,0.015,0.149%,0.00,China,2024,26167,,
FVR,FrontView REIT Inc. Common Stock,$19.13,-0.31,-1.595%,511382777.00,,2024,194448,Real Estate,Real Estate Investment Trusts
FVRR,Fiverr International Ltd. Ordinary Shares no par value,$24.60,2.17,9.675%,950887367.00,,2019,892718,Consumer Discretionary,Business Services
FWONA,Liberty Media Corporation Series A Liberty Formula One Common Stock,$74.45,0.97,1.32%,17587279575.00,United States,,81345,Industrials,Broadcasting
FWONK,Liberty Media Corporation Series C Liberty Formula One Common Stock,$80.06,0.91,1.15%,18912526565.00,United States,,1011499,Industrials,Broadcasting
FWRD,Forward Air Corporation Common Stock,$37.30,0.41,1.111%,1033206867.00,United States,,422443,Consumer Discretionary,Oil Refining/Marketing
FWRG,First Watch Restaurant Group Inc. Common Stock,$17.59,0.65,3.837%,1062694978.00,United States,2021,684611,Consumer Discretionary,Restaurants
FXNC,First National Corporation Common Stock,$21.00,0.28,1.351%,131888526.00,United States,,7399,Finance,Major Banks
FYBR,Frontier Communications Parent Inc. Common Stock,$35.83,-0.18,-0.50%,8920953400.00,United States,,2376137,Telecommunications,Telecommunications Equipment
G,Genpact Limited Common Stock,$38.30,-0.04,-0.104%,6824201352.00,Bermuda,2007,1092824,Consumer Discretionary,Professional Services
GAB,Gabelli Equity Trust Inc. (The) Common Stock,$5.41,0.02,0.371%,1589551122.00,United States,1986,234556,Finance,Investment Managers
GAB^G,Gabelli Equity Trust Inc. (The) Series G Cumulative Preferred Stock,$23.70,0.33,1.412%,,United States,,1416,,
GAB^H,Gabelli Equity Trust Inc. (The) Pfd Ser H,$23.5785,-0.0015,-0.006%,,United States,,11910,,
GAB^K,Gabelli Equity Trust Inc. (The) 5.00% Series K Cumulative Preferred Stock,$23.4999,0.1298,0.555%,,United States,,5963,,
GABC,German American Bancorp Inc. Common Stock,$40.69,1.56,3.987%,1207657472.00,United States,,69304,Finance,Major Banks
GAIA,Gaia Inc. Class A Common Stock,$5.61,-0.13,-2.265%,131649545.00,United States,1999,17030,Consumer Discretionary,Movies/Entertainment
GAIN,Gladstone Investment Corporation Business Development Company,$13.99,-0.04,-0.285%,513274451.00,United States,2005,87850,Finance,Finance: Consumer Services
GAINL,Gladstone Investment Corporation 8.00% Notes due 2028,$25.755,0.0877,0.342%,944916619.00,United States,,1886,Finance,Finance: Consumer Services
GAINN,Gladstone Investment Corporation 5.00% Notes Due 2026,$24.51,0.08,0.327%,899239228.00,United States,,5235,Finance,Finance: Consumer Services
GAINZ,Gladstone Investment Corporation 4.875% Notes due 2028,$23.70,0.00,0.00%,869521408.00,United States,,30,Finance,Finance: Consumer Services
GALT,Galectin Therapeutics Inc. Common Stock,$2.49,-0.02,-0.797%,155072531.00,United States,,181909,Health Care,Biotechnology: Pharmaceutical Preparations
GAM,General American Investors Inc. Common Stock,$53.34,0.01,0.019%,1278859037.00,United States,,37778,Finance,Investment Managers
GAM^B,General American Investors Company Inc. Cumulative Preferred Stock,$25.8636,-0.0581,-0.224%,,United States,,6177,,
GAMB,Gambling.com Group Limited Ordinary Shares,$9.35,0.04,0.43%,348030833.00,Jersey,2021,98528,Consumer Discretionary,Services-Misc. Amusement & Recreation
GAME,GameSquare Holdings Inc. Common Stock,$0.762,0.0152,2.035%,23136265.00,United States,,277894,Consumer Discretionary,Services-Misc. Amusement & Recreation
GAN,GAN Limited Ordinary Shares,$1.81,0.00,0.00%,82305907.00,United Kingdom,2020,127995,Technology,Computer Software: Programming Data Processing
GANX,Gain Therapeutics Inc. Common Stock,$2.65,0.00,0.00%,67668969.00,United States,2021,140503,Health Care,Biotechnology: Pharmaceutical Preparations
GAP,Gap Inc. (The) Common Stock,$21.74,0.13,0.602%,8181129667.00,United States,,4031012,Consumer Discretionary,Clothing/Shoe/Accessory Stores
GAQ,Generation Asia I Acquisition Limited Class A Ordinary Shares,$11.33,0.01,0.088%,0.00,Singapore,,135,Finance,Blank Checks
GASS,StealthGas Inc. Common Stock,$6.04,-0.03,-0.494%,218299649.00,Greece,2005,117471,Consumer Discretionary,Marine Transportation
GATE,Marblegate Acquisition Corp. Class A Common Stock,$10.99,-0.21,-1.875%,0.00,United States,2021,8513,Finance,Blank Checks
GATEU,Marblegate Acquisition Corp. Unit,$11.14,0.20,1.828%,0.00,United States,2021,196,Finance,Blank Checks
GATO,Gatos Silver Inc. Common Stock,$19.31,0.03,0.156%,1338979093.00,United States,2020,371284,Basic Materials,Precious Metals
GATX,GATX Corporation Common Stock,$139.12,1.31,0.951%,4952672000.00,United States,,102739,Consumer Discretionary,Transportation Services
GAU,Galiano Gold Inc.,$1.74,-0.02,-1.136%,447039836.00,Canada,,1350423,Industrials,Mining & Quarrying of Nonmetallic Minerals (No Fuels)
GAUZ,Gauzy Ltd. Ordinary Shares,$10.10,0.74,7.906%,192449531.00,Israel,2024,25270,Miscellaneous,Industrial Machinery/Components
GB,Global Blue Group Holding AG Ordinary Shares,$5.63,0.14,2.55%,1123605567.00,,2000,40372,Technology,EDP Services
GBAB,Guggenheim Taxable Municipal Bond & Investment Grade Debt Trust Common Shares of Beneficial Interest,$16.45,-0.104,-0.628%,368429087.00,United States,2010,63313,Finance,Investment Managers
GBBK,Global Blockchain Acquisition Corp. Common Stock,$10.96,-0.09,-0.814%,0.00,United States,2022,43753,Finance,Blank Checks
GBBKR,Global Blockchain Acquisition Corp. Right,$0.0613,-0.0018,-2.853%,0.00,United States,2022,2300,Finance,Blank Checks
GBBKW,Global Blockchain Acquisition Corp. Warrant,$0.015,-0.0015,-9.091%,0.00,United States,2022,22833,Finance,Blank Checks
GBCI,Glacier Bancorp Inc. Common Stock,$52.04,2.46,4.962%,5901058575.00,United States,,1034426,Finance,Major Banks
GBDC,Golub Capital BDC Inc. Common Stock,$15.51,0.23,1.505%,4104086459.00,United States,2010,1164192,Finance,Finance: Consumer Services
GBIO,Generation Bio Co. Common Stock,$2.34,0.20,9.346%,156174350.00,United States,2020,70154,Health Care,Biotechnology: Pharmaceutical Preparations
GBLI,Global Indemnity Group LLC Class A Common Stock (DE),$34.00,0.00,0.00%,464585724.00,Ireland,,11306,Finance,Property-Casualty Insurers
GBR,New Concept Energy Inc Common Stock,$1.1799,-0.0002,-0.017%,6055169.00,United States,1993,11150,Energy,Oil & Gas Production
GBTG,Global Business Travel Group Inc. Class A Common Stock,$7.68,0.19,2.537%,3634720788.00,United States,2020,577477,Consumer Discretionary,Transportation Services
GBX,Greenbrier Companies Inc. (The) Common Stock,$62.18,1.03,1.684%,1935722036.00,United States,1994,783952,Industrials,Railroads
GCBC,Greene County Bancorp Inc. Common Stock,$28.98,0.77,2.73%,493437475.00,United States,,7700,Finance,Banks
GCI,Gannett Co. Inc. Common Stock,$5.79,0.20,3.578%,854602257.00,United States,2014,1073403,Consumer Discretionary,Newspapers/Magazines
GCMG,GCM Grosvenor Inc. Class A Common Stock,$11.71,0.01,0.085%,2210958542.00,United States,,120892,Finance,Investment Managers
GCMGW,GCM Grosvenor Inc. Warrant,$1.00,0.00,0.00%,188809440.00,United States,,7185,Finance,Investment Managers
GCO,Genesco Inc. Common Stock,$27.45,0.76,2.848%,308040167.00,United States,,98050,Consumer Discretionary,Clothing/Shoe/Accessory Stores
GCT,GigaCloud Technology Inc Class A Ordinary Shares,$24.55,0.38,1.572%,1015459048.00,Hong Kong,2022,834680,Consumer Discretionary,Catalog/Specialty Distribution
GCTK,GlucoTrack Inc. Common Stock,$1.735,-0.025,-1.42%,9505086.00,Israel,,4514,Health Care,Medical/Dental Instruments
GCTS,GCT Semiconductor Holding Inc. Common Stock,$2.60,-0.11,-4.059%,122972673.00,United States,2021,142976,Technology,Semiconductors
GCV,Gabelli Convertible and Income Securities Fund Inc. (The) Common Stock,$3.70,-0.008,-0.216%,70448107.00,United States,,10477,Finance,Finance/Investors Services
GD,General Dynamics Corporation Common Stock,$303.92,1.40,0.463%,83568462686.00,United States,,968657,Industrials,Marine Transportation
GDC,GD Culture Group Limited Common Stock,$1.70,-0.03,-1.734%,16585307.00,China,2015,148603,Industrials,Steel/Iron Ore
GDDY,GoDaddy Inc. Class A Common Stock,$159.90,-0.63,-0.392%,22541529134.00,United States,2015,822527,Technology,EDP Services
GDEN,Golden Entertainment Inc. Common Stock,$31.02,0.54,1.772%,878316721.00,United States,,92673,Consumer Discretionary,Services-Misc. Amusement & Recreation
GDEV,GDEV Inc. Ordinary Shares,$37.55,-0.55,-1.444%,679894381.00,Cyprus,,2431,Technology,EDP Services
GDEVW,GDEV Inc. Warrant,$0.0311,-0.0107,-25.598%,563108.00,Cyprus,,500,Technology,EDP Services
GDHG,Golden Heaven Group Holdings Ltd. Class A Ordinary Shares,$2.11,-0.04,-1.86%,8294410.00,China,2023,113932,Consumer Discretionary,Services-Misc. Amusement & Recreation
GDL,GDL Fund The Common Shares of Beneficial Interest,$8.14,-0.03,-0.367%,0.00,United States,2007,16317,Finance,Investment Managers
GDL^C,The GDL Fund Series C Cumulative Puttable and Callable Preferred Shares,$49.81,0.00,0.00%,,United States,,25,,
GDO,Western Asset Global Corporate Defined Opportunity Fund Inc.,$11.86,-0.08,-0.67%,0.00,United States,2009,50272,Finance,Finance Companies
GDOT,Green Dot Corporation Class A Common Stock $0.001 par value,$12.00,0.56,4.895%,644547768.00,United States,2010,464198,Finance,Finance: Consumer Services
GDRX,GoodRx Holdings Inc. Class A Common Stock,$6.35,0.14,2.254%,2409526779.00,United States,2020,630913,Technology,EDP Services
GDS,GDS Holdings Limited ADS,$21.85,0.36,1.675%,4247587844.00,China,2016,645186,Technology,Computer Software: Programming Data Processing
GDSTR,Goldenstone Acquisition Limited Rights,$0.2181,0.00,0.00%,0.00,United States,2022,2,Finance,Blank Checks
GDSTW,Goldenstone Acquisition Limited Warrants,$0.0319,0.0118,58.706%,0.00,United States,2022,10593,Finance,Blank Checks
GDTC,CytoMed Therapeutics Limited Ordinary Shares,$2.56,-0.25,-8.897%,29542400.00,Singapore,2023,18923,Health Care,Biotechnology: Pharmaceutical Preparations
GDV,Gabelli Dividend & Income Trust Common Shares of Beneficial Interest,$24.39,0.08,0.329%,2199697295.00,United States,2003,83003,Finance,Investment Managers
GDV^H,The Gabelli Dividend & Income Trust 5.375% Series H Cumulative Preferred Shares,$24.70,0.00,0.00%,,United States,,1389,,
GDV^K,The Gabelli Dividend & Income Trust 4.250% Series K Cumulative Preferred Shares,$20.2999,0.1198,0.594%,,United States,,5718,,
GDYN,Grid Dynamics Holdings Inc. Class A Common Stock,$16.04,0.40,2.558%,1229738792.00,United States,2018,385831,Technology,Computer Software: Prepackaged Software
GE,GE Aerospace Common Stock,$175.36,-3.74,-2.088%,189791076541.00,United States,,5685395,Technology,Consumer Electronics/Appliances
GECC,Great Elm Capital Corp. Common Stock,$9.82,-0.2141,-2.134%,74651247.00,United States,,10457,Finance,Finance: Consumer Services
GECCH,Great Elm Capital Corp. 8.125% Notes Due 2029,$25.02,-0.10,-0.398%,0.00,United States,,2913,,
GECCI,Great Elm Capital Corp. 8.50% NOTES DUE 2029,$25.28,-0.059,-0.233%,0.00,United States,,669,Finance,Finance Companies
GECCO,Great Elm Capital Corp. 5.875% Notes due 2026,$24.82,0.12,0.486%,0.00,United States,,1314,Finance,Finance Companies
GECCZ,Great Elm Capital Corp. 8.75% Notes due 2028,$25.43,0.0099,0.039%,0.00,United States,,2623,Finance,Finance Companies
GEF,Greif Inc. Class A Common Stock,$63.02,0.44,0.703%,2973278117.00,United States,,192833,,
GEG,Great Elm Group Inc. Common Stock,$1.72,0.00,0.00%,54825490.00,United States,,35082,Technology,Computer Software: Prepackaged Software
GEGGL,Great Elm Group Inc.  7.25% Notes due 2027,$24.49,0.3937,1.634%,780625730.00,United States,,1705,Finance,Finance: Consumer Services
GEHC,GE HealthCare Technologies Inc. Common Stock ,$85.93,-2.49,-2.816%,39240987400.00,United States,,4223017,Health Care,Medical Electronics
GEL,Genesis Energy L.P. Common Units,$12.90,-0.07,-0.54%,1579789702.00,United States,2001,275840,Energy,Oil Refining/Marketing
GEN,Gen Digital Inc. Common Stock,$27.03,0.06,0.222%,16637641318.00,United States,,2195533,Technology,Computer Software: Prepackaged Software
GENC,Gencor Industries Inc. Common Stock,$20.15,0.55,2.806%,295352695.00,United States,,27867,Industrials,Construction/Ag Equipment/Trucks
GENI,Genius Sports Limited Ordinary Shares,$7.10,-0.02,-0.281%,1649765337.00,Guernsey,2021,2116931,Consumer Discretionary,Services-Misc. Amusement & Recreation
GENK,GEN Restaurant Group Inc. Class A Common Stock,$9.06,0.37,4.258%,296707227.00,United States,2023,41497,Consumer Discretionary,Restaurants
GEO,Geo Group Inc (The) REIT,$16.24,1.05,6.912%,2267591590.00,United States,,3652458,Consumer Discretionary,Homebuilding
GEOS,Geospace Technologies Corporation Common Stock (Texas),$11.45,0.21,1.868%,147803092.00,United States,,17498,Industrials,Industrial Machinery/Components
GERN,Geron Corporation Common Stock,$4.22,0.16,3.941%,2543797276.00,United States,1996,7939088,Health Care,Biotechnology: Pharmaceutical Preparations
GES,Guess? Inc. Common Stock,$17.99,0.52,2.977%,925087465.00,United States,1996,683525,Consumer Discretionary,Apparel
GETY,Getty Images Holdings Inc. Class A Common Stock,$4.01,0.09,2.296%,1645765309.00,United States,2022,223820,Consumer Discretionary,Business Services
GEV,GE Vernova Inc. Common Stock,$289.23,-4.31,-1.468%,79727108513.00,United States,2024,2230291,,
GEVO,Gevo Inc. Common Stock,$2.92,-0.04,-1.351%,699254581.00,United States,2011,5644677,Industrials,Major Chemicals
GF,New Germany Fund Inc. (The) Common Stock,$8.69,0.01,0.115%,0.00,United States,1990,28631,Finance,Investment Managers
GFAI,Guardforce AI Co. Limited Ordinary Shares,$1.12,0.01,0.901%,11010018.00,Singapore,,244452,Consumer Discretionary,Diversified Commercial Services
GFAIW,Guardforce AI Co. Limited Warrant,$0.1297,-0.0001,-0.077%,1274999.00,Singapore,,10180,Consumer Discretionary,Diversified Commercial Services
GFF,Griffon Corporation Common Stock,$64.36,0.90,1.418%,3170582126.00,United States,,508523,Industrials,Building Products
GFI,Gold Fields Limited American Depositary Shares,$17.24,-0.27,-1.542%,15404643616.00,South Africa,,2157961,Basic Materials,Precious Metals
GFL,GFL Environmental Inc. Subordinate voting shares no par value,$40.09,0.01,0.025%,15095455927.00,Canada,2020,673231,Utilities,Environmental Services
GFR,Greenfire Resources Ltd. Common Shares,$7.08,0.00,0.00%,490476983.00,Canada,,57444,Energy,Oil & Gas Production
GFS,GlobalFoundries Inc. Ordinary Shares,$40.24,-0.16,-0.396%,22274779166.00,United States,2021,1233866,Technology,Semiconductors
GGAL,Grupo Financiero Galicia S.A. American Depositary Shares,$54.11,0.22,0.408%,7979558899.00,Argentina,,930732,Finance,Commercial Banks
GGB,Gerdau S.A. Common Stock,$3.18,0.06,1.923%,6704970544.00,Brazil,,20884369,Industrials,Steel/Iron Ore
GGG,Graco Inc. Common Stock,$81.45,-0.69,-0.84%,13752797965.00,United States,,731649,Industrials,Fluid Controls
GGN,GAMCO Global Gold Natural Resources & Income Trust,$4.41,-0.02,-0.451%,0.00,United States,2005,367902,Finance,Finance/Investors Services
GGN^B,GAMCO Global Gold Natural Reources & Income Trust 5.00% Series B Cumulative 25.00 Liquidation Preference,$22.35,-0.6445,-2.803%,,United States,,20690,,
GGR,Gogoro Inc. Ordinary Shares,$0.4967,0.0263,5.591%,146561269.00,Taiwan,,1543480,Consumer Discretionary,Auto Manufacturing
GGROW,Gogoro Inc. Warrant,$0.0227,-0.0029,-11.328%,6698089.00,Taiwan,,13448,Consumer Discretionary,Auto Manufacturing
GGT,Gabelli Multi-Media Trust Inc. (The) Common Stock,$4.64,0.015,0.324%,127765885.00,United States,,52766,Finance,Trusts Except Educational Religious and Charitable
GGT^E,Gabelli Multi-Media Trust Inc. (The) 5.125% Series E Cumulative Preferred Stock,$23.72,0.00,0.00%,,United States,,71,,
GGZ,Gabelli Global Small and Mid Cap Value Trust (The) Common Shares of Beneficial Interest,$12.33,0.03,0.244%,109391353.00,,2014,5748,Finance,Investment Managers
GH,Guardant Health Inc. Common Stock,$22.20,1.69,8.24%,2731090087.00,United States,2018,1854655,Health Care,Medical Specialities
GHC,Graham Holdings Company Common Stock,$778.58,8.52,1.106%,3425605627.00,United States,,7558,Real Estate,Other Consumer Services
GHG,GreenTree Hospitality Group Ltd. American depositary shares each representing one Class A ordinary share,$2.96,0.19,6.859%,300568822.00,,2018,13693,Consumer Discretionary,Hotels/Resorts
GHI,Greystone Housing Impact Investors LP Beneficial Unit Certificates representing assignments of limited partnership interests,$12.28,-0.77,-5.90%,286006628.00,United States,2022,232239,Finance,Finance: Consumer Services
GHIX,Gores Holdings IX Inc. Class A Common Stock,$10.58,0.00,0.00%,0.00,United States,2022,252,Finance,Blank Checks
GHLD,Guild Holdings Company Class A Common Stock,$14.00,-0.29,-2.029%,859408172.00,United States,2020,17046,Finance,Finance: Consumer Services
GHM,Graham Corporation Common Stock,$29.57,-0.33,-1.104%,322056007.00,United States,1978,36905,Industrials,Industrial Machinery/Components
GHRS,GH Research PLC Ordinary Shares,$8.06,0.41,5.359%,419346849.00,Ireland,2021,69326,Health Care,Biotechnology: Pharmaceutical Preparations
GHY,PGIM Global High Yield Fund Inc.,$12.67,-0.10,-0.783%,0.00,United States,2012,102553,Finance,Trusts Except Educational Religious and Charitable
GIB,CGI Inc. Common Stock,$113.88,0.77,0.681%,25954476438.00,Canada,,106916,Consumer Discretionary,Professional Services
GIC,Global Industrial Company Common Stock,$33.28,-0.24,-0.716%,1271309212.00,United States,,82248,Industrials,Industrial Machinery/Components
GIFI,Gulf Island Fabrication Inc. Common Stock,$5.49,0.01,0.182%,90674657.00,United States,1997,35185,Industrials,Metal Fabrications
GIFT,Giftify Inc. Common Stock,$1.67,0.00,0.00%,43273479.00,United States,,7743,Consumer Discretionary,Catalog/Specialty Distribution
GIG,GigCapital7 Corp. Class A Ordinary Share,$9.94,0.01,0.101%,0.00,United States,2024,122365,Finance,Blank Checks
GIGGU,GigCapital7 Corp. Unit,$9.9914,-0.0086,-0.086%,1556932885.00,United States,2024,1647,Technology,Computer Software: Prepackaged Software
GIGGW,GigCapital7 Corp. Warrant,$0.06,0.00,0.00%,0.00,United States,2024,1704,Finance,Blank Checks
GIGM,GigaMedia Limited Ordinary Shares,$1.39,-0.02,-1.418%,15362607.00,Taiwan,,5222,Technology,Computer Software: Programming Data Processing
GIII,G-III Apparel Group LTD. Common Stock,$31.30,0.70,2.288%,1373586227.00,United States,1989,219008,Consumer Discretionary,Apparel
GIL,Gildan Activewear Inc. Class A Sub. Vot. Common Stock,$48.34,0.27,0.562%,7860586059.00,Canada,2000,393233,Consumer Discretionary,Apparel
GILD,Gilead Sciences Inc. Common Stock,$88.76,-0.24,-0.27%,110505497110.00,United States,1992,5961708,Health Care,Biotechnology: Biological Products (No Diagnostic Substances)
GILT,Gilat Satellite Networks Ltd. Ordinary Shares,$5.06,0.14,2.846%,288501395.00,Israel,,189458,Technology,Radio And Television Broadcasting And Communications Equipment
GIPR,Generation Income Properties Inc. Common Stock,$1.98,0.0001,0.005%,10737912.00,United States,,24206,Real Estate,Real Estate Investment Trusts
GIS,General Mills Inc. Common Stock,$68.27,-0.03,-0.044%,37900697966.00,United States,,3029558,Consumer Staples,Packaged Foods
GJH,Synthetic Fixed-Income Securities Inc 6.375% (STRATS) Cl A-1,$9.85,0.049,0.50%,0.00,United States,,500,Finance,Finance: Consumer Services
GJO,Synthetic Fixed-Income Securities Inc. on behalf of STRATS(SM) Trust for Wal-Mart Stores Inc. Securities Series 2004-5,$24.82,0.00,0.00%,0.00,United States,,412,Finance,Finance: Consumer Services
GJT,Synthetic Fixed-Income Securities Inc. Floating Rate Structured Repackaged Asset-Backed Trust Securities Certificates Series 2006-3,$22.80,0.00,0.00%,0.00,United States,,110,Finance,Finance: Consumer Services
GKOS,Glaukos Corporation Common Stock,$134.08,3.49,2.672%,7367757543.00,United States,2015,471835,Health Care,Medical/Dental Instruments
GL,Globe Life Inc. Common Stock,$105.48,0.33,0.314%,9474196723.00,United States,,921400,Finance,Life Insurance
GL^D,Globe Life Inc. 4.25% Junior Subordinated Debentures due 2061,$18.12,-0.01,-0.055%,,United States,,10189,,
GLAC,Global Lights Acquisition Corp Ordinary Shares,$10.57,0.00,0.00%,0.00,China,2023,67835,,
GLAD,Gladstone Capital Corporation Common Stock,$24.41,0.23,0.951%,531026100.00,United States,2001,77088,Consumer Discretionary,Textiles
GLADZ,Gladstone Capital Corporation 7.75% Notes due 2028,$25.47,-0.0129,-0.051%,554085816.00,United States,,2238,,
GLBE,Global-E Online Ltd. Ordinary Shares,$38.49,0.54,1.423%,6380637950.00,Israel,2021,408638,Technology,Computer Software: Prepackaged Software
GLBS,Globus Maritime Limited Common Stock,$1.72,-0.05,-2.825%,35401558.00,Greece,,15052,Consumer Discretionary,Marine Transportation
GLBZ,Glen Burnie Bancorp Common Stock,$5.54,0.00,0.00%,16069773.00,United States,,519,Finance,Major Banks
GLDD,Great Lakes Dredge & Dock Corporation Common Stock,$11.52,-0.19,-1.623%,774016370.00,United States,,459405,Industrials,Military/Government/Technical
GLDG,GoldMining Inc. Common Shares,$0.93,-0.01,-1.064%,175514609.00,,,489394,Basic Materials,Precious Metals
GLE,Global Engine Group Holding Limited Ordinary Shares,$3.85,-0.29,-7.005%,73150000.00,Hong Kong,2024,17058,Technology,EDP Services
GLLIR,Globalink Investment Inc. Rights,$0.19,0.0056,3.037%,0.00,United States,2021,762,,
GLMD,Galmed Pharmaceuticals Ltd. Ordinary Shares,$3.90,-0.03,-0.763%,2510391.00,Israel,2014,37988,Health Care,Biotechnology: Pharmaceutical Preparations
GLNG,Golar Lng Ltd,$37.11,-0.44,-1.172%,3854915549.00,Bermuda,,916747,Consumer Discretionary,Marine Transportation
GLO,Clough Global Opportunities Fund Common Stock,$5.28,0.01,0.19%,0.00,United States,2006,135111,Finance,Finance/Investors Services
GLOB,Globant S.A. Common Shares,$218.81,0.77,0.353%,9427709364.00,United States,2014,255441,Technology,EDP Services
GLOP^A,GasLog Partners LP 8.625% Series A Cumulative Redeemable Perpetual Fixed to Floating Rate Preference Units,$25.8499,-0.0101,-0.039%,,Greece,,1788,,
GLOP^B,GasLog Partners LP 8.200% Series B Cumulative Redeemable Perpetual Fixed to Floating Rate Preference Units,$25.48,-0.0201,-0.079%,,Greece,,3772,,
GLOP^C,GasLog Partners LP 8.500% Series C Cumulative Redeemable Perpetual Fixed to Floating Rate Preference Units,$25.28,0.00,0.00%,,Greece,,4426,,
GLP,Global Partners LP Common Units representing Limited Partner Interests,$46.61,-0.27,-0.576%,1584533191.00,United States,2005,45600,Energy,Oil Refining/Marketing
GLP^B,Global Partners LP 9.50% Series B Fixed Rate Cumulative Redeemable Perpetual Preferred Units representing limited partner interests,$26.3499,0.0699,0.266%,,United States,,6148,,
GLPG,Galapagos NV American Depositary Shares,$28.76,-0.19,-0.656%,1895199762.00,Belgium,2015,54129,Health Care,Biotechnology: Pharmaceutical Preparations
GLPI,Gaming and Leisure Properties Inc. Common Stock,$50.49,0.72,1.447%,13854025068.00,United States,,1919907,Real Estate,Real Estate Investment Trusts
GLQ,Clough Global Equity Fund Clough Global Equity Fund Common Shares of Beneficial Interest,$6.85,0.035,0.514%,0.00,United States,2005,82478,Finance,Finance/Investors Services
GLRE,Greenlight Capital Re Ltd. Class A Ordinary Shares,$13.39,0.16,1.209%,472950118.00,Cayman Islands,2007,51909,Finance,Property-Casualty Insurers
GLSI,Greenwich LifeSciences Inc. Common Stock,$13.93,0.43,3.185%,183105016.00,United States,2020,25160,Health Care,Biotechnology: Pharmaceutical Preparations
GLST,Global Star Acquisition Inc. Class A Common Stock,$11.35,0.11,0.979%,0.00,United States,2022,4400,Industrials,Consumer Electronics/Appliances
GLSTR,Global Star Acquisition Inc. Right,$0.1365,0.019,16.17%,0.00,United States,2022,7297,,
GLSTU,Global Star Acquisition Inc. Unit,$11.36,0.01,0.088%,0.00,United States,2022,1510,Industrials,Consumer Electronics/Appliances
GLSTW,Global Star Acquisition Inc. Warrants,$0.0112,0.0001,0.901%,0.00,United States,2022,1400,Industrials,Consumer Electronics/Appliances
GLT,Glatfelter Corporation Common Stock,$1.80,0.06,3.448%,81714838.00,United States,2000,254750,Basic Materials,Paper
GLTO,Galecto Inc. Common Stock,$7.26,-0.01,-0.138%,7878610.00,Denmark,2020,7200,Health Care,Biotechnology: Pharmaceutical Preparations
GLU,Gabelli Global Utility Common Shares of Beneficial Ownership,$16.23,0.01,0.062%,96875426.00,United States,2004,8230,Finance,Finance/Investors Services
GLU^B,The Gabelli Global Utility and Income Trust Series B Cumulative Puttable and Callable Preferred Shares,$50.23,0.0695,0.139%,,United States,,3437,,
GLUE,Monte Rosa Therapeutics Inc. Common Stock,$9.48,4.59,93.865%,581814372.00,United States,2021,95042360,Health Care,Biotechnology: Biological Products (No Diagnostic Substances)
GLV,Clough Global Dividend and Income Fund Common Shares of beneficial interest,$5.78,-0.07,-1.197%,73461390.00,United States,2004,61999,Finance,Finance/Investors Services
GLW,Corning Incorporated Common Stock,$46.84,0.59,1.276%,40081026456.00,United States,,7090713,Industrials,Telecommunications Equipment
GLXG,Galaxy Payroll Group Limited Ordinary Shares,$12.25,-0.65,-5.039%,217437500.00,Hong Kong,2024,1333028,Consumer Discretionary,Diversified Commercial Services
GLYC,GlycoMimetics Inc. Common Stock,$0.1682,-0.0048,-2.775%,10846202.00,United States,2014,970644,Health Care,Biotechnology: Pharmaceutical Preparations
GM,General Motors Company Common Stock,$52.73,0.66,1.268%,57981688643.00,United States,2010,11502232,Consumer Discretionary,Auto Manufacturing
GMAB,Genmab A/S ADS,$23.14,0.02,0.087%,15289647399.00,Denmark,2019,866055,Health Care,Biotechnology: Pharmaceutical Preparations
GME,GameStop Corporation Common Stock,$22.73,2.16,10.501%,9694563026.00,United States,2002,13486491,Consumer Discretionary,Electronics Distribution
GMED,Globus Medical Inc. Class A Common Stock,$74.20,1.03,1.408%,10047200661.00,United States,2012,547276,Health Care,Medical/Dental Instruments
GMGI,Golden Matrix Group Inc. Common Stock,$2.31,0.09,4.054%,279144967.00,United States,,76412,Technology,Computer Software: Prepackaged Software
GMM,Global Mofy AI Limited Class A Ordinary Shares,$0.47,0.1185,33.713%,13416370.00,China,2023,147142055,Technology,Computer Software: Programming Data Processing
GMRE,Global Medical REIT Inc. Common Stock,$9.20,0.01,0.109%,603406362.00,United States,2016,226723,Real Estate,Real Estate Investment Trusts
GMRE^A,Global Medical REIT Inc. Series A Cumulative Redeemable Preferred Stock,$25.41,0.0301,0.119%,,United States,,4170,,
GMS,GMS Inc. Common Stock,$92.03,2.14,2.381%,3615421650.00,United States,2016,314432,Consumer Discretionary,RETAIL: Building Materials
GNE,Genie Energy Ltd. Class B Common Stock Stock,$16.09,0.07,0.437%,432710108.00,United States,2011,20650,Utilities,Power Generation
GNFT,GENFIT S.A. American Depositary Shares,$5.51,0.01,0.182%,274590756.00,France,2019,3236,Health Care,Biotechnology: Biological Products (No Diagnostic Substances)
GNK,Genco Shipping & Trading Limited Ordinary Shares New (Marshall Islands),$15.65,-0.21,-1.324%,669161057.00,United States,,596226,Consumer Discretionary,Marine Transportation
GNL,Global Net Lease Inc. Common Stock,$7.98,-0.06,-0.746%,1839147576.00,United States,2015,1006629,Real Estate,Real Estate Investment Trusts
GNL^A,Global Net Lease Inc. 7.25% Series A Cumulative Redeemable Preferred Stock $0.01 par value per share,$23.67,0.22,0.938%,,United States,,4136,,
GNL^B,Global Net Lease Inc. 6.875% Series B Cumulative Redeemable Perpetual Preferred Stock,$22.64,-0.01,-0.044%,,United States,,5096,,
GNL^D,Global Net Lease Inc. 7.50% Series D Cumulative Redeemable Perpetual Preferred Stock,$23.54,-0.04,-0.17%,,United States,,9787,,
GNL^E,Global Net Lease Inc. 7.375% Series E Cumulative Redeemable Perpetual Preferred Stock,$23.28,0.01,0.043%,,United States,,6651,,
GNLN,Greenlane Holdings Inc. Class A Common Stock,$3.80,1.82,91.919%,11061222.00,United States,2019,54819233,Consumer Discretionary,Durable Goods
GNLX,Genelux Corporation Common Stock,$2.96,0.41,16.078%,102224994.00,United States,2023,256799,Health Care,Biotechnology: Pharmaceutical Preparations
GNPX,Genprex Inc. Common Stock,$2.74,0.76,38.384%,7092616.00,United States,2018,18748780,Health Care,Biotechnology: Pharmaceutical Preparations
GNRC,Generac Holdlings Inc. Common Stock,$165.65,1.25,0.76%,9964300553.00,United States,2010,499152,Consumer Discretionary,Metal Fabrications
GNS,Genius Group Limited Ordinary Shares,$0.72,0.02,2.857%,15630458.00,Singapore,2022,757796,Consumer Discretionary,Services-Misc. Amusement & Recreation
GNSS,Genasys Inc. Common Stock,$3.69,-0.20,-5.141%,164588812.00,United States,,201251,Consumer Staples,Consumer Electronics/Appliances
GNT,GAMCO Natural Resources Gold & Income Trust,$5.9001,0.0001,0.002%,109006938.00,United States,2011,21525,Finance,Finance/Investors Services
GNT^A,GAMCO Natural Resources Gold & Income Tust  5.20% Series A Cumulative Preferred Shares (Liquidation Preference $25.00 per share),$23.37,0.00,0.00%,,United States,,213,,
GNTA,Genenta Science S.p.A. American Depositary Shares,$5.40,0.1759,3.367%,98371573.00,Italy,2021,7008,Health Care,Biotechnology: Biological Products (No Diagnostic Substances)
GNTX,Gentex Corporation Common Stock,$31.30,0.05,0.16%,7205799143.00,United States,,2184787,Consumer Discretionary,Auto Parts:O.E.M.
GNTY,Guaranty Bancshares Inc. Common Stock,$33.56,0.71,2.161%,382737302.00,United States,,11702,Finance,Major Banks
GNW,Genworth Financial Inc Common Stock,$6.80,0.06,0.89%,2937801552.00,United States,2004,1864656,Finance,Life Insurance
GO,Grocery Outlet Holding Corp. Common Stock,$16.84,0.07,0.417%,1650157090.00,United States,2019,1083409,Consumer Staples,Food Chains
GOCO,GoHealth Inc. Class A Common Stock,$11.60,0.59,5.359%,264930869.00,United States,2020,23181,Finance,Specialty Insurers
GODN,Golden Star Acquisition Corporation Ordinary Shares,$11.19,-0.12,-1.061%,0.00,United States,2023,4936,Finance,Blank Checks
GODNR,Golden Star Acquisition Corporation Rights,$0.36,-0.02,-5.263%,0.00,United States,2023,500,Finance,Blank Checks
GODNU,Golden Star Acquisition Corporation Unit,$12.47,0.00,0.00%,0.00,United States,2023,1,Finance,Blank Checks
GOEV,Canoo Inc. Class A Common Stock,$0.9176,0.0052,0.57%,71471179.00,United States,2019,2707733,Consumer Discretionary,Auto Parts:O.E.M.
GOEVW,Canoo Inc. Warrant,$0.0379,-0.0001,-0.263%,2952003.00,United States,2019,49697,Consumer Discretionary,Auto Parts:O.E.M.
GOF,Guggenheim Strategic Opportunities Fund Common Shares of Beneficial Interest,$15.77,0.08,0.51%,0.00,United States,,551551,Finance,Finance/Investors Services
GOGL,Golden Ocean Group Limited Common Stock,$10.62,-0.23,-2.12%,2120052472.00,Bermuda,,1111330,Consumer Discretionary,Marine Transportation
GOGO,Gogo Inc. Common Stock,$7.22,0.05,0.697%,916595953.00,United States,2013,797710,Consumer Discretionary,Telecommunications Equipment
GOLD,Barrick Gold Corporation Common Stock (BC),$19.98,0.37,1.887%,35019632912.00,Canada,,17385705,Basic Materials,Precious Metals
GOLF,Acushnet Holdings Corp. Common Stock,$60.26,-0.24,-0.397%,3724889284.00,United States,2016,277634,Consumer Discretionary,Recreational Games/Products/Toys
GOOD,Gladstone Commercial Corporation Real Estate Investment Trust,$16.01,0.06,0.376%,680958469.00,United States,2003,144219,Real Estate,Real Estate
GOODN,Gladstone Commercial Corporation 6.625% Series E Cumulative Redeemable Preferred Stock,$24.17,-0.182,-0.747%,1028030369.00,United States,,2371,Real Estate,Real Estate
GOODO,Gladstone Commercial Corporation 6.00% Series G Cumulative Redeemable Preferred Stock par value $0.001 per share,$22.08,0.1599,0.729%,939135728.00,United States,,2201,Real Estate,Real Estate
GOOG,Alphabet Inc. Class C Capital Stock,$168.34,1.35,0.808%,2072265400000.00,United States,2004,20811931,Technology,Computer Software: Programming Data Processing
GOOGL,Alphabet Inc. Class A Common Stock,$166.72,1.45,0.877%,2052323200000.00,United States,2004,32071168,Technology,Computer Software: Programming Data Processing
GOOS,Canada Goose Holdings Inc. Subordinate Voting Shares,$10.36,0.14,1.37%,1002131844.00,,2017,654400,Consumer Discretionary,Apparel
GORO,Gold Resource Corporation Common Stock,$0.1625,-0.0175,-9.722%,15197492.00,United States,,6283931,Basic Materials,Precious Metals
GORV,Lazydays Holdings Inc. Common Stock,$1.14,-0.08,-6.557%,16149292.00,United States,,21657,Consumer Discretionary,Retail-Auto Dealers and Gas Stations
GOSS,Gossamer Bio Inc. Common Stock,$0.917,-0.0241,-2.561%,207450397.00,United States,2019,634003,Health Care,Biotechnology: Pharmaceutical Preparations
GOTU,Gaotu Techedu Inc. American Depositary Shares,$3.19,0.17,5.629%,823711174.00,China,2019,2213124,Real Estate,Other Consumer Services
GOVX,GeoVax Labs Inc. Common Stock,$1.99,-0.08,-3.865%,14347900.00,United States,,605299,Health Care,Biotechnology: Pharmaceutical Preparations
GOVXW,GeoVax Labs Inc. Warrants,$0.112,-0.0188,-14.373%,807520.00,United States,,20970,Health Care,Biotechnology: Pharmaceutical Preparations
GP,GreenPower Motor Company Inc. Common Shares,$1.205,-0.265,-18.027%,31921850.00,Canada,,1007252,Consumer Discretionary,Construction/Ag Equipment/Trucks
GPAT,GP-Act III Acquisition Corp. Class A Ordinary Share,$10.07,0.00,0.00%,0.00,United States,2024,95292,,
GPATU,GP-Act III Acquisition Corp. Units,$10.11,0.00,0.00%,0.00,United States,2024,1000,,
GPC,Genuine Parts Company Common Stock,$118.35,4.11,3.598%,16454968236.00,United States,,3932667,Consumer Discretionary,Automotive Aftermarket
GPCR,Structure Therapeutics Inc. American Depositary Shares,$37.44,-0.15,-0.399%,2141437709.00,United States,2023,552825,Health Care,Biotechnology: Pharmaceutical Preparations
GPI,Group 1 Automotive Inc. Common Stock,$352.85,6.28,1.812%,4729913672.00,United States,1997,180176,Consumer Discretionary,Retail-Auto Dealers and Gas Stations
GPJA,Georgia Power Company Series 2017A 5.00% Junior Subordinated Notes due October 1 2077,$23.88,-0.13,-0.541%,221164620.00,United States,2017,10817,Utilities,Electric Utilities: Central
GPK,Graphic Packaging Holding Company,$30.35,0.69,2.326%,9108468277.00,United States,,4588182,Consumer Discretionary,Containers/Packaging
GPMT,Granite Point Mortgage Trust Inc. Common Stock,$3.03,0.04,1.338%,153572875.00,United States,2017,291067,Real Estate,Real Estate Investment Trusts
GPMT^A,Granite Point Mortgage Trust Inc. 7.00% Series A Fixed-to-Floating Rate Cumulative Redeemable Preferred Stock,$16.74,0.13,0.783%,,United States,,1935,,
GPN,Global Payments Inc. Common Stock,$101.76,2.63,2.653%,25891505660.00,United States,,2141967,Consumer Discretionary,Business Services
GPOR,Gulfport Energy Corporation Common Shares,$142.86,-0.83,-0.578%,2586777163.00,United States,2021,134447,Energy,Oil & Gas Production
GPRE,Green Plains Inc. Common Stock,$12.18,0.69,6.005%,787499008.00,United States,,1592068,Industrials,Major Chemicals
GPRK,Geopark Ltd Common Shares,$8.12,0.07,0.87%,449259462.00,Bermuda,2014,611144,Energy,Oil & Gas Production
GPRO,GoPro Inc. Class A Common Stock,$1.37,0.07,5.385%,209239523.00,United States,2014,804799,Consumer Discretionary,Industrial Machinery/Components
GPUS,Hyperscale Data Inc. Common Stock,$0.2249,0.0053,2.413%,8736537.00,United States,1997,581140,Technology,Industrial Machinery/Components
GPUS^D,Hyperscale Data Inc. 13.00% Series D Cumulative Redeemable Perpetual Preferred Stock,$24.58,0.72,3.018%,,United States,,471,,
GRAB,Grab Holdings Limited Class A Ordinary Shares,$4.17,0.10,2.457%,16278608523.00,Singapore,,24920950,Consumer Discretionary,Business Services
GRABW,Grab Holdings Limited Warrant,$0.31,0.01,3.333%,1210160346.00,Singapore,,15549,Consumer Discretionary,Business Services
GRAF,Graf Global Corp. Class A ordinary shares,$10.01,-0.0293,-0.292%,0.00,,2024,1460,,
GRAL,GRAIL Inc. Common Stock ,$12.94,-0.06,-0.462%,401775975.00,United States,,522340,Health Care,Medical Specialities
GRBK,Green Brick Partners Inc. Common Stock,$76.61,1.65,2.201%,3408897703.00,United States,2021,267625,Consumer Discretionary,Homebuilding
GRBK^A,Green Brick Partners Inc. Depositary Shares (each representing a 1/1000th fractional interest in a share of 5.75% Series A Cumulative Perpetual Preferred Stock),$23.7201,0.0951,0.403%,,United States,,4921,,
GRC,Gorman-Rupp Company (The) Common Stock,$37.50,0.14,0.375%,983532750.00,United States,1971,63380,Industrials,Fluid Controls
GRCE,Grace Therapeutics Inc. Common Stock,$3.21,3.21,,32549400.00,Canada,,141991,,
GRDI,GRIID Infrastructure Inc. Common Stock,$0.9232,-0.1568,-14.519%,66355368.00,United States,,86057,Technology,EDP Services
GRDIW,GRIID Infrastructure Inc. Warrant,$0.03,0.009,42.857%,2156262.00,United States,,14091,Technology,EDP Services
GRDN,Guardian Pharmacy Services Inc. Class A Common Stock,$17.64,0.46,2.678%,1073290330.00,,2024,59369,Consumer Staples,Retail-Drug Stores and Proprietary Stores
GREE,Greenidge Generation Holdings Inc. Class A Common Stock,$2.35,0.10,4.444%,25066517.00,United States,,569489,Finance,Finance: Consumer Services
GREEL,Greenidge Generation Holdings Inc. 8.50% Senior Notes due 2026,$9.08,0.0317,0.35%,96852755.00,United States,,7468,Finance,Finance: Consumer Services
GRF,Eagle Capital Growth Fund Inc. Common Stock,$9.8201,0.0001,0.001%,0.00,United States,,4302,Finance,Finance/Investors Services
GRFS,Grifols S.A. American Depositary Shares,$8.34,-0.39,-4.467%,5734207933.00,Spain,,602408,Health Care,Biotechnology: Pharmaceutical Preparations
GRFX,Graphex Group Limited American Depositary Shares each American Depositary Share representing 20 Ordinary Shares,$0.2599,-0.0026,-0.99%,202058449.00,,2022,77624,,
GRI,GRI Bio Inc. Common Stock,$0.6762,-0.0409,-5.704%,1979715.00,United States,2021,861947,Health Care,Biotechnology: Pharmaceutical Preparations
GRMN,Garmin Ltd. Common Stock (Switzerland),$166.29,3.99,2.458%,31963237624.00,Switzerland,2000,950557,Industrials,Industrial Machinery/Components
GRND,Grindr Inc. Common Stock,$13.41,0.28,2.133%,2360055590.00,Singapore,2021,323595,Technology,Computer Software: Programming Data Processing
GRNQ,Greenpro Capital Corp. Common Stock,$0.88,-0.014,-1.566%,6666715.00,China,,9580,Technology,EDP Services
GRNT,Granite Ridge Resources Inc. Common Stock,$5.91,-0.05,-0.839%,772696756.00,United States,2022,273938,Energy,Oil & Gas Production
GROV,Grove Collaborative Holdings Inc. Class A Common Stock,$1.34,-0.01,-0.741%,52207784.00,,2021,57490,Consumer Discretionary,Catalog/Specialty Distribution
GROW,U.S. Global Investors Inc. Class A Common Stock,$2.46,0.045,1.863%,28565751.00,United States,,26556,Finance,Investment Managers
GROY,Gold Royalty Corp. Common Shares,$1.49,0.03,2.055%,251916411.00,Canada,2021,965993,Basic Materials,Precious Metals
GRPN,Groupon Inc. Common Stock,$10.27,0.02,0.195%,408149580.00,United States,2011,1075736,Consumer Discretionary,Advertising
GRRR,Gorilla Technology Group Inc. Ordinary shares,$4.34,-0.12,-2.691%,48217400.00,Taiwan,,507973,Technology,Computer Software: Prepackaged Software
GRRRW,Gorilla Technology Group Inc. Warrant,$0.053,-0.007,-11.667%,588830.00,Taiwan,,68310,Technology,Computer Software: Prepackaged Software
GRVY,GRAVITY Co. Ltd. American Depository Shares,$63.29,0.68,1.086%,439795881.00,South Korea,2005,7359,Consumer Discretionary,Business Services
GRWG,GrowGeneration Corp. Common Stock,$2.11,0.02,0.957%,124851964.00,United States,,402008,Consumer Discretionary,RETAIL: Building Materials
GRX,The Gabelli Healthcare & Wellness Trust Common Shares of Beneficial Interest,$10.49,-0.16,-1.502%,179305287.00,United States,,26075,Finance,Finance/Investors Services
GRYP,Gryphon Digital Mining Inc Common Stock,$0.7109,0.099,16.179%,28740051.00,United States,2018,2000099,Technology,EDP Services
GS,Goldman Sachs Group Inc. (The) Common Stock,$523.58,10.98,2.142%,165346331007.00,United States,1999,1687143,Finance,Investment Bankers/Brokers/Service
GS^A,Goldman Sachs Group Inc. (The) Depositary Shares each representing 1/1000th Interest in a Share of Floating Rate Non-Cumulative Preferred Stock Series A,$23.61,-0.6501,-2.68%,,United States,,42261,,
GS^C,Goldman Sachs Group Inc. (The) Depositary Share repstg 1/1000th Preferred Series C,$24.40,-0.44,-1.771%,,United States,,24838,,
GS^D,Goldman Sachs Group Inc. (The) Dep Shs repstg 1/1000 Pfd Ser D Fltg,$23.15,-0.38,-1.615%,,United States,,59097,,
GSAT,Globalstar Inc. Common Stock,$1.10,0.07,6.796%,2090000000.00,United States,2006,2859541,Consumer Discretionary,Telecommunications Equipment
GSBC,Great Southern Bancorp Inc. Common Stock,$58.36,1.47,2.584%,681513665.00,United States,1989,19106,Finance,Major Banks
GSBD,Goldman Sachs BDC Inc. Common Stock,$13.66,0.18,1.335%,1596538495.00,United States,2015,753520,Finance,Investment Managers
GSHD,Goosehead Insurance Inc. Class A Common Stock,$109.49,0.90,0.829%,4063031235.00,United States,2018,314264,Finance,Specialty Insurers
GSIT,GSI Technology Common Stock,$3.69,0.30,8.85%,93897142.00,United States,2007,237713,Technology,Semiconductors
GSIW,Garden Stage Limited Ordinary Shares,$1.18,0.03,2.609%,18437500.00,Hong Kong,2023,376038,Finance,Investment Bankers/Brokers/Service
GSK,GSK plc American Depositary Shares (Each representing two Ordinary Shares),$37.88,0.36,0.959%,78507963235.00,United Kingdom,2022,4110535,Health Care,Biotechnology: Pharmaceutical Preparations
GSL,Global Ship Lease Inc New Class A Common Shares,$23.73,-0.20,-0.836%,835018905.00,United Kingdom,,333293,Consumer Discretionary,Marine Transportation
GSL^B,Global Ship Lease Inc. Depository Shares Representing 1/100th Perpetual Preferred Series B% (Marshall Island),$26.225,-0.0795,-0.302%,,United Kingdom,,7782,,
GSM,Ferroglobe PLC Ordinary Shares,$4.37,0.08,1.865%,821057856.00,United Kingdom,,882316,Basic Materials,Metal Mining
GSMGW,Cheer Holding Inc. Warrant expiring 2/13/2025,$0.0016,0.0001,6.667%,16112.00,China,2018,154224,Technology,EDP Services
GSUN,Golden Sun Health Technology Group Limited Class A Ordinary Shares,$3.52,0.20,6.024%,6718096.00,China,2022,27599,Real Estate,Other Consumer Services
GT,The Goodyear Tire & Rubber Company Common Stock,$8.53,0.29,3.519%,2428380170.00,United States,,4938946,Consumer Discretionary,Automotive Aftermarket
GTBP,GT Biopharma Inc. Common Stock,$3.30,0.18,5.769%,7373282.00,United States,,22712,Health Care,Biotechnology: Pharmaceutical Preparations
GTE,Gran Tierra Energy Inc. Common Stock,$6.24,-0.13,-2.041%,191882084.00,Canada,,192791,Energy,Oil & Gas Production
GTEC,Greenland Technologies Holding Corporation Ordinary Shares,$2.62,-0.03,-1.132%,35617669.00,China,2018,128611,Industrials,Industrial Machinery/Components
GTES,Gates Industrial Corporation plc Ordinary Shares,$18.54,0.16,0.871%,4850299477.00,,2018,2927254,Industrials,Industrial Machinery/Components
GTI,Graphjet Technology Class A Ordinary Shares,$2.32,0.15,6.912%,340439830.00,Malaysia,2022,117015,Energy,Industrial Machinery/Components
GTIM,Good Times Restaurants Inc. Common Stock,$2.8398,-0.0002,-0.007%,30535810.00,United States,,4881,Consumer Discretionary,Restaurants
GTLB,GitLab Inc. Class A Common Stock,$53.88,-1.24,-2.25%,8647740000.00,United States,2021,1279092,Technology,Computer Software: Prepackaged Software
GTLS,Chart Industries Inc. Common Stock,$123.95,0.27,0.218%,5305800105.00,United States,2006,459627,Industrials,Metal Fabrications
GTLS^B,Chart Industries Inc. Depositary Shares each Representing a 1/20th Interest in a Share of 6.75% Series B Mandatory Convertible Preferred Stock,$50.98,0.87,1.736%,,United States,,9616,,
GTN,Gray Television Inc. Common Stock,$5.64,0.11,1.989%,562123059.00,United States,,541917,Industrials,Broadcasting
GTX,Garrett Motion Inc. Common Stock,$7.61,0.17,2.285%,1625209194.00,Switzerland,,899351,Consumer Discretionary,Auto Parts:O.E.M.
GTY,Getty Realty Corporation Common Stock,$32.52,0.30,0.931%,1762108720.00,United States,,222647,Finance,Real Estate
GUG,Guggenheim Active Allocation Fund Common Shares of Beneficial Interest,$15.59,-0.08,-0.511%,0.00,United States,2021,78067,Finance,Trusts Except Educational Religious and Charitable
GURE,Gulf Resources Inc. (NV) Common Stock,$0.68,0.03,4.615%,7294308.00,China,,2226699,Industrials,Major Chemicals
GUT,Gabelli Utility Trust (The) Common Stock,$5.07,0.01,0.198%,372133077.00,United States,,212940,Finance,Trusts Except Educational Religious and Charitable
GUT^C,Gabelli Utility Trust (The) 5.375% Series C Cumulative Preferred Shares,$24.67,-0.21,-0.844%,,United States,,943,,
GUTS,Fractyl Health Inc. Common Stock,$2.76,0.39,16.456%,0.00,United States,2024,1517894,,
GV,Visionary Holdings Inc. Common Shares,$1.35,0.02,1.504%,5095254.00,Canada,2022,133182,Real Estate,Other Consumer Services
GVA,Granite Construction Incorporated Common Stock,$82.18,0.56,0.686%,3590188620.00,United States,,489536,Industrials,Military/Government/Technical
GVH,Globavend Holdings Limited Ordinary Shares,$0.78,-0.0101,-1.278%,11407500.00,Australia,2023,8001,Consumer Discretionary,Oil Refining/Marketing
GVP,GSE Systems Inc. Common Stock,$4.59,-0.01,-0.217%,15934997.00,United States,,173509,Technology,Computer Software: Prepackaged Software
GWAV,Greenwave Technology Solutions Inc. Common Stock,$0.4579,0.0108,2.416%,9256889.00,United States,,1206856,Industrials,Metal Fabrications
GWH,ESS Tech Inc. Common Stock,$8.15,0.32,4.087%,96074955.00,United States,,99758,Miscellaneous,Industrial Machinery/Components
GWRE,Guidewire Software Inc. Common Stock,$188.03,0.92,0.492%,15611357721.00,United States,2012,481500,Technology,Computer Software: Prepackaged Software
GWRS,Global Water Resources Inc. Common Stock,$12.50,0.33,2.712%,302717625.00,United States,2016,14426,Utilities,Water Supply
GWW,W.W. Grainger Inc. Common Stock,$1104.13,13.19,1.209%,53909923453.00,United States,,186301,Industrials,Office Equipment/Supplies/Services
GXAI,Gaxos.ai Inc. Common Stock,$1.43,0.04,2.878%,1711766.00,United States,2023,46660,Technology,Computer Software: Prepackaged Software
GXO,GXO Logistics Inc. Common Stock ,$60.66,-0.46,-0.753%,7246835160.00,United States,2021,1006600,Consumer Discretionary,Transportation Services
GYRE,Gyre Therapeutics Inc. Common Stock,$14.39,0.18,1.267%,1344374008.00,United States,2006,54379,Health Care,Biotechnology: Pharmaceutical Preparations
GYRO,Gyrodyne LLC Common Stock,$10.655,0.00,0.00%,23433627.00,United States,,122,Real Estate,Building operators
H,Hyatt Hotels Corporation Class A Common Stock,$156.58,2.02,1.307%,15708062227.00,United States,2009,513618,Consumer Discretionary,Hotels/Resorts
HAE,Haemonetics Corporation Common Stock,$75.73,0.17,0.225%,3875689796.00,United States,1991,423167,Health Care,Medical/Dental Instruments
HAFC,Hanmi Financial Corporation Common Stock,$22.92,0.98,4.467%,693751178.00,United States,,238989,Finance,Major Banks
HAFN,Hafnia Limited Common Shares,$6.06,-0.14,-2.258%,0.00,,2024,3112251,Consumer Discretionary,Transportation Services
HAIA,Healthcare AI Acquisition Corp. Class A Ordinary Shares,$11.38,0.00,0.00%,0.00,Cayman Islands,2022,420,Finance,Blank Checks
HAIAW,Healthcare AI Acquisition Corp. Warrants,$0.0175,-0.0075,-30.00%,0.00,Cayman Islands,2022,20453,Finance,Blank Checks
HAIN,Hain Celestial Group Inc. (The) Common Stock,$8.85,0.46,5.483%,795124391.00,United States,,558323,Consumer Staples,Packaged Foods
HAL,Halliburton Company Common Stock,$27.89,-0.36,-1.274%,24622087283.00,United States,,7331788,Energy,Oilfield Services/Equipment
HALO,Halozyme Therapeutics Inc. Common Stock,$50.46,1.21,2.457%,6392186009.00,United States,,1167540,Health Care,Biotechnology: Biological Products (No Diagnostic Substances)
HAO,Haoxi Health Technology Limited Class A Ordinary Shares,$0.173,-0.0019,-1.086%,5515240.00,China,2024,528807,Consumer Discretionary,Advertising
HAS,Hasbro Inc. Common Stock,$65.80,-0.62,-0.933%,9172988759.00,United States,,2442894,Consumer Discretionary,Recreational Games/Products/Toys
HASI,HA Sustainable Infrastructure Capital Inc. Common Stock,$34.53,0.40,1.172%,4031413446.00,United States,2013,659285,Real Estate,Real Estate Investment Trusts
HAYN,Haynes International Inc. Common Stock,$60.35,0.05,0.083%,771576017.00,United States,2007,106175,Industrials,Steel/Iron Ore
HAYW,Hayward Holdings Inc. Common Stock,$14.80,-0.03,-0.202%,3183895776.00,United States,2021,1544648,Industrials,Industrial Machinery/Components
HBAN,Huntington Bancshares Incorporated Common Stock,$15.77,0.39,2.536%,22904865855.00,United States,,9512396,Finance,Major Banks
HBANL,Huntington Bancshares Incorporated Depositary Shares Each Representing a 1/40th Interest in a Share of 6.875% Series J Non-Cumulative Perpetual Preferred Stock,$26.10,0.07,0.269%,37908497072.00,United States,,18522,Finance,Major Banks
HBANM,Huntington Bancshares Incorporated Depositary Shares each representing a 1/1000th interest in a share of Huntington Series I Preferred Stock,$23.85,0.06,0.252%,34640523186.00,United States,,10506,Finance,Major Banks
HBANP,Huntington Bancshares Incorporated Depositary Shares 4.500% Series H Non-Cumulative Perpetual Preferred Stock,$19.93,-0.16,-0.796%,28946986461.00,United States,,31498,Finance,Major Banks
HBB,Hamilton Beach Brands Holding Company Class A Common Stock ,$30.15,0.56,1.893%,418996178.00,United States,2017,33075,Consumer Discretionary,Home Furnishings
HBCP,Home Bancorp Inc. Common Stock,$47.54,2.25,4.968%,383619038.00,United States,2008,25604,Finance,Banks
HBI,Hanesbrands Inc. Common Stock,$7.27,0.32,4.604%,2556747958.00,United States,,5458124,Consumer Discretionary,Clothing/Shoe/Accessory Stores
HBIO,Harvard Bioscience Inc. Common Stock,$2.42,0.10,4.31%,105538337.00,United States,2000,130748,Industrials,Biotechnology: Laboratory Analytical Instruments
HBM,Hudbay Minerals Inc. Ordinary Shares (Canada),$9.58,-0.04,-0.416%,3770710791.00,Canada,,2201938,Basic Materials,Metal Mining
HBNC,Horizon Bancorp Inc. Common Stock,$16.26,0.35,2.20%,710758079.00,United States,,114760,Finance,Major Banks
HBT,HBT Financial Inc. Common Stock,$21.98,0.69,3.241%,693674865.00,United States,2019,32303,Finance,Major Banks
HCA,HCA Healthcare Inc. Common Stock,$356.59,-6.96,-1.914%,92026429365.00,United States,2011,1962475,Health Care,Hospital/Nursing Management
HCAT,Health Catalyst Inc Common Stock,$7.93,0.27,3.525%,479529067.00,United States,2019,429200,Technology,Computer Software: Programming Data Processing
HCC,Warrior Met Coal Inc. Common Stock,$62.58,2.08,3.438%,3273605108.00,United States,2017,646454,Energy,Coal Mining
HCI,HCI Group Inc. Common Stock,$117.10,1.14,0.983%,1226357971.00,United States,,86246,Finance,Property-Casualty Insurers
HCKT,Hackett Group Inc (The). Common Stock,$24.70,0.13,0.529%,682889644.00,United States,,107133,Consumer Discretionary,Professional Services
HCM,HUTCHMED (China) Limited American Depositary Shares,$20.65,-0.20,-0.959%,3598715644.00,Hong Kong,2016,97678,Health Care,Biotechnology: Pharmaceutical Preparations
HCP,HashiCorp Inc. Class A Common Stock,$33.90,0.22,0.653%,6878119245.00,United States,2021,2198802,Technology,EDP Services
HCSG,Healthcare Services Group Inc. Common Stock,$10.95,0.21,1.955%,803545865.00,United States,1983,364753,Health Care,Hospital/Nursing Management
HCTI,Healthcare Triangle Inc. Common Stock,$1.30,0.721,124.525%,7366815.00,United States,2021,145936752,Technology,EDP Services
HCVI,Hennessy Capital Investment Corp. VI Class A Common Stock,$10.51,0.00,0.00%,0.00,United States,2021,3,Finance,Blank Checks
HCVIU,Hennessy Capital Investment Corp. VI Unit,$10.53,0.00,0.00%,0.00,United States,2021,239,Finance,Blank Checks
HCVIW,Hennessy Capital Investment Corp. VI Warrant,$0.10,0.00,0.00%,0.00,United States,2021,250,Finance,Blank Checks
HCWB,HCW Biologics Inc. Common Stock,$0.451,-0.0115,-2.486%,17058351.00,United States,2021,9672,Health Care,Biotechnology: Pharmaceutical Preparations
HCWC,Healthy Choice Wellness Corp. Class A Common Stock,$2.38,-0.17,-6.667%,23324000.00,,2024,74646,Consumer Staples,Food Chains
HCXY,Hercules Capital Inc. 6.25% Notes due 2033,$25.6001,0.00,0.00%,4156818490.00,United States,2018,22,Finance,Investment Managers
HD,Home Depot Inc. (The) Common Stock,$402.89,3.98,0.998%,400187968660.00,United States,,2585502,Consumer Discretionary,RETAIL: Building Materials
HDB,HDFC Bank Limited Common Stock,$64.50,0.85,1.335%,163333579233.00,India,2001,1984841,Finance,Commercial Banks
HDL,SUPER HI INTERNATIONAL HOLDING LTD. American Depositary Shares,$17.25,0.05,0.291%,1121765775.00,Singapore,2024,22214,Consumer Discretionary,Restaurants
HDSN,Hudson Technologies Inc. Common Stock,$8.29,0.13,1.593%,377375216.00,United States,,211082,Consumer Discretionary,Industrial Specialties
HE,Hawaiian Electric Industries Inc. Common Stock,$10.07,0.32,3.282%,1110755701.00,United States,,5804235,Utilities,Electric Utilities: Central
HEAR,Turtle Beach Corporation Common Stock,$17.04,0.62,3.776%,353652829.00,United States,,156249,Telecommunications,Telecommunications Equipment
HEES,H&E Equipment Services Inc. Common Stock,$56.59,1.13,2.038%,2066819763.00,United States,2006,383345,Industrials,Misc Corporate Leasing Services
HEI,Heico Corporation Common Stock,$248.69,-5.11,-2.013%,34467907026.00,United States,2000,681681,Industrials,Aerospace
HEI/A,Heico Corporation,$194.36,-3.34,-1.689%,,United States,,211608,,
HELE,Helen of Troy Limited Common Stock,$66.03,1.49,2.309%,1508892601.00,Bermuda,,315021,Consumer Discretionary,Home Furnishings
HEPA,Hepion Pharmaceuticals Inc. Common Stock,$0.66,-0.038,-5.444%,3827423.00,United States,,14710,Health Care,Biotechnology: Pharmaceutical Preparations
HEPS,D-Market Electronic Services & Trading American Depositary Shares,$3.37,0.00,0.00%,1083060393.00,Turkey,2021,5147595,Consumer Discretionary,Catalog/Specialty Distribution
HEQ,John Hancock Hedged Equity & Income Fund Common Shares of Beneficial Interest,$10.93,-0.07,-0.636%,0.00,United States,2011,9878,Finance,Investment Managers
HES,Hess Corporation Common Stock,$137.06,-0.96,-0.696%,42230229428.00,United States,,1971800,Energy,Integrated oil Companies
HESM,Hess Midstream LP Class A Share,$34.89,-0.58,-1.635%,3189692053.00,United States,2017,528517,Energy,Oil & Gas Production
HFBL,Home Federal Bancorp Inc. of Louisiana Common Stock,$12.59,0.152,1.222%,39427700.00,United States,2010,273,Finance,Savings Institutions
HFFG,HF Foods Group Inc. Common Stock,$3.53,0.00,0.00%,186137546.00,United States,2017,32839,Consumer Discretionary,Food Distributors
HFRO,Highland Opportunities and Income Fund Common Shares of Beneficial Interest,$5.68,0.00,0.00%,0.00,United States,2017,174621,Finance,Finance/Investors Services
HFRO^A,Highland Opportunities and Income Fund 5.375% Series A Cumulative Preferred Shares,$19.7899,-0.2301,-1.149%,,United States,,6465,,
HFWA,Heritage Financial Corporation Common Stock,$22.97,0.63,2.82%,792377645.00,United States,,156579,Finance,Banks
HG,Hamilton Insurance Group Ltd. Class B Common Shares,$17.69,0.16,0.913%,1085078083.00,Bermuda,2023,213470,,
HGBL,Heritage Global Inc. Common Stock,$1.69,0.02,1.198%,63106603.00,United States,,47639,Consumer Discretionary,Business Services
HGLB,Highland Global Allocation Fund Common Stock,$7.70,-0.05,-0.645%,0.00,,2019,67209,Finance,Trusts Except Educational Religious and Charitable
HGTY,Hagerty Inc. Class A Common Stock,$10.44,0.08,0.772%,3558421539.00,United States,2021,20416,Finance,Specialty Insurers
HGV,Hilton Grand Vacations Inc. Common Stock ,$38.38,0.25,0.656%,3895514119.00,United States,2016,681951,Consumer Discretionary,Hotels/Resorts
HHH,Howard Hughes Holdings Inc. Common Stock,$75.84,0.69,0.918%,3809930244.00,United States,,129562,Real Estate,Real Estate Investment Trusts
HHS,Harte Hanks Inc. Common Stock,$7.40,0.11,1.509%,53938474.00,United States,,8461,Consumer Discretionary,Advertising
HI,Hillenbrand Inc Common Stock,$28.20,0.73,2.657%,1980382027.00,United States,,378244,Consumer Discretionary,Miscellaneous manufacturing industries
HIE,Miller/Howard High Income Equity Fund Common Shares of Beneficial Interest,$12.225,-0.095,-0.771%,0.00,United States,2014,45465,Finance,Trusts Except Educational Religious and Charitable
HIFS,Hingham Institution for Savings Common Stock,$263.28,10.90,4.319%,565367472.00,United States,,16322,Finance,Banks
HIG,Hartford Financial Services Group Inc. (The) Common Stock,$113.39,1.13,1.007%,33224905311.00,United States,,1741299,Finance,Property-Casualty Insurers
HIG^G,Hartford Financial Services Group Inc. (The) Depositary Shares each representing a 1/1000th interest in a share of 6.000% Non-Cumulative Preferred Stock Series G $0.01 par value,$25.26,0.08,0.318%,,United States,,18453,,
HIHO,Highway Holdings Limited Common Stock,$1.9085,0.0085,0.447%,8400883.00,Hong Kong,,30405,Industrials,Metal Fabrications
HII,Huntington Ingalls Industries Inc. Common Stock,$255.16,1.33,0.524%,10006158597.00,United States,,241006,Industrials,Marine Transportation
HIMS,Hims & Hers Health Inc. Class A Common Stock,$23.08,1.35,6.213%,5010203469.00,United States,2019,6132701,Health Care,Medical/Nursing Services
HIMX,Himax Technologies Inc. American Depositary Shares,$6.16,0.00,0.00%,1076300154.00,Taiwan,2006,454460,Technology,Semiconductors
HIO,Western Asset High Income Opportunity Fund Inc. Common Stock,$3.98,0.00,0.00%,0.00,United States,,279504,Finance,Finance/Investors Services
HIPO,Hippo Holdings Inc. Common Stock,$19.38,1.04,5.671%,482945898.00,United States,2021,84673,Finance,Property-Casualty Insurers
HITI,High Tide Inc. Common Shares,$2.97,-0.05,-1.656%,238923750.00,Canada,,743036,Consumer Discretionary,Other Specialty Stores
HIVE,HIVE Digital Technologies Ltd. Common Shares,$4.11,0.48,13.223%,487817371.00,Canada,,5970336,Finance,Finance: Consumer Services
HIW,Highwoods Properties Inc. Common Stock,$34.73,-0.11,-0.316%,3682089395.00,United States,1994,791380,Real Estate,Real Estate Investment Trusts
HIX,Western Asset High Income Fund II Inc. Common Stock,$4.42,-0.02,-0.45%,0.00,United States,1998,407324,Finance,Finance/Investors Services
HKD,AMTD Digital Inc. American Depositary Shares (every five of which represent two Class A Ordinary Shares),$3.46,0.06,1.765%,665688492.00,,2022,181531,Finance,Finance: Consumer Services
HKIT,Hitek Global Inc. Class A Ordinary Share,$1.39,0.00,0.00%,20005386.00,China,2023,28407,Technology,Computer Software: Prepackaged Software
HL,Hecla Mining Company Common Stock,$6.83,0.03,0.441%,4300959372.00,United States,,7808325,Industrials,Mining & Quarrying of Nonmetallic Minerals (No Fuels)
HL^B,Hecla Mining Company Preferred Stock,$54.66,0.00,0.00%,,United States,,9,,
HLF,Herbalife Ltd. Common Shares,$6.94,0.21,3.12%,698981095.00,Cayman Islands,2004,2017716,Health Care,Other Pharmaceuticals
HLI,Houlihan Lokey Inc. Class A Common Stock,$168.11,2.10,1.265%,11689284922.00,United States,2015,229189,Finance,Investment Managers
HLIO,Helios Technologies Inc. Common Stock,$47.89,0.30,0.63%,1590896509.00,United States,2021,131257,Industrials,Metal Fabrications
HLIT,Harmonic Inc. Common Stock,$14.82,0.04,0.271%,1723965473.00,United States,1995,2625372,Technology,Radio And Television Broadcasting And Communications Equipment
HLLY,Holley Inc. Common Stock,$2.81,0.07,2.555%,336573994.00,United States,2020,242612,Consumer Discretionary,Auto Parts:O.E.M.
HLMN,Hillman Solutions Corp. Common Stock,$10.63,0.19,1.82%,2085814284.00,United States,2020,398920,Consumer Discretionary,Industrial Machinery/Components
HLN,Haleon plc American Depositary Shares (Each representing two Ordinary Shares),$9.98,0.13,1.32%,45578097118.00,United Kingdom,2022,5228199,Consumer Discretionary,Package Goods/Cosmetics
HLNE,Hamilton Lane Incorporated Class A Common Stock,$182.61,4.76,2.676%,9897003832.00,United States,2017,475713,Finance,Investment Managers
HLP,Hongli Group Inc. Ordinary Shares,$1.1551,-0.0149,-1.274%,14136980.00,China,2023,826,Industrials,Industrial Machinery/Components
HLT,Hilton Worldwide Holdings Inc. Common Stock ,$237.17,1.06,0.449%,57817256589.00,United States,2016,1417067,Consumer Discretionary,Hotels/Resorts
HLVX,HilleVax Inc. Common Stock,$1.84,0.03,1.657%,91604286.00,United States,2022,110019,Health Care,Biotechnology: Biological Products (No Diagnostic Substances)
HLX,Helix Energy Solutions Group Inc. Common Stock,$9.44,0.10,1.071%,1435380216.00,United States,,2529397,Energy,Oilfield Services/Equipment
HLXB,Helix Acquisition Corp. II Class A Ordinary Shares,$10.50,0.01,0.095%,0.00,United States,2024,12977,,
HMC,Honda Motor Company Ltd. Common Stock,$31.00,0.77,2.547%,49898709552.00,Japan,,676841,Consumer Discretionary,Auto Manufacturing
HMN,Horace Mann Educators Corporation Common Stock,$37.40,0.27,0.727%,1524753606.00,United States,1991,235567,Finance,Property-Casualty Insurers
HMST,HomeStreet Inc. Common Stock,$14.29,0.21,1.491%,269474604.00,United States,2012,60416,Finance,Major Banks
HMY,Harmony Gold Mining Company Limited,$11.18,-0.10,-0.887%,6910044647.00,South Africa,,2647842,Basic Materials,Precious Metals
HNI,HNI Corporation Common Stock,$51.83,0.17,0.329%,2443206181.00,United States,,369739,Consumer Discretionary,Office Equipment/Supplies/Services
HNNA,Hennessy Advisors Inc. Common Stock,$10.42,0.25,2.458%,80037010.00,United States,,16988,Finance,Investment Managers
HNNAZ,Hennessy Advisors Inc. 4.875% Notes due 2026,$24.48,0.00,0.00%,188033206.00,United States,,50,Finance,Investment Managers
HNRG,Hallador Energy Company Common Stock,$10.43,0.14,1.361%,444297745.00,United States,,417075,Energy,Coal Mining
HNST,The Honest Company Inc. Common Stock,$3.78,0.20,5.587%,378308614.00,United States,2021,1366528,Consumer Discretionary,Catalog/Specialty Distribution
HNVR,Hanover Bancorp Inc. Common Stock,$18.76,-0.13,-0.688%,133677438.00,United States,2022,15352,Finance,Major Banks
HNW,Pioneer Diversified High Income Fund Inc.,$12.315,-0.022,-0.178%,0.00,United States,2007,31244,Finance,Finance/Investors Services
HOFT,Hooker Furnishings Corporation Common Stock,$16.05,0.23,1.454%,171955334.00,United States,,24149,Consumer Discretionary,Home Furnishings
HOFV,Hall of Fame Resort & Entertainment Company Common Stock,$1.65,-0.0181,-1.085%,10810086.00,United States,,16763,Consumer Discretionary,Services-Misc. Amusement & Recreation
HOFVW,Hall of Fame Resort &amp; Entertainment Company Warrant,$0.0063,0.0007,12.50%,41275.00,United States,,48387,Consumer Discretionary,Services-Misc. Amusement & Recreation
HOG,Harley-Davidson Inc. Common Stock,$32.86,1.01,3.171%,4325065797.00,United States,,2259021,Consumer Discretionary,Motor Vehicles
HOLO,MicroCloud Hologram Inc. Ordinary Shares,$3.37,-0.205,-5.734%,69233951.00,United States,2021,3011820,Technology,Computer Software: Programming Data Processing
HOLOW,MicroCloud Hologram Inc. Warrant,$0.035,-0.0021,-5.66%,719047.00,United States,2021,17821,Technology,Computer Software: Programming Data Processing
HOLX,Hologic Inc. Common Stock,$80.46,-0.37,-0.458%,18688597557.00,United States,1990,1163444,Health Care,Medical Electronics
HOMB,Home BancShares Inc. Common Stock,$27.97,1.10,4.094%,5585099694.00,United States,2006,1019019,Finance,Major Banks
HON,Honeywell International Inc. Common Stock,$206.10,-1.90,-0.913%,134015985018.00,United States,,6094309,Industrials,Aerospace
HOND,HCM II Acquisition Corp. Class A Ordinary Shares,$9.98,0.01,0.10%,0.00,United States,2024,378,,
HONDU,HCM II Acquisition Corp. Unit,$10.01,0.01,0.10%,0.00,United States,2024,3874,Finance,Blank Checks
HONDW,HCM II Acquisition Corp. Warrant,$0.0846,0.0026,3.171%,0.00,United States,2024,400,Finance,Blank Checks
HONE,HarborOne Bancorp Inc. Common Stock,$12.06,0.52,4.506%,535566389.00,United States,2016,186023,Finance,Major Banks
HOOD,Robinhood Markets Inc. Class A Common Stock,$27.88,0.82,3.03%,24664809843.00,United States,2021,14621013,Finance,Investment Bankers/Brokers/Service
HOOK,HOOKIPA Pharma Inc. Common Stock,$3.82,0.04,1.058%,46048339.00,United States,2019,27921,Health Care,Biotechnology: Pharmaceutical Preparations
HOPE,Hope Bancorp Inc. Common Stock,$12.53,0.06,0.481%,1512767286.00,United States,,1074567,Finance,Major Banks
HOTH,Hoth Therapeutics Inc. Common Stock,$0.88,0.04,4.762%,6075348.00,United States,2019,87565,Health Care,Biotechnology: Pharmaceutical Preparations
HOUR,Hour Loop Inc. Common Stock,$1.45,-0.04,-2.685%,50942096.00,United States,2022,8531,Consumer Discretionary,Catalog/Specialty Distribution
HOUS,Anywhere Real Estate Inc. Common Stock,$3.85,0.09,2.394%,428401616.00,United States,2012,1359427,Finance,Real Estate
HOV,Hovnanian Enterprises Inc. Class A Common Stock,$176.18,2.09,1.201%,1066722860.00,United States,1983,66547,Consumer Discretionary,Homebuilding
HOVNP,Hovnanian Enterprises Inc Dep Shr Srs A Pfd,$17.50,-0.14,-0.794%,105957828.00,United States,,9526,Consumer Discretionary,Homebuilding
HOVR,New Horizon Aircraft Ltd. Class A Ordinary Share,$0.305,-0.0045,-1.454%,7495145.00,United States,2023,165728,Industrials,Aerospace
HOVRW,New Horizon Aircraft Ltd. Warrant,$0.0152,0.0002,1.333%,373529.00,United States,2023,1596,Industrials,Aerospace
HOWL,Werewolf Therapeutics Inc. Common Stock,$2.96,-0.04,-1.333%,129358355.00,United States,2021,800371,Health Care,Biotechnology: Pharmaceutical Preparations
HP,Helmerich & Payne Inc. Common Stock,$33.71,-0.78,-2.262%,3329044939.00,United States,,1270832,Energy,Oil & Gas Production
HPAI,Helport AI Limited Ordinary Shares,$4.16,-0.2105,-4.816%,154473147.00,Singapore,,17818,Technology,Computer Software: Prepackaged Software
HPAIW,Helport AI Limited Warrants,$0.12,-0.01,-7.692%,4455956.00,Singapore,,1000,Technology,Computer Software: Prepackaged Software
HPE,Hewlett Packard Enterprise Company Common Stock,$19.73,0.27,1.387%,25622732247.00,United States,2015,8911300,Technology,Retail: Computer Software & Peripheral Equipment
HPE^C,Hewlett Packard Enterprise Company 7.625% Series C Mandatory Convertible Preferred Stock,$58.74,0.78,1.346%,,United States,,315497,,
HPF,John Hancock Pfd Income Fund II Pfd Income Fund II,$17.87,-0.63,-3.405%,0.00,United States,2002,57244,Finance,Finance Companies
HPH,Highest Performances Holdings Inc. American Depository Shares,$0.5222,-0.0328,-5.91%,129696216.00,China,2019,111468,Finance,Investment Managers
HPI,John Hancock Preferred Income Fund Common Shares of Beneficial Interest,$17.91,-0.42,-2.291%,0.00,United States,2002,57468,Finance,Trusts Except Educational Religious and Charitable
HPK,HighPeak Energy Inc. Common Stock,$13.69,-0.70,-4.864%,1743818510.00,United States,,355988,Energy,Oil & Gas Production
HPKEW,HighPeak Energy Inc. Warrant,$3.905,-0.435,-10.023%,497414995.00,United States,,203,Energy,Oil & Gas Production
HPP,Hudson Pacific Properties Inc. Common Stock,$4.33,-0.07,-1.591%,611536123.00,United States,2010,2148487,Finance,Real Estate
HPP^C,Hudson Pacific Properties Inc. 4.750% Series C Cumulative Redeemable Preferred Stock,$14.57,0.11,0.761%,,United States,,8939,,
HPQ,HP Inc. Common Stock,$37.42,0.54,1.464%,36062320039.00,United States,,5286145,Technology,Computer Manufacturing
HPS,John Hancock Preferred Income Fund III Preferred Income Fund III,$15.96,-0.29,-1.785%,0.00,United States,2003,76970,Finance,Investment Managers
HQH,abrdn Healthcare Investors Shares of Beneficial Interest,$18.23,-0.10,-0.546%,863076125.00,United States,1987,124418,Finance,Finance Companies
HQI,HireQuest Inc. Common Stock (DE),$14.07,0.45,3.304%,196980000.00,United States,,7435,Consumer Discretionary,Professional Services
HQL,abrdn Life Sciences Investors Shares of Beneficial Interest,$14.96,0.05,0.335%,384167355.00,United States,1992,34587,Finance,Investment Managers
HQY,HealthEquity Inc. Common Stock,$87.82,-0.25,-0.284%,7668834516.00,United States,2014,422198,Consumer Discretionary,Business Services
HR,Healthcare Realty Trust Incorporated Common Stock,$17.92,0.22,1.243%,6505502062.00,United States,,1893615,Real Estate,Real Estate Investment Trusts
HRB,H&R Block Inc. Common Stock,$59.80,-0.23,-0.383%,8347721738.00,United States,,713986,Consumer Discretionary,Other Consumer Services
HRI,Herc Holdings Inc. Common Stock ,$214.60,5.13,2.449%,6095625658.00,United States,2016,352535,Industrials,Misc Corporate Leasing Services
HRL,Hormel Foods Corporation Common Stock,$30.94,-0.12,-0.386%,16966370372.00,United States,,1612225,Consumer Staples,Meat/Poultry/Fish
HRMY,Harmony Biosciences Holdings Inc. Common Stock,$35.75,1.25,3.623%,2031842134.00,United States,2020,808858,Health Care,Biotechnology: Pharmaceutical Preparations
HROW,Harrow Inc. Common Stock,$47.20,-3.40,-6.719%,1674794957.00,United States,,1069437,Health Care,Biotechnology: Pharmaceutical Preparations
HROWL,Harrow Inc. 8.625% Senior Notes due 2026,$25.2101,-0.0399,-0.158%,894528567.00,United States,,9784,Health Care,Biotechnology: Pharmaceutical Preparations
HROWM,Harrow  Inc. 11.875% Senior Notes due 2027,$26.15,-0.05,-0.191%,927878986.00,United States,,951,Health Care,Biotechnology: Pharmaceutical Preparations
HRTG,Heritage Insurance Holdings Inc. Common Stock,$10.59,-0.03,-0.282%,324945657.00,United States,2014,352836,Finance,Property-Casualty Insurers
HRTX,Heron Therapeutics Inc. Common Stock,$1.91,0.06,3.243%,289685912.00,United States,,1765701,Health Care,Biotechnology: Pharmaceutical Preparations
HRYU,Hanryu Holdings Inc. Common Stock,$0.5087,0.2827,125.088%,26863729.00,South Korea,2023,92741896,Technology,Computer Software: Programming Data Processing
HRZN,Horizon Technology Finance Corporation Common Stock,$10.13,0.06,0.596%,365284508.00,United States,2010,357882,Finance,Finance: Consumer Services
HSAI,Hesai Group American Depositary Share each ADS represents one Class B ordinary share,$4.78,0.08,1.702%,607196177.00,China,2023,504050,Industrials,Industrial Machinery/Components
HSBC,HSBC Holdings plc. Common Stock,$45.17,0.81,1.826%,165181486100.00,United Kingdom,,1263815,Finance,Savings Institutions
HSCS,HeartSciences Inc. Common Stock,$3.06,-0.038,-1.227%,2788642.00,United States,2022,74985,Health Care,Industrial Specialties
HSDT,Helius Medical Technologies Inc. Class A Common Stock (DE),$0.4775,-0.015,-3.046%,1707634.00,United States,,193282,Health Care,Biotechnology: Electromedical & Electrotherapeutic Apparatus
HSHP,Himalaya Shipping Ltd. Common Shares,$6.43,-0.18,-2.723%,282277000.00,,2023,73450,Consumer Discretionary,Marine Transportation
HSIC,Henry Schein Inc. Common Stock,$71.11,1.11,1.586%,9010191587.00,United States,1995,757408,Health Care,Medical Specialities
HSII,Heidrick & Struggles International Inc. Common Stock,$39.22,0.58,1.501%,796847487.00,United States,1999,91247,Consumer Discretionary,Diversified Commercial Services
HSON,Hudson Global Inc. Common Stock,$15.1995,0.0695,0.459%,41819692.00,United States,,8335,Consumer Discretionary,Professional Services
HSPO,Horizon Space Acquisition I Corp. Ordinary Shares,$11.25,0.00,0.00%,0.00,United States,2023,15,Finance,Blank Checks
HSPOR,Horizon Space Acquisition I Corp. Right,$0.103,0.00,0.00%,0.00,United States,2023,10,Finance,Blank Checks
HSPOW,Horizon Space Acquisition I Corp. Warrant,$0.0171,-0.0057,-25.00%,0.00,United States,2023,1100,Finance,Blank Checks
HST,Host Hotels & Resorts Inc. Common Stock,$17.71,0.13,0.739%,12440218935.00,United States,,3761420,Real Estate,Real Estate Investment Trusts
HSTM,HealthStream Inc. Common Stock,$28.95,0.64,2.261%,880314785.00,United States,2000,117208,Technology,Computer Software: Programming Data Processing
HSY,The Hershey Company Common Stock,$182.85,1.59,0.877%,36988322036.00,United States,,937284,Consumer Staples,Specialty Foods
HTBI,HomeTrust Bancshares Inc. Common Stock,$33.04,-0.01,-0.03%,578148425.00,United States,2012,52901,Finance,Savings Institutions
HTBK,Heritage Commerce Corp Common Stock,$9.98,0.47,4.942%,611717553.00,United States,,540652,Finance,Major Banks
HTCO,Caravelle International Group Ordinary Shares,$1.015,-0.075,-6.881%,56930923.00,Singapore,,191215,Consumer Discretionary,Marine Transportation
HTCR,Heartcore Enterprises Inc. Common Stock,$1.11,0.07,6.731%,23159200.00,Japan,2022,70627,Technology,EDP Services
HTD,John Hancock Tax Advantaged Dividend Income Fund Common Shares of Beneficial Interest,$23.42,0.05,0.214%,0.00,United States,2004,89473,Finance,Finance Companies
HTFB,Horizon Technology Finance Corporation 4.875% Notes due 2026,$24.61,-0.03,-0.122%,887428602.00,United States,,743,Finance,Finance: Consumer Services
HTFC,Horizon Technology Finance Corporation 6.25% Notes due 2027,$24.16,-0.005,-0.021%,871201748.00,United States,2022,1260,Finance,Finance: Consumer Services
HTGC,Hercules Capital Inc. Common Stock,$20.14,0.24,1.206%,3270234272.00,United States,2012,1005584,Finance,Investment Managers
HTH,Hilltop Holdings Inc.,$31.31,1.10,3.641%,2033714061.00,United States,,404462,Finance,Major Banks
HTHT,H World Group Limited American Depositary Shares,$39.10,0.79,2.062%,12351871229.00,China,2010,1125887,Consumer Discretionary,Hotels/Resorts
HTIA,National Healthcare Properties Inc. 7.375% Series A Cumulative Redeemable Perpetual Preferred Stock,$16.28,0.02,0.123%,460879393.00,United States,,6520,Real Estate,Real Estate Investment Trusts
HTIBP,National Healthcare Properties Inc. 7.125% Series B Cumulative Redeemable Perpetual Preferred Stock,$15.87,0.04,0.253%,449272479.00,United States,,442,Real Estate,Real Estate Investment Trusts
HTLD,Heartland Express Inc. Common Stock,$11.38,0.05,0.441%,893276059.00,United States,1986,213470,Industrials,Trucking Freight/Courier Services
HTLF,Heartland Financial USA Inc. Common Stock,$58.09,1.80,3.198%,2490851682.00,United States,,292341,Finance,Major Banks
HTLFP,Heartland Financial USA Inc. Depositary Shares each representing a 1/400th ownership interest in a share of 7.00% Fixed-Rate Reset Non-Cumulative Perpetual Preferred Stock Series E,$25.10,0.00,0.00%,1076267468.00,United States,,14130,Finance,Major Banks
HTLM,HomesToLife Ltd Ordinary Shares,$4.01,-0.24,-5.647%,58145000.00,Singapore,2024,78835,Consumer Discretionary,Other Specialty Stores
HTOO,Fusion Fuel Green PLC Class A Ordinary Shares,$0.671,0.078,13.153%,11656591.00,Ireland,,228448,Energy,Industrial Machinery/Components
HTOOW,Fusion Fuel Green PLC Warrant,$0.033,-0.0069,-17.293%,573275.00,Ireland,,8408,Energy,Industrial Machinery/Components
HTZ,Hertz Global Holdings Inc Common Stock,$3.06,-0.02,-0.649%,937910799.00,United States,,3840639,Consumer Discretionary,Rental/Leasing Companies
HTZWW,Hertz Global Holdings Inc Warrant,$1.91,-0.0401,-2.056%,585427982.00,United States,,95086,Consumer Discretionary,Rental/Leasing Companies
HUBB,Hubbell Inc Common Stock,$449.67,5.15,1.159%,24138703793.00,United States,2015,598695,Technology,Electrical Products
HUBC,Hub Cyber Security Ltd. Ordinary Shares,$0.4701,-0.034,-6.745%,14319122.00,Israel,,965211,Telecommunications,Computer Communications Equipment
HUBCW,Hub Cyber Security Ltd. Warrant 2/27/28,$0.014,0.00,0.00%,426436.00,Israel,,47,Telecommunications,Computer Communications Equipment
HUBCZ,Hub Cyber Security Ltd. Warrant 8/22/2025,$0.0043,-0.0008,-15.686%,130977.00,Israel,,6441,Telecommunications,Computer Communications Equipment
HUBG,Hub Group Inc. Class A Common Stock,$43.69,0.34,0.784%,2716304379.00,United States,1996,154780,Consumer Discretionary,Oil Refining/Marketing
HUBS,HubSpot Inc. Common Stock,$558.08,-7.59,-1.342%,28656759511.00,United States,2014,431404,Technology,Computer Software: Prepackaged Software
HUDI,Huadi International Group Co. Ltd. Ordinary Shares,$2.01,0.00,0.00%,28660956.00,China,2021,9928,Industrials,Steel/Iron Ore
HUHU,HUHUTECH International Group Inc. Ordinary Shares,$4.39,0.27,6.553%,93287500.00,China,2024,486211,Telecommunications,Metal Fabrications
HUIZ,Huize Holding Limited American Depositary Shares,$0.8283,0.00,0.00%,41189678.00,China,2020,2037,Finance,Specialty Insurers
HUM,Humana Inc. Common Stock,$261.09,0.36,0.138%,31435669670.00,United States,,1630521,Health Care,Medical Specialities
HUMA,Humacyte Inc. Common Stock,$5.42,-0.17,-3.041%,646883081.00,United States,2020,2714192,Health Care,Biotechnology: Biological Products (No Diagnostic Substances)
HUMAW,Humacyte Inc. Warrant,$1.9501,-0.1798,-8.442%,232746623.00,United States,2020,10741,Health Care,Biotechnology: Biological Products (No Diagnostic Substances)
HUN,Huntsman Corporation Common Stock,$22.63,0.18,0.802%,3915070721.00,United States,2005,911451,Industrials,Major Chemicals
HURA,TuHURA Biosciences Inc. Common Stock,$5.24,0.6299,13.663%,8333182.00,United States,,88320,Health Care,Biotechnology: Pharmaceutical Preparations
HURC,Hurco Companies Inc. Common Stock,$21.44,0.60,2.879%,138277151.00,United States,,16274,Industrials,Industrial Machinery/Components
HURN,Huron Consulting Group Inc. Common Stock,$104.14,0.66,0.638%,1852766091.00,United States,2004,133788,Consumer Discretionary,Professional Services
HUSA,Houston American Energy Corporation Common Stock,$1.34,-0.26,-16.25%,14614513.00,United States,,1260458,Energy,Oil & Gas Production
HUT,Hut 8 Corp. Common Stock,$17.21,2.31,15.503%,1567468919.00,United States,,8614215,Finance,Finance: Consumer Services
HUYA,HUYA Inc. American depositary shares each  representing one Class A ordinary share,$3.82,0.42,12.353%,890378470.00,United States,2018,4245892,Technology,Computer Software: Programming Data Processing
HVT,Haverty Furniture Companies Inc. Common Stock,$24.21,0.47,1.98%,397238503.00,United States,,155897,Consumer Discretionary,Other Specialty Stores
HVT/A,Haverty Furniture Companies Inc.,$25.59,0.00,0.00%,,United States,,9,,
HWBK,Hawthorn Bancshares Inc. Common Stock,$26.01,0.27,1.049%,181724665.00,United States,,9989,Finance,Major Banks
HWC,Hancock Whitney Corporation Common Stock,$53.07,1.48,2.869%,4582408012.00,United States,,468329,Finance,Major Banks
HWCPZ,Hancock Whitney Corporation 6.25% Subordinated Notes due 2060,$24.92,0.08,0.322%,2151754431.00,United States,,2737,Finance,Major Banks
HWH,HWH International Inc. Common Stock,$0.84,0.008,0.962%,13627573.00,United States,2022,25801,Health Care,Other Pharmaceuticals
HWKN,Hawkins Inc. Common Stock,$116.92,0.42,0.361%,2444096966.00,United States,,104912,Consumer Discretionary,Specialty Chemicals
HWM,Howmet Aerospace Inc. Common Stock,$102.38,0.99,0.976%,41786049625.00,United States,,2230424,Industrials,Metal Fabrications
HWM^,Howmet Aerospace Inc. $3.75 Preferred Stock,$68.4999,0.2499,0.366%,,United States,,234,,
HXL,Hexcel Corporation Common Stock,$63.46,0.93,1.487%,5140395043.00,United States,,996048,Industrials,Major Chemicals
HY,Hyster-Yale Inc. Class A common stock,$66.66,2.05,3.173%,1166626459.00,United States,,41779,Industrials,Construction/Ag Equipment/Trucks
HYAC,Haymaker Acquisition Corp. 4 Class A Ordinary Shares,$10.69,0.01,0.094%,0.00,,2023,52074,,
HYB,New America High Income Fund Inc. (The) Common Stock,$8.13,-0.09,-1.095%,0.00,United States,1988,55174,Finance,Investment Managers
HYFM,Hydrofarm Holdings Group Inc. Common Stock,$0.68,0.0099,1.477%,31267151.00,United States,2020,64600,Consumer Discretionary,Consumer Specialties
HYI,Western Asset High Yield Defined Opportunity Fund Inc. Common Stock,$12.07,0.0197,0.163%,0.00,,2010,17693,Finance,Investment Managers
HYLN,Hyliion Holdings Corp. Class A Common Stock,$2.56,0.16,6.667%,444373601.00,United States,2019,529816,Consumer Discretionary,Construction/Ag Equipment/Trucks
HYMC,Hycroft Mining Holding Corporation Class A Common Stock,$2.55,-0.03,-1.163%,61256485.00,United States,2018,169602,Basic Materials,Precious Metals
HYMCL,Hycroft Mining Holding Corporation Warrants,$0.023,-0.0056,-19.58%,552509.00,United States,,342140,Basic Materials,Precious Metals
HYMCW,Hycroft Mining Holding Corporation  Warrant,$0.0133,-0.0017,-11.333%,319495.00,United States,2018,74279,Basic Materials,Precious Metals
HYPR,Hyperfine Inc. Class A Common Stock,$0.97,-0.02,-2.02%,70443950.00,United States,2021,23747,Health Care,Biotechnology: Electromedical & Electrotherapeutic Apparatus
HYT,Blackrock Corporate High Yield Fund Inc. Common Stock,$9.87,-0.02,-0.202%,0.00,United States,2003,394321,Finance,Finance Companies
HYZN,Hyzon Motors Inc. Class A Common Stock,$1.92,0.00,0.00%,10427555.00,United States,2020,632789,Energy,Industrial Machinery/Components
HYZNW,Hyzon Motors Inc. Warrants,$0.0224,-0.0024,-9.677%,121655.00,United States,2020,4279,Energy,Industrial Machinery/Components
HZO,MarineMax Inc.  (FL) Common Stock,$30.85,0.86,2.868%,688518321.00,United States,1998,191557,Consumer Discretionary,Auto & Home Supply Stores
IAC,IAC Inc. Common Stock,$51.46,0.31,0.606%,4431908363.00,United States,,831710,Technology,Computer Software: Programming Data Processing
IAE,Voya Asia Pacific High Dividend Equity Income Fund ING Asia Pacific High Dividend Equity Income Fund Common Shares of Beneficial Interest,$6.53,0.01,0.153%,0.00,United States,2007,41023,Finance,Trusts Except Educational Religious and Charitable
IAF,abrdn Australia Equity Fund Inc. Common Stock,$4.50,0.03,0.671%,0.00,United States,1985,57275,Finance,Finance/Investors Services
IAG,Iamgold Corporation Ordinary Shares,$5.65,-0.12,-2.08%,3222195000.00,Canada,,4946847,Basic Materials,Precious Metals
IART,Integra LifeSciences Holdings Corporation Common Stock,$19.32,0.37,1.953%,1498884762.00,United States,,482114,Health Care,Medical/Dental Instruments
IAS,Integral Ad Science Holding Corp. Common Stock,$11.88,0.30,2.591%,1917015357.00,United States,2021,1566896,Technology,Computer Software: Programming Data Processing
IAUX,i-80 Gold Corp. Common Shares,$1.10,0.02,1.852%,423386398.00,Canada,2022,4134485,Basic Materials,Precious Metals
IBAC,IB Acquisition Corp. Common Stock,$10.05,0.01,0.10%,0.00,United States,2024,438,,
IBACR,IB Acquisition Corp. Right,$0.0701,-0.0039,-5.27%,0.00,United States,2024,4600,,
IBCP,Independent Bank Corporation Common Stock,$33.17,0.59,1.811%,693137635.00,United States,,134691,Finance,Major Banks
IBEX,IBEX Limited Common Shares,$18.33,0.31,1.72%,308002619.00,Bermuda,2020,80013,Technology,EDP Services
IBG,Innovation Beverage Group Limited Ordinary Shares,$0.75,0.031,4.312%,6255491.00,Australia,2024,236535,Consumer Staples,Beverages (Production/Distribution)
IBIO,iBio Inc. Common Stock,$2.87,0.02,0.702%,24790759.00,United States,,68242,Health Care,Biotechnology: Pharmaceutical Preparations
IBKR,Interactive Brokers Group Inc. Class A Common Stock,$150.99,3.82,2.596%,16433109289.00,United States,2019,653956,Finance,Investment Bankers/Brokers/Service
IBM,International Business Machines Corporation Common Stock,$212.91,-1.76,-0.82%,196121662197.00,United States,,4990145,Technology,Computer Manufacturing
IBN,ICICI Bank Limited Common Stock,$31.15,1.67,5.665%,109588634268.00,India,,10491142,Finance,Commercial Banks
IBO,Impact BioMedical Inc. Common Stock,$2.00,-0.09,-4.306%,22995406.00,,2024,82429,Health Care,Biotechnology: Pharmaceutical Preparations
IBOC,International Bancshares Corporation Common Stock,$62.71,1.90,3.124%,3900066905.00,United States,,157091,Finance,Major Banks
IBP,Installed Building Products Inc. Common Stock,$234.71,4.27,1.853%,6626910576.00,United States,2014,138735,Consumer Discretionary,Homebuilding
IBRX,ImmunityBio Inc. Common Stock,$6.17,0.85,15.977%,4297611189.00,United States,2015,30896209,Health Care,Biotechnology: Biological Products (No Diagnostic Substances)
IBTA,Ibotta Inc. Class A Common Stock,$76.78,3.91,5.366%,2352521233.00,United States,2024,213048,Consumer Discretionary,Advertising
IBTX,Independent Bank Group Inc Common Stock,$59.03,1.77,3.091%,2445971094.00,United States,2013,76901,Finance,Major Banks
ICAD,iCAD Inc. Common Stock,$1.93,-0.03,-1.531%,51222258.00,United States,,208466,Health Care,Medical/Dental Instruments
ICCC,ImmuCell Corporation Common Stock,$3.57,-0.054,-1.49%,27964096.00,United States,1987,2707,Health Care,Biotechnology: In Vitro & In Vivo Diagnostic Substances
ICCH,ICC Holdings Inc. Common Stock,$22.99,0.00,0.00%,72256949.00,United States,2017,59,Finance,Property-Casualty Insurers
ICCM,IceCure Medical Ltd. Ordinary Shares,$0.66,0.04,6.452%,32683200.00,Israel,,919770,Health Care,Medical/Dental Instruments
ICCT,iCoreConnect Inc. Common stock,$0.249,-0.0148,-5.61%,2590680.00,United States,,204930,Technology,Computer Software: Prepackaged Software
ICE,Intercontinental Exchange Inc. Common Stock,$166.44,1.13,0.684%,95560209293.00,United States,2005,2708575,Finance,Investment Bankers/Brokers/Service
ICFI,ICF International Inc. Common Stock,$172.94,4.83,2.873%,3243839385.00,United States,2006,67496,Consumer Discretionary,Professional Services
ICG,Intchains Group Limited American Depositary Shares,$4.22,-0.06,-1.402%,252938428.00,China,2023,11305,Technology,Semiconductors
ICHR,Ichor Holdings Ordinary Shares,$27.85,0.31,1.126%,938206539.00,United States,2016,187558,Technology,Semiconductors
ICL,ICL Group Ltd. Ordinary Shares,$4.14,0.05,1.222%,5440064891.00,Israel,2014,673430,Industrials,Agricultural Chemicals
ICLK,iClick Interactive Asia Group Limited American Depositary Shares,$3.31,0.11,3.438%,33568084.00,Hong Kong,2017,13742,Technology,Computer Software: Prepackaged Software
ICLR,ICON plc Ordinary Shares,$230.50,10.03,4.549%,19015117323.00,Ireland,1998,2292563,Health Care,Biotechnology: Commercial Physical & Biological Resarch
ICMB,Investcorp Credit Management BDC Inc. Common Stock,$3.04,0.00,0.00%,43787406.00,United States,2014,44193,Finance,Finance: Consumer Services
ICON,Icon Energy Corp. Common stock,$2.22,0.00,0.00%,3640800.00,Greece,2024,1901,Consumer Discretionary,Marine Transportation
ICR^A,InPoint Commercial Real Estate Income Inc. 6.75% Series A Cumulative Redeemable Preferred Stock,$21.0999,-0.3061,-1.43%,,,,506,,
ICU,SeaStar Medical Holding Corporation Common Stock,$3.56,-0.01,-0.28%,14841540.00,United States,2021,62356,Health Care,Medical/Dental Instruments
ICUCW,SeaStar Medical Holding Corporation Warrant,$0.0448,0.0028,6.667%,186770.00,United States,2021,10910,Health Care,Medical/Dental Instruments
ICUI,ICU Medical Inc. Common Stock,$173.64,-1.92,-1.094%,4241205446.00,United States,1992,213452,Health Care,Medical/Dental Instruments
IDA,IDACORP Inc. Common Stock,$103.82,0.17,0.164%,5528822390.00,United States,,225374,Utilities,Electric Utilities: Central
IDAI,T Stamp Inc. Class A Common Stock,$0.2244,0.003,1.355%,3765641.00,United States,,150816,Technology,Computer Software: Prepackaged Software
IDCC,InterDigital Inc. Common Stock,$145.51,-1.78,-1.209%,3656631960.00,United States,,311133,Miscellaneous,Multi-Sector Companies
IDE,Voya Infrastructure Industrials and Materials Fund Common Shares of Beneficial Interest,$11.68,0.07,0.603%,0.00,United States,2010,47845,Finance,Finance/Investors Services
IDN,Intellicheck Inc. Common Stock,$2.42,-0.03,-1.224%,47272040.00,United States,1999,33316,Technology,Computer Software: Prepackaged Software
IDR,Idaho Strategic Resources Inc. Common Stock,$17.17,0.10,0.586%,222498716.00,,2022,177270,Basic Materials,Precious Metals
IDT,IDT Corporation Class B Common Stock,$46.94,0.97,2.11%,1184241515.00,United States,,95871,Telecommunications,Telecommunications Equipment
IDXX,IDEXX Laboratories Inc. Common Stock,$449.44,-1.97,-0.436%,36991562797.00,United States,1991,616372,Health Care,Biotechnology: In Vitro & In Vivo Diagnostic Substances
IDYA,IDEAYA Biosciences Inc. Common Stock,$30.01,0.71,2.423%,2535289635.00,United States,2019,688154,Health Care,Biotechnology: Pharmaceutical Preparations
IE,Ivanhoe Electric Inc. Common Stock,$11.14,0.22,2.015%,1340213452.00,Canada,2022,527638,Basic Materials,Metal Mining
IEP,Icahn Enterprises L.P. Common Stock,$15.49,0.16,1.044%,7364921281.00,United States,,740080,Consumer Discretionary,Auto Parts:O.E.M.
IESC,IES Holdings Inc. Common Stock,$211.31,3.32,1.596%,4221595344.00,United States,,83166,Industrials,Engineering & Construction
IEX,IDEX Corporation Common Stock,$204.84,2.02,0.996%,15507083432.00,United States,1989,398841,Industrials,Fluid Controls
IFBD,Infobird Co. Ltd Ordinary Shares,$1.93,0.01,0.521%,3834860.00,China,2021,12287,Technology,Computer Software: Prepackaged Software
IFF,International Flavors & Fragrances Inc. Common Stock,$102.20,0.75,0.739%,26128367685.00,United States,,673321,Industrials,Major Chemicals
IFN,India Fund Inc. (The) Common Stock,$17.61,-0.04,-0.227%,0.00,United States,,155836,Finance,Finance/Investors Services
IFRX,InflaRx N.V. Common Stock,$1.57,0.00,0.00%,92446737.00,Germany,2017,35123,Health Care,Biotechnology: Pharmaceutical Preparations
IFS,Intercorp Financial Services Inc. Common Shares,$27.35,0.25,0.923%,3131028274.00,,2019,251364,Finance,Commercial Banks
IGA,Voya Global Advantage and Premium Opportunity Fund Common Shares of Beneficial Interest,$9.42,-0.03,-0.317%,0.00,United States,2005,32830,Finance,Investment Managers
IGC,IGC Pharma Inc. Common Stock,$0.405,0.0091,2.299%,30632750.00,United States,,211821,Health Care,Biotechnology: Pharmaceutical Preparations
IGD,Voya Global Equity Dividend and Premium Opportunity Fund,$5.43,-0.03,-0.549%,0.00,United States,2005,346529,Finance,Trusts Except Educational Religious and Charitable
IGI,Western Asset Investment Grade Defined Opportunity Trust Inc. Common Stock,$16.91,-0.04,-0.236%,0.00,United States,2009,24847,Finance,Investment Managers
IGIC,International General Insurance Holdings Ltd. Ordinary Share,$22.24,1.14,5.403%,1024689741.00,Jordan,2018,446212,Finance,Property-Casualty Insurers
IGMS,IGM Biosciences Inc. Common Stock,$17.83,0.99,5.879%,1057651868.00,United States,2019,152838,Health Care,Biotechnology: Pharmaceutical Preparations
IGR,CBRE Global Real Estate Income Fund Common Shares of Beneficial Interest,$5.95,-0.08,-1.327%,0.00,United States,2004,645226,Finance,Finance Companies
IGT,International Game Technology Ordinary Shares,$21.11,0.10,0.476%,4232180276.00,United States,2015,794547,Consumer Discretionary,Services-Misc. Amusement & Recreation
IGTA,Inception Growth Acquisition Limited Common Stock,$11.39,0.00,0.00%,0.00,United States,2022,5652,Finance,Blank Checks
IGTAW,Inception Growth Acquisition Limited Warrants,$0.0713,0.0197,38.178%,0.00,United States,2022,19400,Finance,Blank Checks
IH,iHuman Inc. American depositary shares each representing five Class A ordinary shares,$1.83,0.03,1.667%,96515951.00,United States,2020,28806,Real Estate,Other Consumer Services
IHD,Voya Emerging Markets High Income Dividend Equity Fund Common Shares,$5.49,-0.025,-0.453%,0.00,United States,2011,55344,Finance,Investment Managers
IHG,Intercontinental Hotels Group American Depositary Shares (Each representing one Ordinary Share),$113.08,1.26,1.127%,18017726188.00,United Kingdom,,84769,Consumer Discretionary,Hotels/Resorts
IHRT,iHeartMedia Inc. Class A Common Stock,$1.89,0.09,5.00%,277465109.00,United States,,396737,Consumer Discretionary,Broadcasting
IHS,IHS Holding Limited Ordinary Shares,$2.98,-0.02,-0.667%,989121606.00,Cayman Islands,2021,174416,Telecommunications,Telecommunications Equipment
IHT,InnSuites Hospitality Trust Shares of Beneficial Interest,$1.89,-0.02,-1.047%,16584039.00,United States,1999,1090,Finance,Investment Bankers/Brokers/Service
IHTA,Invesco High Income 2024 Target Term Fund Common Shares of Beneficial Interest No par value per share,$7.66,0.00,0.00%,67298171.00,,2017,86313,Finance,Finance/Investors Services
IIF,Morgan Stanley India Investment Fund Inc. Common Stock,$27.45,0.05,0.182%,0.00,United States,1994,65973,Finance,Trusts Except Educational Religious and Charitable
III,Information Services Group Inc. Common Stock,$3.16,0.09,2.932%,154500101.00,United States,,68016,Consumer Discretionary,Professional Services
IIIN,Insteel Industries Inc. Common Stock,$27.76,-0.06,-0.216%,539992322.00,United States,,85249,Industrials,Steel/Iron Ore
IIIV,i3 Verticals Inc. Class A Common Stock,$23.28,0.42,1.837%,786604032.00,United States,2018,118201,Consumer Discretionary,Business Services
IIM,Invesco Value Municipal Income Trust Common Stock,$12.405,0.02,0.161%,583883986.00,United States,,125752,Finance,Investment Managers
IINN,Inspira Technologies Oxy B.H.N. Ltd. Ordinary Shares,$1.34,-0.01,-0.741%,24709600.00,Israel,2021,46476,Health Care,Medical/Dental Instruments
IINNW,Inspira Technologies Oxy B.H.N. Ltd. Warrant,$0.374,0.00,0.00%,6896560.00,Israel,2021,1587,Health Care,Medical/Dental Instruments
IIPR,Innovative Industrial Properties Inc. Common Stock,$133.47,1.59,1.206%,3781449751.00,United States,2016,60541,Finance,Real Estate
IIPR^A,Innovative Industrial Properties Inc. 9.00% Series A Cumulative Redeemable Preferred Stock,$26.16,0.06,0.23%,,United States,,8890,,
IKNA,Ikena Oncology Inc. Common Stock,$1.72,0.00,0.00%,83003951.00,United States,2021,14993,Health Care,Biotechnology: Biological Products (No Diagnostic Substances)
IKT,Inhibikase Therapeutics Inc. Common Stock,$2.74,0.32,13.223%,20451552.00,United States,2020,541187,Health Care,Biotechnology: Biological Products (No Diagnostic Substances)
ILAG,Intelligent Living Application Group Inc. Ordinary Shares,$1.06,0.02,1.923%,19143600.00,Hong Kong,2022,15930,Consumer Discretionary,Office Equipment/Supplies/Services
ILLR,Triller Group Inc. Common Stock,$3.01,0.71,30.87%,142422518.00,Hong Kong,2019,1625905,Finance,Investment Managers
ILLRW,Triller Group Inc. Warrant,$0.18,0.002,1.124%,8516961.00,Hong Kong,2019,86770,Finance,Investment Managers
ILMN,Illumina Inc. Common Stock,$144.03,2.08,1.465%,22943979000.00,United States,2000,853572,Health Care,Medical Specialities
ILPT,Industrial Logistics Properties Trust Common Shares of Beneficial Interest,$3.95,0.07,1.804%,260630930.00,United States,2018,301955,Real Estate,Real Estate Investment Trusts
IMAB,I-MAB American Depositary Shares,$1.19,0.01,0.847%,96034894.00,China,2020,650744,Health Care,Biotechnology: Pharmaceutical Preparations
IMAX,Imax Corporation Common Stock,$20.55,0.06,0.293%,1082503452.00,Canada,,430210,Consumer Discretionary,Industrial Machinery/Components
IMCC,IM Cannabis Corp. Common Shares,$2.05,-0.0311,-1.494%,4576332.00,Canada,,19329,Health Care, Medicinal Chemicals and Botanical Products 
IMCR,Immunocore Holdings plc American Depositary Shares,$33.33,0.53,1.616%,1602784572.00,United Kingdom,2021,302043,Health Care,Biotechnology: Biological Products (No Diagnostic Substances)
IMKTA,Ingles Markets Incorporated Class A Common Stock,$61.89,0.27,0.438%,1175561931.00,United States,1987,107792,Consumer Staples,Food Chains
IMMP,Immutep Limited American Depositary Shares,$1.915,0.015,0.789%,278549743.00,Australia,,71891,Health Care,Biotechnology: Pharmaceutical Preparations
IMMR,Immersion Corporation Common Stock,$8.83,0.17,1.963%,284170548.00,United States,1999,506472,Technology,Computer peripheral equipment
IMMX,Immix Biopharma Inc. Common Stock,$1.68,0.02,1.205%,46116805.00,United States,2021,52726,Health Care,Biotechnology: Pharmaceutical Preparations
IMNM,Immunome Inc. Common Stock,$12.43,0.32,2.642%,746475844.00,United States,2020,289568,Health Care,Biotechnology: Pharmaceutical Preparations
IMNN,Imunon Inc. Common Stock,$0.966,0.0385,4.151%,13911259.00,United States,,131512,Health Care,Biotechnology: Pharmaceutical Preparations
IMO,Imperial Oil Limited Common Stock,$74.53,-1.60,-2.102%,39935916928.00,Canada,1929,422193,Energy,Integrated oil Companies
IMOS,ChipMOS TECHNOLOGIES INC. American Depositary Shares,$22.19,-0.15,-0.671%,806872913.00,Taiwan,,16123,Technology,Semiconductors
IMPP,Imperial Petroleum Inc. Common Shares,$3.66,-0.03,-0.813%,123451800.00,Greece,,194377,Consumer Discretionary,Marine Transportation
IMPPP,Imperial Petroleum Inc. 8.75% Series A Cumulative Redeemable Perpetual Preferred Shares,$24.90,-0.20,-0.797%,839877000.00,Greece,,2901,Consumer Discretionary,Marine Transportation
IMRN,Immuron Limited American Depositary Shares,$1.93,-0.012,-0.618%,10991271.00,Australia,2017,1250,Health Care,Biotechnology: Pharmaceutical Preparations
IMRX,Immuneering Corporation Class A Common Stock,$2.14,0.13,6.468%,63458180.00,United States,2021,254879,Health Care,Biotechnology: Pharmaceutical Preparations
IMTE,Integrated Media Technology Limited Ordinary Shares,$1.81,0.13,7.738%,6210896.00,Australia,,75827,Consumer Staples,Consumer Electronics/Appliances
IMTX,Immatics N.V. Ordinary Shares,$9.28,0.02,0.216%,956860800.00,Germany,,271126,Health Care,Biotechnology: Biological Products (No Diagnostic Substances)
IMTXW,Immatics N.V. Warrants,$1.14,0.17,17.526%,117545400.00,Germany,,201,Health Care,Biotechnology: Biological Products (No Diagnostic Substances)
IMUX,Immunic Inc. Common Stock,$1.34,-0.05,-3.597%,120705881.00,United States,2014,890322,Health Care,Biotechnology: Pharmaceutical Preparations
IMVT,Immunovant Inc. Common Stock,$29.95,-0.27,-0.893%,4383702851.00,United States,2019,687624,Health Care,Biotechnology: Biological Products (No Diagnostic Substances)
IMXI,International Money Express Inc. Common Stock,$17.83,0.19,1.077%,581397645.00,United States,2017,135654,Consumer Discretionary,Business Services
INAB,IN8bio Inc. Common Stock,$0.3009,-0.0091,-2.935%,14078193.00,United States,2021,281892,Health Care,Biotechnology: Biological Products (No Diagnostic Substances)
INAQ,Insight Acquisition Corp. Class A Common Stock,$11.67,0.00,0.00%,0.00,United States,,80,Finance,Blank Checks
INAQU,Insight Acquisition Corp. Units,$11.25,-0.15,-1.316%,0.00,United States,,700,Finance,Blank Checks
INAQW,Insight Acquisition Corp. Warrant,$0.0546,0.0119,27.869%,0.00,United States,,9498,Finance,Blank Checks
INBK,First Internet Bancorp Common Stock,$35.97,0.83,2.362%,311784147.00,United States,,23307,Finance,Major Banks
INBKZ,First Internet Bancorp 6.0% Fixed-to-Floating Rate Subordinated Notes Due 2029,$25.37,0.00,0.00%,219904471.00,United States,,83,Finance,Major Banks
INBS,Intelligent Bio Solutions Inc. Common Stock,$1.59,0.03,1.923%,6757153.00,United States,2020,41906,Health Care,Medical/Dental Instruments
INBX,Inhibrx Biosciences Inc. Common Stock,$16.00,0.63,4.099%,231614464.00,United States,,46620,Health Care,Biotechnology: Biological Products (No Diagnostic Substances)
INCR,Intercure Ltd. Ordinary Shares,$1.73,0.03,1.765%,78840752.00,Israel,,30462,Health Care,Biotechnology: Pharmaceutical Preparations
INCY,Incyte Corp. Common Stock,$65.69,0.62,0.953%,12651764394.00,United States,,2067325,Health Care,Biotechnology: Commercial Physical & Biological Resarch
INDB,Independent Bank Corp. Common Stock,$63.69,1.84,2.975%,2705749467.00,United States,,331923,Finance,Major Banks
INDI,indie Semiconductor Inc. Class A Common Stock,$3.50,0.02,0.575%,690956798.00,United States,,1685924,Technology,Semiconductors
INDO,Indonesia Energy Corporation Limited Ordinary Shares,$3.99,-0.64,-13.823%,40708749.00,,2019,2267847,Energy,Oil & Gas Production
INDP,Indaptus Therapeutics Inc. Common Stock,$1.54,0.1899,14.066%,15703201.00,United States,,122651,Health Care,Biotechnology: Pharmaceutical Preparations
INDV,Indivior PLC Ordinary Shares,$8.92,-0.08,-0.889%,1155810829.00,United Kingdom,,850250,Health Care,Biotechnology: Pharmaceutical Preparations
INFA,Informatica Inc. Class A Common Stock,$26.40,-0.32,-1.198%,7997566790.00,United States,2021,1199654,Technology,Computer Software: Prepackaged Software
INFN,Infinera Corporation Common Stock,$6.74,-0.03,-0.443%,1588372300.00,United States,2007,536233,Utilities,Telecommunications Equipment
INFU,InfuSystems Holdings Inc. Common Stock,$6.42,-0.11,-1.685%,136845048.00,United States,,44492,Health Care,Medical/Dental Instruments
INFY,Infosys Limited American Depositary Shares,$22.07,0.18,0.822%,91632329161.00,India,,3887232,Technology,EDP Services
ING,ING Group N.V. Common Stock,$17.03,0.19,1.128%,59574251807.00,Netherlands,1997,1734467,Finance,Commercial Banks
INGM,Ingram Micro Holding Corporation Common Stock,$24.01,-0.24,-0.99%,5654239392.00,,2024,506824,Technology,Retail: Computer Software & Peripheral Equipment
INGN,Inogen Inc Common Stock,$9.285,0.055,0.596%,220231026.00,United States,2014,131240,Health Care,Industrial Specialties
INGR,Ingredion Incorporated Common Stock,$134.84,-0.16,-0.119%,8772883221.00,United States,,234188,Consumer Staples,Packaged Foods
INHD,Inno Holdings Inc. Common Stock,$4.01,-0.69,-14.681%,8341494.00,United States,2023,74525,Industrials,Steel/Iron Ore
INKT,MiNK Therapeutics Inc. Common Stock,$0.749,0.0403,5.686%,29615227.00,United States,2021,21901,Health Care,Biotechnology: Biological Products (No Diagnostic Substances)
INLX,Intellinetics Inc. Common Stock,$13.80,0.72,5.505%,58385123.00,,2022,12566,Technology,Computer Software: Prepackaged Software
INM,InMed Pharmaceuticals Inc. Common Shares,$0.3552,0.0221,6.635%,3168384.00,Canada,,3851535,Health Care,Biotechnology: Pharmaceutical Preparations
INMB,INmune Bio Inc. Common stock,$6.165,0.745,13.745%,121958675.00,United States,2019,622677,Health Care,Biotechnology: Biological Products (No Diagnostic Substances)
INMD,InMode Ltd. Ordinary Shares,$17.98,0.43,2.45%,1510004667.00,Israel,2019,808879,Health Care,Biotechnology: Electromedical & Electrotherapeutic Apparatus
INN,Summit Hotel Properties Inc. Common Stock,$6.28,0.06,0.965%,680349534.00,United States,2011,317714,Real Estate,Real Estate Investment Trusts
INN^E,Summit Hotel Properties Inc. 6.250% Series E Cumulative Redeemable Preferred Stock,$20.90,-0.05,-0.239%,,United States,,8376,,
INN^F,Summit Hotel Properties Inc. 5.875% Series F Cumulative Redeemable Preferred Stock $0.01 par value per share,$20.732,-0.088,-0.423%,,United States,,1424,,
INNV,InnovAge Holding Corp. Common Stock,$5.85,0.18,3.175%,793380165.00,United States,2021,21882,Health Care,Medical/Nursing Services
INO,Inovio Pharmaceuticals Inc. Common Stock,$5.67,0.07,1.25%,147217400.00,United States,,259288,Health Care,Medical/Dental Instruments
INOD,Innodata Inc. Common Stock,$20.49,0.19,0.936%,593981352.00,United States,1993,620390,Technology,EDP Services
INSE,Inspired Entertainment Inc. Common Stock,$9.10,0.10,1.111%,241830716.00,United States,2014,53302,Technology,Computer Software: Prepackaged Software
INSG,Inseego Corp. Common Stock,$19.84,0.20,1.018%,243685832.00,United States,,141299,Telecommunications,Telecommunications Equipment
INSI,Insight Select Income Fund,$17.17,-0.13,-0.751%,0.00,United States,,41780,Finance,Investment Managers
INSM,Insmed Incorporated Common Stock,$71.96,1.00,1.409%,12366261452.00,United States,,1284831,Health Care,Biotechnology: Pharmaceutical Preparations
INSP,Inspire Medical Systems Inc. Common Stock,$194.68,-0.52,-0.266%,5805689919.00,United States,2018,360092,Health Care,Medical/Dental Instruments
INST,Instructure Holdings Inc. Common Stock,$23.53,0.02,0.085%,3446469124.00,,2021,692170,Technology,Computer Software: Prepackaged Software
INSW,International Seaways Inc. Common Stock ,$44.74,-0.70,-1.54%,2223331214.00,United States,2016,576861,Consumer Discretionary,Marine Transportation
INTA,Intapp Inc. Common Stock,$50.46,0.22,0.438%,3769338183.00,United States,2021,621360,Technology,Computer Software: Prepackaged Software
INTC,Intel Corporation Common Stock,$22.92,0.24,1.058%,98005920000.00,United States,,41805146,Technology,Semiconductors
INTE,Integral Acquisition Corporation 1 Class A Common Stock,$11.425,0.095,0.838%,0.00,United States,2021,5627,Finance,Blank Checks
INTG,Intergroup Corporation (The) Common Stock,$14.52,0.48,3.419%,31638427.00,United States,,16259,Real Estate,Building operators
INTJ,Intelligent Group Limited Ordinary Shares,$0.9615,-0.0207,-2.108%,12619688.00,Hong Kong,2024,63465,Consumer Discretionary,Professional Services
INTR,Inter & Co. Inc. Class A Common Shares,$6.61,0.16,2.481%,2900728421.00,Brazil,,1545209,Finance,Commercial Banks
INTS,Intensity Therapeutics Inc. Common stock,$3.175,-0.1047,-3.192%,43725630.00,United States,2023,7340,Health Care,Biotechnology: Biological Products (No Diagnostic Substances)
INTT,inTest Corporation Common Stock,$7.38,0.11,1.513%,92370146.00,United States,1997,23938,Industrials,Electrical Products
INTU,Intuit Inc. Common Stock,$612.09,2.82,0.463%,171563930280.00,United States,1993,1291979,Technology,Computer Software: Prepackaged Software
INTZ,Intrusion Inc. Common Stock,$0.7925,0.0527,7.124%,5263409.00,United States,,99758,Telecommunications,Computer Communications Equipment
INUV,Inuvo Inc.,$0.2484,0.0162,6.977%,34883330.00,United States,,331785,Consumer Discretionary,Advertising
INV,Innventure Inc. Common Stock,$12.10,1.37,12.768%,539691738.00,United States,,11827,Finance,Blank Checks
INVA,Innoviva Inc. Common Stock,$19.93,0.16,0.809%,1246870525.00,United States,2004,274760,Health Care,Biotechnology: Pharmaceutical Preparations
INVE,Identiv Inc. Common Stock,$3.48,-0.13,-3.601%,81698547.00,United States,,38853,Technology,Computer peripheral equipment
INVH,Invitation Homes Inc. Common Stock,$33.56,-0.04,-0.119%,20558656117.00,United States,2017,3969313,Finance,Real Estate
INVX,Innovex International Inc. Common Stock,$14.94,-0.08,-0.533%,514716316.00,United States,,454748,Industrials,Metal Fabrications
INVZ,Innoviz Technologies Ltd. Ordinary shares,$0.708,0.018,2.609%,117094065.00,Israel,,815779,Consumer Discretionary,Auto Parts:O.E.M.
INVZW,Innoviz Technologies Ltd. Warrant,$0.10,-0.0115,-10.314%,16538710.00,Israel,,1261,Consumer Discretionary,Auto Parts:O.E.M.
INZY,Inozyme Pharma Inc. Common Stock,$4.78,-0.01,-0.209%,320738000.00,United States,2020,243906,Health Care,Biotechnology: Pharmaceutical Preparations
IOBT,IO Biotech Inc. Common Stock,$1.33,0.12,9.917%,87621616.00,Denmark,2021,144248,Health Care,Biotechnology: Pharmaceutical Preparations
IONQ,IonQ Inc. Common Stock,$17.81,0.85,5.012%,3812696249.00,United States,2021,31463032,Technology,EDP Services
IONR,ioneer Ltd American Depositary Shares,$8.79,0.64,7.853%,513808146.00,Australia,,161152,Industrials,Mining & Quarrying of Nonmetallic Minerals (No Fuels)
IONS,Ionis Pharmaceuticals Inc. Common Stock,$40.36,1.17,2.985%,5901079633.00,United States,,999987,Health Care,Biotechnology: Pharmaceutical Preparations
IOR,Income Opportunity Realty Investors Inc. Common Stock,$17.21,0.11,0.643%,69978923.00,United States,1987,4307,Real Estate,Real Estate Investment Trusts
IOSP,Innospec Inc. Common Stock,$110.02,0.83,0.76%,2744055138.00,United States,,58351,Industrials,Major Chemicals
IOT,Samsara Inc. Class A Common Stock,$47.59,-0.10,-0.21%,26477229698.00,United States,2021,1304680,Technology,EDP Services
IOVA,Iovance Biotherapeutics Inc. Common Stock,$11.03,0.36,3.374%,3347758008.00,United States,,5697922,Health Care,Biotechnology: Biological Products (No Diagnostic Substances)
IP,International Paper Company Common Stock,$48.64,0.07,0.144%,16896064105.00,United States,,4221646,Basic Materials,Paper
IPA,ImmunoPrecise Antibodies Ltd. Common Stock,$0.5758,-0.1023,-15.086%,15719340.00,Canada,,12974216,Health Care,Biotechnology: Pharmaceutical Preparations
IPAR,Interparfums Inc. Common Stock,$124.41,2.71,2.227%,3984140675.00,United States,,130731,Consumer Discretionary,Package Goods/Cosmetics
IPDN,Professional Diversity Network Inc. Common Stock,$0.9388,-0.0312,-3.216%,11961518.00,United States,2013,35047,Technology,Computer Software: Programming Data Processing
IPG,Interpublic Group of Companies Inc. (The) Common Stock,$30.24,0.44,1.477%,11264660608.00,United States,,3132174,Consumer Discretionary,Advertising
IPGP,IPG Photonics Corporation Common Stock,$79.27,2.45,3.189%,3505804136.00,United States,2006,643514,Technology,Semiconductors
IPHA,Innate Pharma S.A. ADS,$1.71,-0.09,-5.00%,137575112.00,France,2019,34144,Health Care,Biotechnology: Biological Products (No Diagnostic Substances)
IPI,Intrepid Potash Inc Common Stock,$26.03,1.30,5.257%,345716274.00,United States,2008,81205,Industrials,Mining & Quarrying of Nonmetallic Minerals (No Fuels)
IPSC,Century Therapeutics Inc. Common Stock,$1.40,0.01,0.719%,118602345.00,United States,2021,394691,Health Care,Biotechnology: Biological Products (No Diagnostic Substances)
IPW,iPower Inc. Common Stock,$1.52,0.04,2.703%,47766441.00,United States,2021,348342,Consumer Discretionary,RETAIL: Building Materials
IPWR,Ideal Power Inc. Common Stock,$7.23,-0.11,-1.499%,55627020.00,United States,2013,21086,Technology,Semiconductors
IPX,IperionX Limited American Depositary Share,$21.65,-0.10,-0.46%,418914445.00,United States,,36243,Basic Materials,Other Metals and Minerals
IPXX,Inflection Point Acquisition Corp. II Class A Ordinary Share,$10.7768,-0.0032,-0.03%,0.00,United States,2023,1336,Finance,Blank Checks
IPXXU,Inflection Point Acquisition Corp. II Unit,$10.86,0.00,0.00%,0.00,United States,2023,20,Finance,Blank Checks
IPXXW,Inflection Point Acquisition Corp. II Warrant,$0.18,-0.0622,-25.681%,0.00,United States,2023,189,Finance,Blank Checks
IQ,iQIYI Inc. American Depositary Shares,$2.80,0.25,9.804%,2686454834.00,China,2018,18393108,Consumer Discretionary,Consumer Electronics/Video Chains
IQI,Invesco Quality Municipal Income Trust Common Stock,$9.96,0.00,0.00%,526722618.00,United States,,195917,Finance,Finance Companies
IQV,IQVIA Holdings Inc. Common Stock,$217.54,2.91,1.356%,39657542000.00,United States,2013,1073297,Health Care,Biotechnology: Commercial Physical & Biological Resarch
IR,Ingersoll Rand Inc. Common Stock,$97.11,0.99,1.03%,39182348234.00,United States,2017,2803242,Industrials,Industrial Machinery/Components
IRBT,iRobot Corporation Common Stock,$8.56,0.38,4.645%,258779106.00,United States,2005,592595,Consumer Discretionary,Consumer Electronics/Appliances
IRD,Opus Genetics Inc. Common Stock,$1.35,0.18,15.385%,35367899.00,United States,,230808,Health Care,Biotechnology: Pharmaceutical Preparations
IRDM,Iridium Communications Inc Common Stock,$29.75,0.72,2.48%,3386971515.00,United States,,1183137,Telecommunications,Telecommunications Equipment
IREN,Iris Energy Limited Ordinary Shares,$10.90,1.65,17.838%,2063872261.00,Australia,2021,23822978,Technology,EDP Services
IRIX,IRIDEX Corporation Common Stock,$1.62,0.10,6.579%,26745247.00,United States,1996,10647,Health Care,Biotechnology: Electromedical & Electrotherapeutic Apparatus
IRM,Iron Mountain Incorporated (Delaware)Common Stock REIT,$128.14,0.44,0.345%,37588052744.00,United States,,1479271,Real Estate,Real Estate Investment Trusts
IRMD,iRadimed Corporation Common Stock,$52.03,1.64,3.255%,659209018.00,United States,2014,35523,Health Care,Medical/Dental Instruments
IROH,Iron Horse Acquisitions Corp. Common Stock,$10.225,-0.015,-0.146%,0.00,United States,2024,323,,
IROHR,Iron Horse Acquisitions Corp. Right,$0.299,0.00,0.00%,0.00,United States,2024,810,,
IROHU,Iron Horse Acquisitions Corp. Unit,$11.27,0.00,0.00%,0.00,United States,2023,2,,
IROHW,Iron Horse Acquisitions Corp. Warrant,$0.05,0.00,0.00%,0.00,United States,2024,2200,,
IRON,Disc Medicine Inc. Common Stock,$46.19,0.18,0.391%,1373032993.00,United States,,299052,Health Care,Biotechnology: Pharmaceutical Preparations
IROQ,IF Bancorp Inc. Common Stock,$21.84,0.44,2.056%,73230088.00,United States,2011,1857,Finance,Savings Institutions
IRS,IRSA Inversiones Y Representaciones S.A. Global Depositary Shares (Each representing ten shares of Common Stock),$13.07,-0.14,-1.06%,969087122.00,Argentina,,152916,Real Estate,Homebuilding
IRT,Independence Realty Trust Inc. Common Stock,$19.86,0.08,0.404%,4470895473.00,United States,2013,1310691,Real Estate,Real Estate Investment Trusts
IRTC,iRhythm Technologies Inc. Common Stock,$76.30,0.62,0.819%,2383312523.00,United States,2016,422036,Health Care,Medical/Dental Instruments
IRWD,Ironwood Pharmaceuticals Inc. Class A Common Stock,$4.15,0.19,4.798%,662916854.00,United States,2010,1054805,Health Care,Biotechnology: Pharmaceutical Preparations
ISD,PGIM High Yield Bond Fund Inc.,$13.97,0.01,0.072%,0.00,United States,2012,81011,Finance,Trusts Except Educational Religious and Charitable
ISDR,Issuer Direct Corporation Common Stock,$10.20,-0.20,-1.923%,39106565.00,United States,,11607,Consumer Discretionary,Publishing
ISPC,iSpecimen Inc. Common Stock,$4.32,-0.41,-8.668%,2828961.00,United States,2021,215916,Health Care,Biotechnology: Commercial Physical & Biological Resarch
ISPO,Inspirato Incorporated Class A Common Stock,$4.00,0.12,3.093%,40187236.00,United States,2021,459534,Finance,Blank Checks
ISPOW,Inspirato Incorporated Warrant,$0.0136,-0.0014,-9.333%,136637.00,United States,2021,18959,Finance,Blank Checks
ISPR,Ispire Technology Inc. Common Stock,$6.06,-0.15,-2.415%,343244708.00,United States,2023,49769,Health Care, Medicinal Chemicals and Botanical Products 
ISRG,Intuitive Surgical Inc. Common Stock,$510.88,-0.39,-0.076%,181964954862.00,United States,2000,842834,Health Care,Industrial Specialties
ISRL,Israel Acquisitions Corp Class A Ordinary Shares,$11.23,-0.01,-0.089%,0.00,United States,2023,407,Finance,Blank Checks
ISRLW,Israel Acquisitions Corp Warrant,$0.0399,0.0026,6.971%,0.00,United States,2023,7753,Finance,Blank Checks
ISSC,Innovative Solutions and Support Inc. Common Stock,$7.22,0.03,0.417%,126349675.00,United States,2000,30298,Technology,EDP Services
ISTR,Investar Holding Corporation Common Stock,$21.23,0.73,3.561%,208667781.00,United States,2014,27293,Finance,Major Banks
IT,Gartner Inc. Common Stock,$514.67,1.31,0.255%,39660220070.00,United States,1993,191066,Consumer Discretionary,Other Consumer Services
ITCI,Intra-Cellular Therapies Inc. Common Stock,$76.82,1.01,1.332%,8117333179.00,United States,,650869,Health Care,Biotechnology: Pharmaceutical Preparations
ITGR,Integer Holdings Corporation Common Stock,$127.93,2.16,1.717%,4289643729.00,United States,,261300,Health Care,Biotechnology: Electromedical & Electrotherapeutic Apparatus
ITI,Iteris Inc. Common Stock,$7.19,0.00,0.00%,307896105.00,United States,,303781,Telecommunications,Telecommunications Equipment
ITIC,Investors Title Company Common Stock,$235.66,3.36,1.446%,443954454.00,United States,,16055,Finance,Specialty Insurers
ITOS,iTeos Therapeutics Inc. Common Stock,$8.93,0.21,2.408%,326140076.00,United States,2020,380827,Health Care,Biotechnology: Biological Products (No Diagnostic Substances)
ITP,IT Tech Packaging Inc. Common Stock,$0.26,0.01,4.00%,2617139.00,China,,38171,Consumer Discretionary,Containers/Packaging
ITRG,Integra Resources Corp. Common Shares,$1.21,0.00,0.00%,107035029.00,,,294557,Basic Materials,Precious Metals
ITRI,Itron Inc. Common Stock,$104.83,1.94,1.886%,4713450219.00,United States,1993,450693,Industrials,Electrical Products
ITRM,Iterum Therapeutics plc Ordinary Share,$1.43,-0.45,-23.936%,32469571.00,Ireland,2018,13493348,Health Care,Biotechnology: Pharmaceutical Preparations
ITRN,Ituran Location and Control Ltd. Ordinary Shares,$27.10,-0.41,-1.49%,539116018.00,Israel,2005,46750,Technology,Electronic Components
ITT,ITT Inc. Common Stock ,$144.54,0.76,0.529%,11808918000.00,United States,2011,906747,Industrials,Fluid Controls
ITUB,Itau Unibanco Banco Holding SA American Depositary Shares (Each repstg 500 Preferred shares),$6.29,0.10,1.616%,61647451291.00,Brazil,,20152232,Finance,Major Banks
ITW,Illinois Tool Works Inc. Common Stock,$256.87,2.79,1.098%,76264703000.00,United States,,753834,Industrials,Industrial Machinery/Components
IVA,Inventiva S.A. American Depository Shares,$2.71,0.05,1.88%,141233837.00,France,2020,16812,Health Care,Biotechnology: Pharmaceutical Preparations
IVAC,Intevac Inc. Common Stock,$3.31,-0.04,-1.194%,89156194.00,United States,1995,17420,Technology,Industrial Machinery/Components
IVCA,Investcorp AI Acquisition Corp. Class A Ordinary Share,$11.6001,0.00,0.00%,0.00,Cayman Islands,2022,60,Finance,Blank Checks
IVCAU,Investcorp AI Acquisition Corp. Unit,$11.60,0.05,0.433%,0.00,Cayman Islands,2022,100,Finance,Blank Checks
IVCAW,Investcorp AI Acquisition Corp. Warrant,$0.08,0.005,6.667%,0.00,Cayman Islands,2022,1436,Finance,Blank Checks
IVCB,Investcorp Europe Acquisition Corp I Class A Ordinary Shares,$12.07,0.00,0.00%,0.00,Cayman Islands,2022,6,Finance,Blank Checks
IVCBW,Investcorp Europe Acquisition Corp I Warrant,$0.0126,0.0001,0.80%,0.00,Cayman Islands,2022,2500,Finance,Blank Checks
IVCP,Swiftmerge Acquisition Corp. Class A Ordinary Share,$11.06,0.00,0.00%,311062500.00,United States,2022,262,Finance,Blank Checks
IVCPW,Swiftmerge Acquisition Corp. Warrants,$0.11,0.01,10.00%,0.00,United States,2022,305,Finance,Blank Checks
IVDA,Iveda Solutions Inc. Common Stock,$1.66,0.0401,2.475%,3749503.00,United States,,29858,Technology,Computer Software: Prepackaged Software
IVP,Inspire Veterinary Partners Inc. Class A Common Stock,$0.2696,-0.0023,-0.846%,966245.00,United States,2023,4336051,Consumer Staples,Farming/Seeds/Milling
IVR,INVESCO MORTGAGE CAPITAL INC Common Stock,$8.31,-0.14,-1.657%,455551582.00,United States,2009,1393201,Real Estate,Real Estate Investment Trusts
IVR^B,Invesco Mortgage Capital Inc. Preferred Series B Cum Fxd to Fltg,$24.98,0.13,0.523%,,United States,,1901,,
IVR^C,INVESCO MORTGAGE CAPITAL INC 7.5% Fixed-to-Floating Series C Cumulative Redeemable Preferred Stock Liquation Preference $25.00 per Share,$24.40,0.08,0.329%,,United States,,12323,,
IVT,InvenTrust Properties Corp. Common Stock,$29.46,0.26,0.89%,2001217800.00,United States,2021,430595,Real Estate,Real Estate Investment Trusts
IVVD,Invivyd Inc. Common Stock,$1.04,0.0659,6.765%,124220340.00,United States,2021,223853,Health Care,Biotechnology: Biological Products (No Diagnostic Substances)
IVZ,Invesco Ltd Common Stock,$17.90,0.27,1.531%,8055580425.00,United States,,2246503,Finance,Investment Managers
IX,Orix Corp Ads Common Stock,$105.78,1.38,1.322%,25703716080.00,Japan,,28528,Finance,Diversified Financial Services
IXHL,Incannex Healthcare Inc. Common Stock,$2.25,-0.01,-0.442%,39696372.00,Australia,,6710,Health Care,Biotechnology: Pharmaceutical Preparations
IZEA,IZEA Worldwide Inc. Common Stock,$2.90,0.07,2.473%,47706230.00,United States,,26876,Consumer Discretionary,Advertising
IZM,ICZOOM Group Inc. Class A Ordinary Shares,$2.13,0.01,0.472%,22088437.00,China,2023,22035,Consumer Discretionary,Consumer Electronics/Video Chains
J,Jacobs Solutions Inc. Common Stock,$141.20,0.68,0.484%,17543863772.00,United States,2022,458572,Industrials,Military/Government/Technical
JACK,Jack In The Box Inc. Common Stock,$50.53,3.76,8.039%,966435820.00,United States,,706830,Consumer Discretionary,Restaurants
JAGX,Jaguar Health Inc. Common Stock,$1.13,0.02,1.802%,10442591.00,United States,2015,151732,Health Care,Biotechnology: Pharmaceutical Preparations
JAKK,JAKKS Pacific Inc. Common Stock,$26.58,0.38,1.45%,291956315.00,United States,1996,53613,Consumer Discretionary,Recreational Games/Products/Toys
JAMF,Jamf Holding Corp. Common Stock,$16.39,-0.38,-2.266%,2092042349.00,United States,2020,302930,Technology,Computer Software: Prepackaged Software
JANX,Janux Therapeutics Inc. Common Stock,$54.36,0.95,1.779%,2835662111.00,United States,2021,673736,Health Care,Biotechnology: Pharmaceutical Preparations
JAZZ,Jazz Pharmaceuticals plc Common Stock (Ireland),$111.37,1.82,1.661%,6877488409.00,Ireland,2007,337063,Health Care,Biotechnology: Pharmaceutical Preparations
JBDI,JBDI Holdings Limited Ordinary Shares,$1.08,-0.01,-0.917%,21370500.00,Singapore,2024,341815,,
JBGS,JBG SMITH Properties Common Shares ,$18.16,0.18,1.001%,1571014499.00,United States,2017,291117,Real Estate,Real Estate Investment Trusts
JBHT,J.B. Hunt Transport Services Inc. Common Stock,$178.88,4.05,2.317%,18243350665.00,United States,,700931,Industrials,Trucking Freight/Courier Services
JBI,Janus International Group Inc. Common Stock,$10.31,0.30,2.997%,1498272171.00,United States,2021,2325578,Industrials,Building Products
JBK,Lehman ABS 3.50 3.50% Adjustable Corp Backed Tr Certs GS Cap I,$26.57,0.7699,2.984%,0.00,United States,,400,Finance,Finance: Consumer Services
JBL,Jabil Inc. Common Stock,$124.79,0.07,0.056%,14156825510.00,United States,1993,742316,Technology,Electrical Products
JBLU,JetBlue Airways Corporation Common Stock,$7.32,0.14,1.95%,2538818490.00,United States,2002,13475255,Consumer Discretionary,Air Freight/Delivery Services
JBSS,John B. Sanfilippo & Son Inc. Common Stock,$93.48,0.43,0.462%,1084691815.00,United States,1991,25249,Consumer Staples,Specialty Foods
JBT,John Bean Technologies Corporation Common Stock,$116.98,2.57,2.246%,3724951793.00,United States,,514095,Industrials,Industrial Machinery/Components
JCE,Nuveen Core Equity Alpha Fund Common Shares of Beneficial Interest,$15.22,0.01,0.066%,0.00,United States,2007,22360,Finance,Trusts Except Educational Religious and Charitable
JCI,Johnson Controls International plc Ordinary Share,$77.73,0.99,1.29%,51924693164.00,Switzerland,,7183698,Industrials,Industrial Machinery/Components
JCSE,JE Cleantech Holdings Limited Ordinary Shares,$1.3399,-0.0002,-0.015%,6708432.00,Singapore,2022,15214,Consumer Discretionary,Miscellaneous manufacturing industries
JCTC,Jewett-Cameron Trading Company Common Shares,$4.35,0.02,0.462%,15245889.00,United States,,2531,Consumer Discretionary,RETAIL: Building Materials
JD,JD.com Inc. American Depositary Shares,$41.64,1.74,4.361%,65462997018.00,China,2014,11398243,Consumer Discretionary,Other Specialty Stores
JDZG,JIADE LIMITED Common stock,$1.43,0.03,2.143%,34656724.00,China,2024,627514,Real Estate,Other Consumer Services
JEF,Jefferies Financial Group Inc. Common Stock,$64.94,0.92,1.437%,13345079409.00,United States,,1025092,Finance,Investment Bankers/Brokers/Service
JELD,JELD-WEN Holding Inc. Common Stock,$14.60,0.36,2.528%,1234322486.00,United States,2017,265863,Basic Materials,Forest Products
JEQ,abrdn Japan Equity Fund Inc. Common Stock,$5.8028,0.0628,1.094%,78918022.00,United States,1992,13703,Consumer Discretionary,Air Freight/Delivery Services
JFBR,Jeffs' Brands Ltd Ordinary Shares,$0.3013,-0.0366,-10.832%,2765934.00,Israel,2022,1475488,Consumer Discretionary,Other Specialty Stores
JFBRW,Jeffs' Brands Ltd Warrant,$0.038,0.0065,20.635%,348840.00,Israel,2022,1205,Consumer Discretionary,Other Specialty Stores
JFIN,Jiayin Group Inc. American Depositary Shares,$6.66,-0.245,-3.548%,353196357.00,China,2019,110828,Finance,Finance: Consumer Services
JFR,Nuveen Floating Rate Income Fund Common Stock,$8.84,-0.06,-0.674%,0.00,United States,2004,407200,Finance,Trusts Except Educational Religious and Charitable
JFU,9F Inc. American Depositary Shares,$1.68,0.01,0.599%,19779199.00,China,2019,7476,Finance,Finance: Consumer Services
JG,Aurora Mobile Limited American Depositary Shares,$7.26,-0.198,-2.655%,43418503.00,China,2018,8020,Technology,Computer Software: Programming Data Processing
JGH,Nuveen Global High Income Fund Common Shares of Beneficial Interest,$12.83,-0.04,-0.311%,0.00,United States,2014,51835,Finance,Investment Managers
JHG,Janus Henderson Group plc Ordinary Shares,$40.60,1.18,2.993%,6466118522.00,United Kingdom,2017,1120807,Finance,Investment Managers
JHI,John Hancock Investors Trust Common Stock,$14.18,0.05,0.354%,123997676.00,United States,,12269,Finance,Trusts Except Educational Religious and Charitable
JHS,John Hancock Income Securities Trust Common Stock,$11.60,0.01,0.086%,135100386.00,United States,,2979,Finance,Finance Companies
JHX,James Hardie Industries plc American Depositary Shares (Ireland),$33.13,-0.03,-0.09%,14371284924.00,Ireland,,76302,Industrials,Building Materials
JILL,J. Jill Inc. Common Stock,$24.95,0.63,2.59%,376354682.00,United States,2017,79136,Consumer Discretionary,Apparel
JJSF,J & J Snack Foods Corp. Common Stock,$165.47,0.51,0.309%,3214043114.00,United States,1986,39370,Consumer Staples,Specialty Foods
JKHY,Jack Henry & Associates Inc. Common Stock,$183.57,1.13,0.619%,13383780119.00,United States,1985,298046,Technology,EDP Services
JKS,JinkoSolar Holding Company Limited American Depositary Shares (each representing 4 Common Shares),$27.70,4.18,17.772%,1523518088.00,China,2010,4860011,Technology,Semiconductors
JL,J-Long Group Limited Ordinary Shares,$0.471,0.0462,10.876%,14789400.00,Hong Kong,2024,615503,Consumer Discretionary,Clothing/Shoe/Accessory Stores
JLL,Jones Lang LaSalle Incorporated Common Stock,$273.07,2.04,0.753%,12961058651.00,United States,,194021,Finance,Real Estate
JLS,Nuveen Mortgage and Income Fund,$18.17,-0.13,-0.71%,0.00,United States,2009,7077,Finance,Investment Managers
JMIA,Jumia Technologies AG American Depositary Shares each representing two Ordinary Shares,$5.10,0.34,7.143%,624546000.00,,2019,2666199,Consumer Discretionary,Catalog/Specialty Distribution
JMM,Nuveen Multi-Market Income Fund (MA),$6.06,0.02,0.331%,0.00,United States,,14165,Finance,Trusts Except Educational Religious and Charitable
JMSB,John Marshall Bancorp Inc. Common Stock,$21.70,0.21,0.977%,308814935.00,United States,,13819,Finance,Major Banks
JNJ,Johnson & Johnson Common Stock,$161.60,0.72,0.448%,389071872275.00,United States,,4842500,Health Care,Biotechnology: Pharmaceutical Preparations
JNPR,Juniper Networks Inc. Common Stock,$39.02,-0.06,-0.154%,12843958912.00,United States,1999,2922922,Telecommunications,Computer Communications Equipment
JNVR,Janover Inc. Common Stock,$0.5729,-0.1544,-21.229%,6406296.00,United States,2023,140732,Finance,Finance: Consumer Services
JOB,GEE Group Inc. Common Stock,$0.2592,0.0077,3.062%,28193593.00,United States,1968,131816,Consumer Discretionary,Diversified Commercial Services
JOBY,Joby Aviation Inc. Common Stock,$5.27,0.11,2.132%,3774071908.00,United States,2020,20615882,Industrials,Aerospace
JOE,St. Joe Company (The) Common Stock,$53.01,-0.12,-0.226%,3095651793.00,United States,,321224,Real Estate,Homebuilding
JOF,Japan Smaller Capitalization Fund Inc Common Stock,$7.53,0.015,0.20%,0.00,United States,1990,257777,Finance,Trusts Except Educational Religious and Charitable
JOUT,Johnson Outdoors Inc. Class A Common Stock,$32.59,0.43,1.337%,335820135.00,United States,,19122,Consumer Discretionary,Recreational Games/Products/Toys
JPC,Nuveen Preferred & Income Opportunities Fund,$8.03,-0.03,-0.372%,0.00,United States,2003,802710,Finance,Investment Managers
JPI,Nuveen Preferred Securities & Income Opportunities Fund Common Shares,$20.90,-0.24,-1.135%,475943557.00,,2012,34123,Finance,Finance Companies
JPM,JP Morgan Chase & Co. Common Stock,$225.50,3.19,1.435%,641584645939.00,United States,,6838992,Finance,Major Banks
JPM^C,J P Morgan Chase & Co Depositary Shares each representing a 1/400th interest in a share of 6.00% Non-Cumulative  Preferred Stock Series EE,$25.59,0.01,0.039%,,United States,,80457,,
JPM^D,J P Morgan Chase & Co Depositary Shares each representing a 1/400th  interest in a share of 5.75% Non-Cumulative  Preferred Stock Series DD,$25.27,0.03,0.119%,,United States,,87665,,
JPM^J,J P Morgan Chase & Co Depositary Shares each representing a 1/400th interest in a share of JPMorgan Chase & Co. 4.75% Non-Cumulative Preferred Stock Series GG,$22.96,-0.02,-0.087%,,United States,,48397,,
JPM^K,J P Morgan Chase & Co Depositary Shares each representing a 1/400th interest in a share of 4.55% Non-Cumulative Preferred Stock Series JJ,$21.70,-0.02,-0.092%,,United States,,68888,,
JPM^L,J P Morgan Chase & Co Depositary Shares each representing a 1/400th interest in a share of 4.625% Non-Cumulative Preferred Stock Series LL,$22.10,-0.03,-0.136%,,United States,,87417,,
JPM^M,J P Morgan Chase & Co Depositary Shares each representing a 1/400th interest in a share of 4.20% Non-Cumulative Preferred Stock Series MM,$20.17,-0.06,-0.297%,,United States,,451128,,
JQC,Nuveen Credit Strategies Income Fund Shares of Beneficial Interest,$5.74,0.01,0.175%,0.00,United States,2003,291300,Finance,Finance Companies
JRI,Nuveen Real Asset Income and Growth Fund Common Shares of Beneficial Interest,$13.07,-0.02,-0.153%,0.00,United States,2012,180852,Finance,Finance Companies
JRS,Nuveen Real Estate Income Fund Common Shares of Beneficial Interest,$8.97,-0.03,-0.333%,0.00,United States,2001,86843,Finance,Finance/Investors Services
JRSH,Jerash Holdings (US) Inc. Common Stock,$3.0294,0.0244,0.812%,37245988.00,United States,2018,8910,Consumer Discretionary,Apparel
JRVR,James River Group Holdings Ltd. Common Shares,$6.37,-0.17,-2.599%,240950136.00,Bermuda,2014,155114,Finance,Property-Casualty Insurers
JSM,Navient Corporation 6% Senior Notes due December 15 2043,$20.52,0.12,0.588%,2245095129.00,United States,,5275,Finance,Finance: Consumer Services
JSPR,Jasper Therapeutics Inc. Common Stock,$22.02,2.47,12.634%,332618706.00,United States,2020,467908,Health Care,Biotechnology: Biological Products (No Diagnostic Substances)
JSPRW,Japer Therapeutics Inc. Warrants,$0.23,0.0182,8.593%,3474219.00,United States,2020,720,Health Care,Biotechnology: Biological Products (No Diagnostic Substances)
JTAI,Jet.AI Inc. Common Stock,$0.07,0.0021,3.093%,1720382.00,United States,2021,79534219,Consumer Discretionary,Transportation Services
JUNE,Junee Limited Ordinary Shares,$5.11,0.36,7.579%,64970001.00,Hong Kong,2024,39959,,
JVA,Coffee Holding Co. Inc. Common Stock,$3.15,-0.04,-1.254%,17982087.00,United States,2005,39602,Consumer Staples,Packaged Foods
JVSA,JV SPAC Acquisition Corp. Class A Ordinary Share,$10.37,-0.05,-0.48%,0.00,China,2024,1094,,
JVSAU,JVSPAC Acquisition Corp. Unit,$10.75,0.09,0.844%,0.00,China,2024,250,,
JWEL,Jowell Global Ltd. Ordinary Shares,$1.77,0.0297,1.707%,3841741.00,China,2021,517,Consumer Discretionary,Other Consumer Services
JWN,Nordstrom Inc. Common Stock,$23.22,0.49,2.156%,3812979165.00,United States,,1737872,Consumer Discretionary,Clothing/Shoe/Accessory Stores
JWSM,Jaws Mustang Acquisition Corp. Class A Ordinary Shares,$11.31,0.00,0.00%,0.00,,2021,5,Finance,Blank Checks
JXJT,JX Luxventure Limited Common Stock,$1.45,0.04,2.837%,8791628.00,China,2013,8316,Consumer Staples,Apparel
JXN,Jackson Financial Inc. Class A Common Stock ,$101.36,3.11,3.165%,7626429382.00,United States,2021,615937,Finance,Life Insurance
JXN^A,Jackson Financial Inc. Depositary Shares each representing a 1/1000th interest in a share of Fixed-Rate Reset Noncumulative Perpetual Preferred Stock Series A,$27.28,0.06,0.22%,,United States,,18850,,
JYD,Jayud Global Logistics Limited Class A Ordinary Shares,$0.88,0.01,1.149%,18789956.00,China,2023,66181,Consumer Discretionary,Oil Refining/Marketing
JYNT,The Joint Corp. Common Stock,$11.20,0.00,0.00%,167963880.00,United States,2014,21432,Miscellaneous,Multi-Sector Companies
JZ,Jianzhi Education Technology Group Company Limited American Depositary Shs,$0.96,-0.11,-10.28%,19377600.00,China,2022,10379,Real Estate,Other Consumer Services
JZXN,Jiuzi Holdings Inc. Ordinary Shares,$1.61,0.07,4.545%,14576937.00,China,2021,48706,Consumer Discretionary,Retail-Auto Dealers and Gas Stations
K,Kellanova Common Stock,$80.60,-0.28,-0.346%,27588396277.00,United States,,2488516,Consumer Staples,Packaged Foods
KACL,Kairous Acquisition Corp. Limited Ordinary Shares,$12.30,-0.08,-0.646%,0.00,Malaysia,2022,7539,Finance,Blank Checks
KACLR,Kairous Acquisition Corp. Limited Rights,$0.09,-0.0071,-7.312%,0.00,Malaysia,2022,475,Finance,Blank Checks
KACLW,Kairous Acquisition Corp. Limited Warrants,$0.0114,-0.0001,-0.87%,0.00,Malaysia,2022,1303,Finance,Blank Checks
KAI,Kadant Inc Common Stock,$322.15,5.70,1.801%,3783511293.00,United States,1992,31876,Industrials,Industrial Machinery/Components
KALA,KALA BIO Inc. Common Stock,$7.19,0.39,5.735%,33128421.00,United States,2017,36744,Health Care,Biotechnology: Pharmaceutical Preparations
KALU,Kaiser Aluminum Corporation Common Stock,$76.07,7.73,11.311%,1223746610.00,United States,,372428,Industrials,Metal Fabrications
KALV,KalVista Pharmaceuticals Inc. Common Stock,$12.09,0.41,3.51%,522475056.00,United Kingdom,2015,107762,Health Care,Biotechnology: Pharmaceutical Preparations
KAPA,Kairos Pharma Ltd. Common Stock,$1.44,-0.01,-0.69%,18492389.00,,2024,25995,Health Care,Biotechnology: Pharmaceutical Preparations
KAR,OPENLANE Inc. Common Stock,$16.41,0.29,1.799%,1782443468.00,United States,2009,376328,Consumer Discretionary,Retail-Auto Dealers and Gas Stations
KARO,Karooooo Ltd. Ordinary Shares,$39.83,-0.09,-0.225%,1230747000.00,Singapore,2021,21073,Technology,Computer Software: Prepackaged Software
KAVL,Kaival Brands Innovations Group Inc. Common Stock,$0.989,-0.0236,-2.331%,6709334.00,United States,,287188,Consumer Discretionary,Other Consumer Services
KB,KB Financial Group Inc,$68.79,-3.39,-4.697%,26048284522.00,South Korea,,244724,Finance,Commercial Banks
KBDC,Kayne Anderson BDC Inc. Common Stock,$16.11,-0.24,-1.468%,0.00,,2024,28176,,
KBH,KB Home Common Stock,$80.01,1.96,2.511%,5867491505.00,United States,1986,855162,Consumer Discretionary,Homebuilding
KBR,KBR Inc. Common Stock,$67.20,0.45,0.674%,8953862400.00,United States,2006,1123899,Industrials,Military/Government/Technical
KC,Kingsoft Cloud Holdings Limited American Depositary Shares,$2.83,0.17,6.391%,717930398.00,China,2020,3108963,Technology,Computer Software: Prepackaged Software
KD,Kyndryl Holdings Inc. Common Stock,$23.77,-0.30,-1.246%,5495801895.00,United States,2021,1609490,Technology,EDP Services
KDLY,Kindly MD Inc. Common Stock,$0.8884,-0.1316,-12.902%,5283465.00,United States,2024,177272,Health Care,Medical/Nursing Services
KDLYW,Kindly MD Inc. Warrants,$0.1351,0.00,0.00%,803463.00,United States,2024,1,Health Care,Medical/Nursing Services
KDP,Keurig Dr Pepper Inc. Common Stock,$33.86,-0.72,-2.082%,45929520555.00,United States,,15138619,Consumer Staples,Beverages (Production/Distribution)
KE,Kimball Electronics Inc. Common Stock,$18.15,0.32,1.795%,448910448.00,United States,,91992,Technology,Electrical Products
KELYA,Kelly Services Inc. Class A Common Stock,$19.91,0.45,2.312%,708165769.00,United States,,128379,Consumer Discretionary,Professional Services
KELYB,Kelly Services Inc. Class B Common Stock,$19.3301,0.00,0.00%,687539685.00,United States,,7,Consumer Discretionary,Professional Services
KEN,Kenon Holdings Ltd. Ordinary Shares,$27.80,0.775,2.868%,1466890491.00,Singapore,2015,17691,Utilities,Electric Utilities: Central
KEP,Korea Electric Power Corporation Common Stock,$8.19,0.01,0.122%,10515371581.00,South Korea,1994,84814,Utilities,Electric Utilities: Central
KEQU,Kewaunee Scientific Corporation Common Stock,$32.30,-0.35,-1.072%,92759398.00,United States,,9561,Industrials,Medical Specialities
KEX,Kirby Corporation Common Stock,$124.78,-0.72,-0.574%,7224762000.00,United States,,567937,Consumer Discretionary,Marine Transportation
KEY,KeyCorp Common Stock,$17.55,0.51,2.993%,16553085114.00,United States,,10705135,Finance,Major Banks
KEY^I,KeyCorp Depositary Shares Each Representing a 1/40th Ownership Interest in a Share of Fixed-to-Floating Rate Perpetual Non-Cumulative Preferred Stock Series E,$25.12,-0.12,-0.475%,,United States,,23442,,
KEY^J,KeyCorp Depositary Shares each representing a 1/40th ownership interest in a share of Fixed Rate Perpetual Non-Cumulative Preferred Stock Series F,$22.90,0.15,0.659%,,United States,,14417,,
KEY^K,KeyCorp Depositary Shares each representing a 1/40th ownership interest in a share of Fixed Rate Perpetual Non-Cumulative Preferred Stock Series G,$23.44,0.11,0.471%,,United States,,16442,,
KEY^L,KeyCorp Depositary Shares each representing a 1/40th ownership interest in a share of Fixed Rate Perpetual Non-Cumulative Preferred Stock Series H,$24.92,-0.05,-0.20%,,United States,,58799,,
KEYS,Keysight Technologies Inc. Common Stock,$155.73,-0.25,-0.16%,27025906674.00,United States,2014,733728,Industrials,Industrial Machinery/Components
KF,Korea Fund Inc. (The) New Common Stock,$21.89,0.04,0.183%,0.00,United States,,3778,Finance,Investment Managers
KFFB,Kentucky First Federal Bancorp Common Stock,$3.03,-0.13,-4.114%,24502746.00,United States,2005,19700,Finance,Savings Institutions
KFRC,Kforce Inc. Common Stock,$55.68,1.13,2.071%,1079022720.00,United States,1995,260747,Consumer Discretionary,Professional Services
KFS,Kingsway Financial Services Inc. Common Stock (DE),$9.25,0.33,3.70%,257251038.00,Canada,,22002,Finance,Property-Casualty Insurers
KFY,Korn Ferry Common Stock,$70.18,1.24,1.799%,3650106996.00,United States,1999,277894,Consumer Discretionary,Diversified Commercial Services
KGC,Kinross Gold Corporation Common Stock,$10.44,-0.09,-0.855%,12830760000.00,Canada,2001,10435990,Basic Materials,Precious Metals
KGEI,Kolibri Global Energy Inc. Common stock,$3.24,-0.24,-6.897%,115784527.00,United States,,2861,Energy,Oil & Gas Production
KGS,Kodiak Gas Services Inc. Common Stock,$31.70,0.34,1.084%,2678954700.00,United States,2023,738599,Utilities,Natural Gas Distribution
KHC,The Kraft Heinz Company Common Stock,$35.13,0.39,1.123%,42474941652.00,United States,,7061436,Consumer Staples,Packaged Foods
KIDS,OrthoPediatrics Corp. Common Stock,$26.13,0.44,1.713%,632722951.00,United States,2017,62083,Health Care,Medical/Dental Instruments
KIM,Kimco Realty Corporation (HC) Common Stock,$23.88,0.33,1.401%,16097798524.00,United States,,3033314,Real Estate,Real Estate Investment Trusts
KIM^L,Kimco Realty Corporation Class L Depositary Shares each of which represents a one-one thousandth fractional interest in a share of 5.125% Class L Cumulative Redeemable Preferred Stock liquidation preference $25000.00 per share,$22.82,0.14,0.617%,,United States,,11429,,
KIM^M,Kimco Realty Corporation Class M Depositary Shares each of which represents a one-one thousandth fractional interest in a share of 5.25% Class M Cumulative Redeemable Preferred Stock liquidation preference $25000.00 per share,$23.30,0.10,0.431%,,United States,,21976,,
KIM^N,Kimco Realty Corporation Depositary Shares each representing 1/1000th interest in a share of 7.25% Class N Cumulative Convertible Perpetual Preferred Stock,$60.68,-0.31,-0.508%,,United States,,1238,,
KIND,Nextdoor Holdings Inc. Class A Common Stock,$2.44,0.14,6.087%,926976525.00,United States,,2476705,Technology,Computer Software: Programming Data Processing
KINS,Kingstone Companies Inc. Common Stock,$9.73,-0.05,-0.511%,107659755.00,United States,,107801,Finance,Property-Casualty Insurers
KIO,KKR Income Opportunities Fund Common Shares,$13.87,-0.04,-0.288%,0.00,United States,2013,148260,Finance,Investment Managers
KIRK,Kirkland's Inc. COMMONSTOCK,$1.87,0.03,1.63%,24518763.00,United States,2002,322886,Consumer Discretionary,Other Specialty Stores
KITT,Nauticus Robotics Inc. Common stock,$1.40,0.04,2.941%,6509482.00,United States,2021,119443,Industrials,Industrial Machinery/Components
KITTW,Nauticus Robotics Inc. Warrant,$0.0137,0.0007,5.385%,63700.00,United States,2021,31354,Industrials,Industrial Machinery/Components
KKR,KKR & Co. Inc. Common Stock,$140.75,0.87,0.622%,124907162969.00,United States,,2715898,Finance,Investment Managers
KKRS,KKR Group Finance Co. IX LLC 4.625% Subordinated Notes due 2061,$19.95,0.01,0.05%,17704425586.00,United States,2021,18418,,
KLAC,KLA Corporation Common Stock,$674.35,1.28,0.19%,90649513586.00,United States,1980,1051767,Technology,Electronic Components
KLC,KinderCare Learning Companies Inc. Common Stock,$28.09,-0.27,-0.952%,3212543440.00,,2024,229502,Consumer Discretionary,Other Consumer Services
KLG,WK Kellogg Co Common Stock,$17.36,0.31,1.818%,1491248981.00,United States,2023,384899,Consumer Staples,Packaged Foods
KLIC,Kulicke and Soffa Industries Inc. Common Stock,$46.13,1.54,3.454%,2514512994.00,Singapore,,665566,Technology,Semiconductors
KLTO,Klotho Neurosciences Inc. Common Stock,$0.549,0.069,14.375%,9459004.00,United States,2022,71395,Health Care,Biotechnology: Biological Products (No Diagnostic Substances)
KLTOW,Klotho Neurosciences Inc. Warrant,$0.03,-0.0053,-15.014%,516885.00,United States,2022,4312,Health Care,Biotechnology: Biological Products (No Diagnostic Substances)
KLTR,Kaltura Inc. Common Stock,$1.31,0.00,0.00%,195180754.00,United States,2021,53701,Technology,Computer Software: Prepackaged Software
KLXE,KLX Energy Services Holdings Inc. Common Stock,$4.56,0.05,1.109%,76901805.00,United States,,61346,Energy,Oilfield Services/Equipment
KMB,Kimberly-Clark Corporation Common Stock,$135.62,0.10,0.074%,45227277064.00,United States,,2036431,Consumer Discretionary,Containers/Packaging
KMDA,Kamada Ltd. Ordinary Shares,$5.47,0.19,3.598%,245274800.00,Israel,2013,58296,Health Care,Biotechnology: Pharmaceutical Preparations
KMI,Kinder Morgan Inc. Common Stock,$24.80,-0.15,-0.601%,55096675596.00,United States,2011,10034166,Utilities,Natural Gas Distribution
KMPB,Kemper Corporation 5.875% Fixed-Rate Reset Junior Subordinated Debentures due 2062,$23.25,-0.04,-0.172%,1497920612.00,United States,2022,24538,Finance,Property-Casualty Insurers
KMPR,Kemper Corporation,$64.34,1.32,2.095%,4145213428.00,United States,,307235,Finance,Property-Casualty Insurers
KMT,Kennametal Inc. Common Stock,$25.59,0.58,2.319%,1993481242.00,United States,,867590,Industrials,Industrial Machinery/Components
KMX,CarMax Inc,$74.31,2.31,3.208%,11512427780.00,United States,,1198535,Consumer Discretionary,Retail-Auto Dealers and Gas Stations
KN,Knowles Corporation Common Stock,$18.09,0.43,2.435%,1599649549.00,United States,2014,642538,Consumer Staples,Consumer Electronics/Appliances
KNDI,Kandi Technologies Group Inc. Ordinary Shares,$1.49,0.09,6.429%,130163769.00,China,,164841,Consumer Discretionary,Auto Manufacturing
KNF,Knife Riv Holding Co. Common Stock,$95.75,2.30,2.461%,5420666504.00,United States,2023,250337,Industrials,Mining & Quarrying of Nonmetallic Minerals (No Fuels)
KNOP,KNOT Offshore Partners LP Common Units representing Limited Partner Interests,$6.15,-0.20,-3.15%,209377248.00,United Kingdom,2013,47119,Consumer Discretionary,Marine Transportation
KNSA,Kiniksa Pharmaceuticals International plc Class A Ordinary Shares,$27.59,0.15,0.547%,1965614014.00,United States,2018,342389,Health Care,Biotechnology: Pharmaceutical Preparations
KNSL,Kinsale Capital Group Inc. Common Stock,$438.27,4.12,0.949%,10205740608.00,United States,,297331,Finance,Property-Casualty Insurers
KNTK,Kinetik Holdings Inc. Class A Common Stock,$48.92,-0.72,-1.45%,7705824490.00,United States,2022,549052,Utilities,Natural Gas Distribution
KNW,Know Labs Inc. Common Stock,$0.2173,0.0045,2.115%,23029454.00,,2022,338208,Industrials,Industrial Machinery/Components
KNX,Knight-Swift Transportation Holdings Inc.,$53.80,1.25,2.379%,8708283200.00,United States,2017,1972361,Industrials,Trucking Freight/Courier Services
KO,Coca-Cola Company (The) Common Stock,$66.67,-0.25,-0.374%,287200835190.00,United States,,10753422,Consumer Staples,Beverages (Production/Distribution)
KOD,Kodiak Sciences Inc Common Stock,$3.73,-0.01,-0.267%,196252939.00,United States,2018,307559,Health Care,Biotechnology: Biological Products (No Diagnostic Substances)
KODK,Eastman Kodak Company Common New,$5.05,0.37,7.906%,405515000.00,United States,,531446,Consumer Discretionary,Industrial Machinery/Components
KOF,Coca Cola Femsa S.A.B. de C.V.  American Depositary Shares each representing 10 Units (each Unit consists of 3 Series B Shares and 5 Series L Shares),$84.40,-1.46,-1.70%,17731024274.00,Mexico,1993,110621,Consumer Staples,Beverages (Production/Distribution)
KOP,Koppers Holdings Inc. Common Stock,$34.81,0.48,1.398%,714276694.00,United States,2006,77850,Basic Materials,Forest Products
KOPN,Kopin Corporation Common Stock,$0.829,0.0514,6.61%,100282557.00,United States,1992,1045352,Technology,Semiconductors
KORE,KORE Group Holdings Inc. Common Stock,$2.06,-0.07,-3.286%,37271135.00,United States,,9365,Telecommunications,Telecommunications Equipment
KOS,Kosmos Energy Ltd. Common Shares (DE),$3.98,-0.19,-4.556%,1877830351.00,Bermuda,2011,8220733,Energy,Oil & Gas Production
KOSS,Koss Corporation Common Stock,$7.68,0.42,5.785%,71422426.00,United States,,181809,Consumer Staples,Consumer Electronics/Appliances
KPLT,Katapult Holdings Inc. Common Stock,$8.88,0.27,3.136%,37020001.00,United States,2019,341867,Consumer Discretionary,Diversified Commercial Services
KPLTW,Katapult Holdings Inc. Warrant,$0.0086,0.0029,50.877%,35853.00,United States,2019,87165,Consumer Discretionary,Diversified Commercial Services
KPRX,Kiora Pharmaceuticals Inc.  Common Stock,$4.04,0.40,10.989%,12001002.00,United States,,123971,Health Care,Biotechnology: Pharmaceutical Preparations
KPTI,Karyopharm Therapeutics Inc. Common Stock,$0.90,0.0729,8.814%,112215313.00,United States,2013,580659,Health Care,Biotechnology: Pharmaceutical Preparations
KR,Kroger Company (The) Common Stock,$57.11,-0.26,-0.453%,41318301337.00,United States,,2800962,Consumer Staples,Food Chains
KRC,Kilroy Realty Corporation Common Stock,$41.62,0.20,0.483%,4885573314.00,United States,1997,930242,Real Estate,Real Estate Investment Trusts
KREF,KKR Real Estate Finance Trust Inc. Common Stock,$11.67,-0.02,-0.171%,811912837.00,United States,2017,731435,Real Estate,Real Estate Investment Trusts
KREF^A,KKR Real Estate Finance Trust Inc. 6.50% Series A Cumulative Redeemable Preferred Stock,$21.62,0.00,0.00%,,United States,,2180,,
KRG,Kite Realty Group Trust Common Stock,$25.82,0.15,0.584%,5671766799.00,United States,2004,875065,Real Estate,Real Estate Investment Trusts
KRKR,36Kr Holdings Inc. American Depositary Shares,$4.31,0.10,2.375%,8405728.00,China,2019,12246,Consumer Discretionary,Business Services
KRMD,KORU Medical Systems Inc. Common Stock (DE),$2.58,0.05,1.976%,118306746.00,United States,,19463,Health Care,Medical/Dental Instruments
KRNT,Kornit Digital Ltd. Ordinary Shares,$24.99,1.29,5.443%,1192513629.00,Israel,2015,274416,Industrials,Industrial Machinery/Components
KRNY,Kearny Financial Corp Common Stock,$6.99,0.21,3.097%,451411984.00,United States,2005,344449,Finance,Savings Institutions
KRO,Kronos Worldwide Inc Common Stock,$11.59,-0.06,-0.515%,1333270902.00,United States,,131812,Industrials,Major Chemicals
KRON,Kronos Bio Inc. Common Stock,$0.9791,0.0091,0.938%,59034453.00,United States,2020,84939,Health Care,Biotechnology: Pharmaceutical Preparations
KROS,Keros Therapeutics Inc. Common Stock,$60.73,-0.03,-0.049%,2278716951.00,United States,2020,310258,Health Care,Biotechnology: Pharmaceutical Preparations
KRP,Kimbell Royalty Partners Common Units Representing Limited Partner Interests,$15.95,-0.07,-0.437%,1523125647.00,United States,2017,629737,Energy,Oil & Gas Production
KRRO,Korro Bio Inc. Common Stock,$63.85,-4.30,-6.31%,593729338.00,United States,2019,119388,Health Care,Biotechnology: Pharmaceutical Preparations
KRT,Karat Packaging Inc. Common Stock,$26.75,0.37,1.403%,535392289.00,United States,2021,12248,Industrials,Plastic Products
KRUS,Kura Sushi USA Inc. Class A Common Stock,$98.56,4.24,4.495%,1108301582.00,United States,2019,91047,Consumer Discretionary,Restaurants
KRYS,Krystal Biotech Inc. Common Stock,$176.89,1.38,0.786%,5082040856.00,United States,2017,133129,Health Care,Biotechnology: Biological Products (No Diagnostic Substances)
KSCP,Knightscope Inc. Class A Common Stock,$15.86,0.88,5.874%,48474789.00,United States,2022,210960,Telecommunications,Telecommunications Equipment
KSM,DWS Strategic Municipal Income Trust,$10.07,0.00,0.00%,0.00,United States,1989,9266,Finance,Trusts Except Educational Religious and Charitable
KSPI,Joint Stock Company Kaspi.kz American Depository Shares,$111.61,3.17,2.923%,21131508029.00,Kazakhstan,2024,114621,,
KSS,Kohl's Corporation Common Stock,$19.05,0.01,0.053%,2119092568.00,United States,1992,5683110,Consumer Discretionary,Department/Specialty Retail Stores
KT,KT Corporation Common Stock,$15.68,-0.12,-0.759%,7727524914.00,South Korea,,412187,Telecommunications,Telecommunications Equipment
KTB,Kontoor Brands Inc. Common Stock ,$77.57,0.69,0.898%,4319506316.00,United States,2019,354367,Consumer Discretionary,Apparel
KTCC,Key Tronic Corporation Common Stock,$6.00,0.07,1.18%,64571226.00,United States,1983,17774,Technology,Electrical Products
KTF,DWS Municipal Income Trust,$9.71,-0.04,-0.41%,383554108.00,United States,1988,154949,Finance,Finance Companies
KTH,Structures Products Cp 8% CorTS Issued by Peco Energy Cap Tr II Preferred Stock,$30.4501,0.6451,2.164%,0.00,United States,,17839,Finance,Finance: Consumer Services
KTN,Structured Products Corp 8.205% CorTS 8.205% Corporate Backed Trust Securities (CorTS),$27.3995,0.2195,0.808%,0.00,United States,,1129,Finance,Finance: Consumer Services
KTOS,Kratos Defense & Security Solutions Inc. Common Stock,$24.20,0.25,1.044%,3654183060.00,United States,,718938,Industrials,Military/Government/Technical
KTTA,Pasithea Therapeutics Corp. Common Stock,$3.69,-0.01,-0.27%,3852659.00,United States,2021,50439,Health Care,Biotechnology: Pharmaceutical Preparations
KTTAW,Pasithea Therapeutics Corp. Warrant,$0.028,0.0077,37.931%,29234.00,United States,2021,1000,Health Care,Biotechnology: Pharmaceutical Preparations
KUKE,Kuke Music Holding Limited American Depositary Shares each representing one Ordinary Share,$0.73,0.162,28.521%,24273758.00,,2021,5129967,Real Estate,Other Consumer Services
KULR,KULR Technology Group Inc. Common Stock,$0.3047,0.0237,8.434%,58803937.00,United States,,3695453,Technology,Electrical Products
KURA,Kura Oncology Inc. Common Stock,$17.73,0.22,1.256%,1358729614.00,United States,,381347,Health Care,Biotechnology: Pharmaceutical Preparations
KVAC,Keen Vision Acquisition Corporation Ordinary Shares,$10.84,0.04,0.37%,0.00,United States,2023,509,,
KVACU,Keen Vision Acquisition Corporation Units,$13.61,3.00,28.275%,0.00,United States,2023,7398,,
KVACW,Keen Vision Acquisition Corporation Warrant,$0.0421,-0.0079,-15.80%,0.00,United States,2023,360,,
KVHI,KVH Industries Inc. Common Stock,$4.76,0.11,2.366%,93839049.00,United States,1996,10007,Technology,Radio And Television Broadcasting And Communications Equipment
KVUE,Kenvue Inc. Common Stock,$22.88,0.24,1.06%,43819029105.00,United States,2023,10539251,Consumer Discretionary,Specialty Chemicals
KVYO,Klaviyo Inc. Series A Common Stock,$39.23,0.19,0.487%,10461571826.00,United States,2023,360788,Technology,Computer Software: Prepackaged Software
KW,Kennedy-Wilson Holdings Inc. Common Stock,$11.13,0.19,1.737%,1529394703.00,United States,,430142,Finance,Real Estate
KWE,KWESST Micro Systems Inc. Common Stock,$1.51,-0.25,-14.205%,2384553.00,Canada,,264722,Technology,Computer Software: Prepackaged Software
KWESW,KWESST Micro Systems Inc. Warrant,$0.0268,0.00,0.00%,42322.00,Canada,,150,Technology,Computer Software: Prepackaged Software
KWR,Quaker Houghton Common Stock,$154.50,0.63,0.409%,2767427948.00,United States,,76733,Industrials,Major Chemicals
KXIN,Kaixin Holdings Ordinary Shares,$4.55,-0.82,-15.27%,4488962.00,China,2017,720608,Consumer Discretionary,Retail-Auto Dealers and Gas Stations
KYMR,Kymera Therapeutics Inc. Common Stock,$49.08,1.09,2.271%,3030849166.00,United States,2020,324176,Health Care,Biotechnology: Biological Products (No Diagnostic Substances)
KYN,Kayne Anderson Energy Infrastructure Fund Inc.,$11.68,-0.05,-0.426%,1590016270.00,United States,2004,155390,Finance,Finance/Investors Services
KYTX,Kyverna Therapeutics Inc. Common Stock,$5.32,0.20,3.906%,229541253.00,United States,2024,161083,Health Care,Biotechnology: Biological Products (No Diagnostic Substances)
KZIA,Kazia Therapeutics Limited American Depositary Shares,$4.66,-0.54,-10.385%,138821400.00,Australia,,249472,Health Care,Biotechnology: Pharmaceutical Preparations
KZR,Kezar Life Sciences Inc. Common Stock,$0.7725,-0.0132,-1.68%,56363315.00,United States,2018,1123770,Health Care,Biotechnology: Pharmaceutical Preparations
L,Loews Corporation Common Stock,$80.62,1.05,1.32%,17697421197.00,United States,,567421,Finance,Property-Casualty Insurers
LAAC,Lithium Americas (Argentina) Corp. Common Shares,$3.70,0.20,5.714%,596810000.00,Canada,2023,2478827,,
LAB,Standard BioTools Inc. Common Stock,$1.70,0.02,1.19%,630962601.00,United States,2011,2592247,Industrials,Biotechnology: Laboratory Analytical Instruments
LAC,Lithium Americas Corp. Common Shares,$4.14,0.46,12.50%,667782000.00,Canada,2023,23222288,Basic Materials,Metal Mining
LAD,Lithia Motors Inc. Common Stock,$339.25,6.15,1.846%,9071502594.00,United States,,245840,Consumer Discretionary,Retail-Auto Dealers and Gas Stations
LADR,Ladder Capital Corp Class A Common Stock,$11.29,0.01,0.089%,1443608348.00,United States,2014,620614,Real Estate,Real Estate Investment Trusts
LAES,SEALSQ Corp Ordinary Shares,$0.4224,0.0233,5.838%,9875712.00,Switzerland,,799385,Technology,Semiconductors
LAKE,Lakeland Industries Inc. Common Stock,$20.08,-0.17,-0.84%,148523808.00,United States,1986,20949,Health Care,Industrial Specialties
LAMR,Lamar Advertising Company Class A Common Stock,$134.84,0.15,0.111%,13794352194.00,United States,1996,270341,Real Estate,Real Estate Investment Trusts
LANC,Lancaster Colony Corporation Common Stock,$181.11,3.90,2.201%,4985414970.00,United States,,126341,Consumer Staples,Packaged Foods
LAND,Gladstone Land Corporation Common Stock,$13.30,0.10,0.758%,476651279.00,United States,1993,140859,Real Estate,Real Estate Investment Trusts
LANDM,Gladstone Land Corporation 5.00% Series D Cumulative Term Preferred Stock,$24.60,0.0586,0.239%,881625673.00,United States,,1792,Real Estate,Real Estate Investment Trusts
LANDO,Gladstone Land Corporation 6.00% Series B Cumulative Redeemable Preferred Stock,$21.56,-0.2999,-1.372%,772676810.00,United States,,8222,Real Estate,Real Estate Investment Trusts
LANDP,Gladstone Land Corporation 6.00% Series C Cumulative Redeemable Preferred Stock,$21.08,0.24,1.152%,755474357.00,United States,,27755,Real Estate,Real Estate Investment Trusts
LANV,Lanvin Group Holdings Limited Ordinary Shares,$1.84,-0.01,-0.541%,240986769.00,Cayman Islands,1996,1544,Finance,Blank Checks
LARK,Landmark Bancorp Inc. Common Stock,$20.05,-0.195,-0.963%,110323280.00,United States,,641,Finance,Major Banks
LASE,Laser Photonics Corporation Common Stock,$5.29,-0.57,-9.727%,64910559.00,United States,2022,1030068,Miscellaneous,Industrial Machinery/Components
LASR,nLIGHT Inc. Common Stock,$13.23,2.90,28.074%,636702495.00,United States,2018,1703769,Technology,Semiconductors
LATG,Chenghe Acquisition I Co. Class A Ordinary Shares,$11.66,0.00,0.00%,189475000.00,Mexico,2022,1,Finance,Blank Checks
LAUR,Laureate Education Inc. Common Stock,$15.33,0.03,0.196%,2338526623.00,United States,2017,306147,Real Estate,Other Consumer Services
LAW,CS Disco Inc. Common Stock,$5.93,0.11,1.89%,352718997.00,United States,2021,62935,Technology,Computer Software: Prepackaged Software
LAZ,Lazard Inc. Common Stock,$51.67,0.55,1.076%,4659083900.00,Bermuda,2005,775621,Finance,Investment Managers
LAZR,Luminar Technologies Inc.  Class A Common Stock,$0.935,0.1201,14.738%,461666102.00,United States,2019,66577889,Consumer Discretionary,Auto Parts:O.E.M.
LB,LandBridge Company LLC Class A Shares Representing Limited Liability Company Interests,$53.49,1.26,2.412%,3912879244.00,,2024,223219,Energy,Oil & Gas Production
LBGJ,Li Bang International Corporation Inc. Ordinary Shares,$4.30,0.49,12.861%,79636000.00,China,2024,135120,,
LBPH,Longboard Pharmaceuticals Inc. Common Stock,$59.68,0.08,0.134%,2321523413.00,United States,2021,973196,Health Care,Biotechnology: Pharmaceutical Preparations
LBRDA,Liberty Broadband Corporation Class A Common Stock,$80.92,-0.50,-0.614%,11559257651.00,United States,,100331,Telecommunications,Cable & Other Pay Television Services
LBRDK,Liberty Broadband Corporation Class C Common Stock,$81.34,-0.55,-0.672%,11619253798.00,United States,,581027,Telecommunications,Cable & Other Pay Television Services
LBRDP,Liberty Broadband Corporation Series A Cumulative Redeemable Preferred Stock,$23.80,-0.05,-0.21%,3399781662.00,United States,,9171,Telecommunications,Cable & Other Pay Television Services
LBRT,Liberty Energy Inc. Class A common stock,$17.54,-0.37,-2.066%,2866311115.00,United States,2018,2291120,Energy,Oilfield Services/Equipment
LBTYA,Liberty Global Ltd. Class A Common Shares,$20.90,0.10,0.481%,7637797595.00,United Kingdom,,1788427,Telecommunications,Cable & Other Pay Television Services
LBTYB,Liberty Global Ltd. Class B Common Shares,$20.60,0.00,0.00%,7528164137.00,United Kingdom,,95,Telecommunications,Cable & Other Pay Television Services
LBTYK,Liberty Global Ltd. Class C Common Shares,$21.50,0.07,0.327%,7857064512.00,United Kingdom,,979039,Telecommunications,Cable & Other Pay Television Services
LC,LendingClub Corporation Common Stock,$14.23,0.64,4.709%,1591152936.00,United States,2014,2128906,Finance,Finance: Consumer Services
LCFY,Locafy Limited Ordinary Share,$5.38,0.55,11.387%,6866214.00,Australia,2022,4819,Technology,Computer Software: Programming Data Processing
LCFYW,Locafy Limited Warrant,$6.39,0.59,10.172%,8155225.00,Australia,2022,1219,Technology,Computer Software: Programming Data Processing
LCID,Lucid Group Inc. Common Stock,$2.52,0.02,0.80%,5843569284.00,United States,,48559160,Consumer Discretionary,Auto Manufacturing
LCII,LCI Industries,$116.28,4.37,3.905%,2960744035.00,United States,1995,207315,Consumer Discretionary,Auto Parts:O.E.M.
LCNB,LCNB Corporation Common Stock,$15.16,0.24,1.609%,214547170.00,United States,,12917,Finance,Major Banks
LCTX,Lineage Cell Therapeutics Inc. Common Stock,$0.88,0.039,4.637%,166176890.00,United States,,404345,Health Care,Biotechnology: Biological Products (No Diagnostic Substances)
LCUT,Lifetime Brands Inc. Common Stock,$5.29,-0.11,-2.037%,117215354.00,United States,1991,90112,Consumer Discretionary,Industrial Machinery/Components
LDI,loanDepot Inc. Class A Common Stock,$2.17,0.09,4.327%,705584254.00,United States,2021,378135,Finance,Finance: Consumer Services
LDOS,Leidos Holdings Inc. Common Stock,$169.73,1.02,0.605%,22864955622.00,United States,,779288,Technology,EDP Services
LDP,Cohen & Steers Limited Duration Preferred and Income Fund Inc.,$21.03,-0.10,-0.473%,0.00,United States,2012,55125,Finance,Finance Companies
LDTC,LeddarTech Holdings Inc. Common Shares,$0.274,0.0023,0.847%,7883249.00,United States,2021,172092,Technology,Computer Software: Prepackaged Software
LDTCW,LeddarTech Holdings Inc. Warrants,$0.0201,-0.0059,-22.692%,578297.00,United States,2021,407,Technology,Computer Software: Prepackaged Software
LDWY,Lendway Inc. Common Stock (DE),$3.50,0.07,2.041%,6193597.00,United States,,2728,Consumer Discretionary,Advertising
LE,Lands' End Inc. Common Stock,$16.72,0.48,2.956%,521539887.00,United States,,128864,Consumer Discretionary,Clothing/Shoe/Accessory Stores
LEA,Lear Corporation Common Stock,$100.81,2.16,2.19%,5478144034.00,United States,,593568,Consumer Discretionary,Auto Parts:O.E.M.
LECO,Lincoln Electric Holdings Inc. Common Shares,$195.84,2.13,1.10%,11099281939.00,United States,,250356,Industrials,Industrial Machinery/Components
LEDS,SemiLEDS Corporation Common Stock,$1.2311,-0.0189,-1.512%,8859364.00,Taiwan,2010,16960,Technology,Semiconductors
LEE,Lee Enterprises Incorporated Common Stock,$17.17,0.66,3.998%,106291812.00,United States,,42463,Consumer Discretionary,Newspapers/Magazines
LEG,Leggett & Platt Incorporated Common Stock,$12.17,0.00,0.00%,1632804017.00,United States,,1933533,Consumer Discretionary,Home Furnishings
LEGH,Legacy Housing Corporation Common Stock (TX),$25.57,0.37,1.468%,621772598.00,United States,2018,62959,Consumer Discretionary,Homebuilding
LEGN,Legend Biotech Corporation American Depositary Shares,$45.30,0.56,1.252%,8240569886.00,United States,2020,1051733,Health Care,Biotechnology: Pharmaceutical Preparations
LEGT,Legato Merger Corp. III Ordinary Shares,$10.24,0.005,0.049%,0.00,,2024,61807,,
LEN,Lennar Corporation Class A Common Stock,$174.09,0.81,0.467%,47221015414.00,United States,,1376702,Consumer Discretionary,Homebuilding
LENZ,LENZ Therapeutics Inc. Common Stock,$28.50,1.48,5.477%,783654953.00,United States,2021,142449,Health Care,Biotechnology: Biological Products (No Diagnostic Substances)
LEO,BNY Mellon Strategic Municipals Inc. Common Stock,$6.28,0.01,0.159%,391186563.00,United States,1987,84779,Finance,Trusts Except Educational Religious and Charitable
LESL,Leslie's Inc. Common Stock,$2.88,0.06,2.128%,532548876.00,United States,2020,4501363,Consumer Discretionary,Other Specialty Stores
LEU,Centrus Energy Corp. Class A Common Stock,$93.88,7.89,9.175%,1528361143.00,United States,2014,1826819,Industrials,Mining & Quarrying of Nonmetallic Minerals (No Fuels)
LEV,The Lion Electric Company Common Shares,$0.6287,0.0095,1.534%,142221945.00,Canada,2021,154029,Consumer Discretionary,Auto Manufacturing
LEVI,Levi Strauss & Co Class A Common Stock,$17.66,0.18,1.03%,7006207774.00,United States,2019,2800161,Consumer Discretionary,Apparel
LEXX,Lexaria Bioscience Corp. Common Stock,$2.52,-0.13,-4.906%,39841717.00,Canada,,174562,Health Care,Biotechnology: Pharmaceutical Preparations
LEXXW,Lexaria Bioscience Corp. Warrant,$0.88,0.00,0.00%,13912980.00,Canada,,57,Health Care,Biotechnology: Pharmaceutical Preparations
LFCR,Lifecore Biomedical Inc. Common Stock,$5.62,0.125,2.275%,173648193.00,United States,,207614,Health Care,Biotechnology: Pharmaceutical Preparations
LFLY,Leafly Holdings Inc. Common Stock,$1.94,-0.0299,-1.518%,4987404.00,United States,2019,9983,Technology,Computer Software: Prepackaged Software
LFLYW,Leafly Holdings Inc. Warrant,$0.0379,0.004,11.799%,97434.00,United States,2019,13551,Technology,Computer Software: Prepackaged Software
LFMD,LifeMD Inc. Common Stock,$4.395,0.105,2.448%,189287670.00,United States,,241340,Health Care,Medical/Nursing Services
LFMDP,LifeMD Inc. 8.875% Series A Cumulative Perpetual Preferred Stock,$22.15,-0.075,-0.337%,953975404.00,United States,,1709,Health Care,Medical/Nursing Services
LFST,LifeStance Health Group Inc. Common Stock,$6.93,0.08,1.168%,2651575339.00,United States,2021,674106,Health Care,Medical/Nursing Services
LFT,Lument Finance Trust Inc. Common Stock,$2.53,-0.03,-1.172%,132256332.00,United States,2013,55512,Real Estate,Real Estate Investment Trusts
LFT^A,Lument Finance Trust Inc. 7.875% Series A Cumulative Redeemable Preferred Stock,$22.70,0.00,0.00%,,United States,,580,,
LFUS,Littelfuse Inc. Common Stock,$254.67,1.45,0.573%,6312833814.00,United States,,99769,Energy,Electrical Products
LFVN,Lifevantage Corporation Common Stock (Delaware),$13.49,-0.60,-4.258%,168344206.00,United States,,181150,Health Care,Biotechnology: Pharmaceutical Preparations
LFWD,Lifeward Ltd. Ordinary Shares,$2.50,0.14,5.932%,21934450.00,Israel,2014,28255,Health Care,Industrial Specialties
LGCB,Linkage Global Inc Ordinary Shares,$0.3022,-0.0677,-18.302%,6497300.00,Japan,2023,1650908,Consumer Discretionary,Catalog/Specialty Distribution
LGCL,Lucas GC Limited Ordinary Shares,$1.15,0.04,3.604%,91497795.00,China,2024,73484,Technology,Computer Software: Programming Data Processing
LGCY,Legacy Education Inc. Common Stock,$4.89,-0.37,-7.034%,58030422.00,,2024,58628,Real Estate,Other Consumer Services
LGHL,Lion Group Holding Ltd. American Depositary Share,$0.1933,-0.008,-3.974%,785161.00,China,,1067358,Finance,Investment Bankers/Brokers/Service
LGHLW,Lion Group Holding Ltd. Warrant,$0.0073,-0.0002,-2.667%,29652.00,China,,283311,Finance,Investment Bankers/Brokers/Service
LGI,Lazard Global Total Return and Income Fund Common Stock,$17.11,-0.11,-0.639%,0.00,United States,2004,43774,,
LGIH,LGI Homes Inc. Common Stock,$104.61,1.81,1.761%,2458364291.00,United States,2013,163391,Consumer Discretionary,Homebuilding
LGL,LGL Group Inc. (The) Common Stock,$5.98,0.18,3.103%,32130869.00,United States,1946,1522,Technology,Industrial Machinery/Components
LGMK,LogicMark Inc. Common Stock (NV),$0.1157,0.0113,10.824%,701765.00,United States,,18262243,Health Care,Industrial Specialties
LGND,Ligand Pharmaceuticals Incorporated Common Stock,$113.38,1.56,1.395%,2071333551.00,United States,,206878,Health Care,Biotechnology: Pharmaceutical Preparations
LGO,Largo Inc. Common Shares,$2.385,0.315,15.217%,152904735.00,Canada,,638178,Industrials,Mining & Quarrying of Nonmetallic Minerals (No Fuels)
LGTY,Logility Supply Chain Solutions Inc. Common Stock,$10.96,0.31,2.911%,368902706.00,United States,,139989,Technology,Computer Software: Prepackaged Software
LGVN,Longeveron Inc. Class A Common Stock,$2.18,-0.03,-1.357%,31303662.00,United States,2021,4763898,Health Care,Biotechnology: Pharmaceutical Preparations
LH,Labcorp Holdings Inc. Common Stock,$227.38,-1.25,-0.547%,19091569924.00,United States,,720472,Health Care,Medical Specialities
LHX,L3Harris Technologies Inc. Common Stock,$248.03,-4.78,-1.891%,47052578276.00,United States,,1033397,Industrials,Industrial Machinery/Components
LI,Li Auto Inc. American Depositary Shares,$29.13,0.34,1.181%,30502319106.00,China,2020,5320898,Consumer Discretionary,Auto Manufacturing
LICN,Lichen China Limited Class A Ordinary Shares,$1.87,0.03,1.63%,53762500.00,China,2023,1855533,Consumer Discretionary,Professional Services
LICY,Li-Cycle Holdings Corp. Common Shares,$2.09,-0.06,-2.791%,47025443.00,Canada,2021,296867,Industrials,Environmental Services
LIDR,AEye Inc. Class A Common Stock,$1.20,0.02,1.695%,10335703.00,United States,2021,168450,Consumer Discretionary,Auto Parts:O.E.M.
LIDRW,AEye Inc. Warrant,$0.012,0.0052,76.471%,103357.00,United States,2021,118053,Consumer Discretionary,Auto Parts:O.E.M.
LIEN,Chicago Atlantic BDC Inc. Common Stock,$12.98,-0.02,-0.154%,80670233.00,United States,2022,1385,Finance,Finance: Consumer Services
LIF,Life360 Inc. Common Stock,$43.93,1.11,2.592%,9771349900.00,United States,2024,147239,,
LIFW,MSP Recovery Inc. Class A Common Stock,$0.1397,-0.0017,-1.202%,20356049.00,United States,2020,1004549,Technology,EDP Services
LIFWW,MSP Recovery Inc. Warrant,$0.0028,-0.0004,-12.50%,407995.00,United States,,196679,Technology,EDP Services
LIFWZ,MSP Recovery Inc. Warrant,$0.0598,0.00,0.00%,8713613.00,United States,2020,25,Technology,EDP Services
LII,Lennox International Inc. Common Stock,$612.64,3.46,0.568%,21824246259.00,United States,1999,219915,Industrials,Industrial Machinery/Components
LILA,Liberty Latin America Ltd. Class A Common Stock,$9.94,-0.01,-0.101%,1951222000.00,United States,,183608,Telecommunications,Cable & Other Pay Television Services
LILAK,Liberty Latin America Ltd. Class C Common Stock,$9.81,0.00,0.00%,1925703000.00,United States,,370493,Telecommunications,Cable & Other Pay Television Services
LILM,Lilium NV Class A Ordinary Shares,$0.1391,-0.0099,-6.644%,83330637.00,Germany,,53722213,Industrials,Aerospace
LILMW,Lilium N.V. Warrants,$0.0256,0.0006,2.40%,15336192.00,Germany,,589925,Industrials,Aerospace
LIN,Linde plc Ordinary Shares,$476.00,2.24,0.473%,227291302812.00,United States,,1440395,Industrials,Major Chemicals
LINC,Lincoln Educational Services Corporation Common Stock,$12.81,0.39,3.14%,403193764.00,United States,2005,37340,Real Estate,Other Consumer Services
LIND,Lindblad Expeditions Holdings Inc. Common Stock,$9.91,0.39,4.097%,538299427.00,United States,2013,193363,Consumer Discretionary,Transportation Services
LINE,Lineage Inc. Common Stock,$76.23,-0.01,-0.013%,17356713031.00,United States,2024,395536,Real Estate,Real Estate Investment Trusts
LINK,Interlink Electronics Inc. Common Stock,$5.15,0.39,8.193%,50800702.00,United States,,154593,Technology,Computer peripheral equipment
LION,Lionsgate Studios Corp. Common Shares,$6.66,0.00,0.00%,1922616952.00,United States,,30963,Consumer Discretionary,Movies/Entertainment
LIPO,Lipella Pharmaceuticals Inc. Common Stock,$0.418,0.0072,1.753%,3345938.00,United States,2022,175339,Health Care,Biotechnology: Pharmaceutical Preparations
LIQT,LiqTech International Inc. Common Stock,$1.78,-0.21,-10.553%,10358304.00,Denmark,,36145,Technology,Industrial Machinery/Components
LITB,LightInTheBox Holding Co. Ltd. American Depositary Shares each representing twelve ordinary shares,$2.25,0.01,0.446%,41365269.00,China,,8036,Consumer Discretionary,Catalog/Specialty Distribution
LITE,Lumentum Holdings Inc. Common Stock,$64.96,0.59,0.917%,4417280000.00,United States,,772468,Telecommunications,Telecommunications Equipment
LITM,Snow Lake Resources Ltd. Common Shares,$0.3449,0.0639,22.74%,7008295.00,Canada,2021,951873,Basic Materials,Other Metals and Minerals
LIVE,Live Ventures Incorporated Common Stock,$10.41,0.58,5.90%,32600300.00,United States,,1480,Consumer Discretionary,Other Specialty Stores
LIVN,LivaNova PLC Ordinary Shares,$53.16,0.16,0.302%,2886479554.00,United Kingdom,,419764,Health Care,Biotechnology: Electromedical & Electrotherapeutic Apparatus
LIXT,Lixte Biotechnology Holdings Inc. Common Stock,$1.31,-0.29,-18.125%,2946570.00,United States,,631702,Health Care,Biotechnology: Pharmaceutical Preparations
LIXTW,Lixte Biotechnology Holdings Inc. Warrants,$0.0323,0.0067,26.172%,72652.00,United States,,3440,Health Care,Biotechnology: Pharmaceutical Preparations
LKCO,Luokung Technology Corp Ordinary Shares,$2.14,0.00,0.00%,5221016.00,China,,23303,Technology,EDP Services
LKFN,Lakeland Financial Corporation Common Stock,$66.76,3.89,6.187%,1702877429.00,United States,,126871,Finance,Major Banks
LKQ,LKQ Corporation Common Stock,$37.76,0.21,0.559%,9816086428.00,United States,2003,2573498,Consumer Discretionary,Motor Vehicles
LLAP,Terran Orbital Corporation Common Stock,$0.2491,0.0017,0.687%,50904959.00,United States,2021,2642886,Industrials,Military/Government/Technical
LLY,Eli Lilly and Company Common Stock,$895.59,2.89,0.324%,851191822519.00,United States,,2082972,Health Care,Biotechnology: Pharmaceutical Preparations
LLYVA,Liberty Media Corporation Series A Liberty Live Common Stock,$57.72,1.96,3.515%,5294304085.00,United States,,150402,Industrials,Broadcasting
LLYVK,Liberty Media Corporation Series C Liberty Live Common Stock,$59.21,1.96,3.424%,5430972711.00,United States,,486609,Industrials,Broadcasting
LMAT,LeMaitre Vascular Inc. Common Stock,$87.32,1.68,1.962%,1961979371.00,United States,2006,182334,Health Care,Medical/Dental Instruments
LMB,Limbach Holdings Inc. Common Stock,$77.31,0.16,0.207%,871523438.00,United States,,120958,Consumer Discretionary,Engineering & Construction
LMFA,LM Funding America Inc. Common Stock,$3.06,0.27,9.677%,8598600.00,United States,2015,143470,Finance,Finance: Consumer Services
LMND,Lemonade Inc. Common Stock,$18.64,0.21,1.139%,1323960932.00,United States,2020,993041,Finance,Property-Casualty Insurers
LMNR,Limoneira Co Common Stock,$26.33,0.38,1.464%,475306553.00,United States,,36354,Consumer Staples,Farming/Seeds/Milling
LMT,Lockheed Martin Corporation Common Stock,$555.17,-7.12,-1.266%,131594872511.00,United States,,1277777,Industrials,Military/Government/Technical
LNC,Lincoln National Corporation Common Stock,$32.66,0.64,1.999%,5558637547.00,United States,,1289264,Finance,Life Insurance
LNC^D,Lincoln National Corporation Depositary Shares Each Representing a 1/1000th Interest in a Share of 9.000% Non-Cumulative Preferred Stock Series D,$28.55,0.06,0.211%,,United States,,10688,,
LND,Brasilagro Brazilian Agric Real Estate Co Sponsored ADR (Brazil),$4.19,0.02,0.48%,428959664.00,Brazil,,50304,Consumer Staples,Farming/Seeds/Milling
LNG,Cheniere Energy Inc. Common Stock,$183.58,-1.35,-0.73%,41539222858.00,United States,2001,2242786,Utilities,Oil/Gas Transmission
LNKB,LINKBANCORP Inc. Common Stock,$6.55,0.07,1.08%,244733669.00,United States,,32137,Finance,Major Banks
LNN,Lindsay Corporation Common Stock,$121.16,-0.25,-0.206%,1318957332.00,United States,,63949,Industrials,Industrial Machinery/Components
LNSR,LENSAR Inc. Common Stock,$5.60,0.30,5.66%,65007124.00,United States,,64126,Health Care,Medical/Dental Instruments
LNT,Alliant Energy Corporation Common Stock,$61.14,0.40,0.659%,15682384016.00,United States,,1175250,Utilities,Power Generation
LNTH,Lantheus Holdings Inc. Common Stock,$110.10,-0.20,-0.181%,7644313684.00,United States,2015,399516,Health Care,Biotechnology: In Vitro & In Vivo Diagnostic Substances
LNW,Light & Wonder Inc. Common Stock,$95.69,0.56,0.589%,8490015923.00,United States,,616321,Technology,EDP Services
LNZA,LanzaTech Global Inc. Common Stock,$1.89,0.04,2.162%,373775977.00,United States,2021,243041,Industrials,Major Chemicals
LNZAW,LanzaTech Global Inc. Warrant,$0.1548,-0.0002,-0.129%,30614032.00,United States,2021,1556,Industrials,Major Chemicals
LOAN,Manhattan Bridge Capital Inc,$5.59,0.17,3.137%,63942059.00,United States,,31213,Real Estate,Real Estate Investment Trusts
LOAR,Loar Holdings Inc. Common Stock,$86.87,2.29,2.707%,7792549213.00,United States,2024,396902,Industrials,Military/Government/Technical
LOB,Live Oak Bancshares Inc. Common Stock,$40.85,1.20,3.026%,1839691556.00,United States,2022,285402,Finance,Major Banks
LOBO,LOBO EV TECHNOLOGIES LTD. Ordinary shares,$2.77,0.06,2.214%,21550600.00,China,2024,12035,Consumer Discretionary,Motor Vehicles
LOCL,Local Bounti Corporation Common Stock,$2.52,-0.01,-0.395%,21782454.00,,2021,2623,Consumer Staples,Farming/Seeds/Milling
LOCO,El Pollo Loco Holdings Inc. Common Stock,$12.55,-0.21,-1.646%,375600391.00,United States,2014,392774,Consumer Discretionary,Restaurants
LODE,Comstock Inc. Common Stock,$0.44,0.02,4.762%,92070821.00,United States,,1155130,Industrials,Major Chemicals
LOGC,ContextLogic Inc. Class A Common Stock,$6.59,0.17,2.648%,173149878.00,United States,2020,381830,Consumer Discretionary,Catalog/Specialty Distribution
LOGI,Logitech International S.A. Ordinary Shares,$83.72,3.01,3.729%,13289521081.00,United States,1997,637023,Technology,Computer peripheral equipment
LOMA,Loma Negra Compania Industrial Argentina Sociedad Anonima ADS,$9.14,-0.07,-0.76%,1066607198.00,Argentina,2017,456047,Industrials,Building Materials
LOOP,Loop Industries Inc. Common Stock,$1.48,0.17,12.977%,70477989.00,Canada,,64305,Industrials,Major Chemicals
LOPE,Grand Canyon Education Inc. Common Stock,$133.40,0.275,0.207%,3929619828.00,United States,2008,120117,Real Estate,Other Consumer Services
LOT,Lotus Technology Inc. American Depositary Shares,$4.29,-0.01,-0.233%,0.00,China,,107199,,
LOTWW,Lotus Technology Inc. Warrants,$0.2651,0.0001,0.038%,649753433.00,China,,5584,Consumer Discretionary,Auto Manufacturing
LOVE,The Lovesac Company Common Stock,$30.79,2.26,7.921%,479051572.00,United States,2018,502234,Consumer Discretionary,Other Specialty Stores
LOW,Lowe's Companies Inc. Common Stock,$267.97,0.33,0.123%,152017818467.00,United States,,2140335,Consumer Discretionary,RETAIL: Building Materials
LPA,Logistic Properties of the Americas Ordinary Shares,$7.88,-0.0284,-0.359%,249872806.00,,2024,22199,Finance,Real Estate
LPAA,Launch One Acquisition Corp. Class A Ordinary shares,$9.97,0.00,0.00%,0.00,United States,2024,2100,,
LPAAU,Launch One Acquisition Corp. Unit,$10.00,-0.0001,-0.001%,0.00,United States,2024,364,Finance,Blank Checks
LPBBU,Launch Two Acquisition Corp. Unit,$9.98,0.00,0.00%,0.00,United States,2024,58309,Finance,Blank Checks
LPCN,Lipocine Inc. Common Stock,$5.55,-0.22,-3.813%,29681067.00,United States,,40292,Health Care,Biotechnology: Pharmaceutical Preparations
LPG,Dorian LPG Ltd. Common Stock,$30.75,-0.28,-0.902%,1310548026.00,United States,2014,643140,Consumer Discretionary,Marine Transportation
LPL,LG Display Co Ltd AMERICAN DEPOSITORY SHARES,$3.70,0.09,2.493%,3700000000.00,South Korea,2004,142861,Technology,Industrial Machinery/Components
LPLA,LPL Financial Holdings Inc. Common Stock,$264.30,3.37,1.292%,19759831827.00,United States,2010,589497,Finance,Investment Bankers/Brokers/Service
LPRO,Open Lending Corporation Common Stock,$5.51,0.16,2.991%,657081760.00,United States,,276038,Finance,Finance: Consumer Services
LPSN,LivePerson Inc. Common Stock,$1.21,0.05,4.31%,107713883.00,United States,2000,1081899,Technology,Computer Software: Prepackaged Software
LPTH,LightPath Technologies Inc. Class A Common Stock,$1.70,0.04,2.41%,67239653.00,United States,1996,34286,Technology,Semiconductors
LPTX,Leap Therapeutics Inc. Common Stock,$4.15,0.55,15.278%,158797526.00,United States,,872478,Health Care,Biotechnology: Pharmaceutical Preparations
LPX,Louisiana-Pacific Corporation Common Stock,$102.19,1.42,1.409%,7181498615.00,United States,,484622,Basic Materials,Forest Products
LQDA,Liquidia Corporation Common Stock,$11.03,0.02,0.182%,847034445.00,United States,2018,646467,Health Care,Biotechnology: Pharmaceutical Preparations
LQDT,Liquidity Services Inc. Common Stock,$21.74,0.13,0.602%,663774354.00,United States,2006,72730,Consumer Discretionary,Business Services
LQR,LQR House Inc. Common Stock,$0.798,0.17,27.07%,4302199.00,United States,2023,371430,Consumer Staples,Beverages (Production/Distribution)
LRCX,Lam Research Corporation Common Stock,$75.45,-2.23,-2.871%,97791855624.00,United States,1984,10166753,Technology,Industrial Machinery/Components
LRE,Lead Real Estate Co. Ltd American Depositary Shares,$1.70,0.07,4.294%,23191230.00,Japan,2023,20043,Consumer Discretionary,Homebuilding
LRFC,Logan Ridge Finance Corporation Common Stock,$24.10,-0.20,-0.823%,64493094.00,United States,2013,2200,Finance,Finance: Consumer Services
LRHC,La Rosa Holdings Corp. Common Stock,$0.856,0.006,0.706%,14688960.00,United States,2023,1178339,Finance,Real Estate
LRMR,Larimar Therapeutics Inc. Common Stock,$8.01,0.00,0.00%,511091090.00,United States,2014,436484,Health Care,Biotechnology: Pharmaceutical Preparations
LRN,Stride Inc. Common Stock,$91.01,-0.24,-0.263%,3967357065.00,United States,,1539280,Real Estate,Other Consumer Services
LSAK,Lesaka Technologies Inc. Common Stock,$5.40,0.09,1.695%,341514090.00,South Africa,,35237,Finance,Investment Bankers/Brokers/Service
LSB,LakeShore Biopharma Co. Ltd Ordinary Shares,$3.011,-0.1179,-3.768%,57452144.00,China,,30615,Health Care,Biotechnology: Pharmaceutical Preparations
LSBK,Lake Shore Bancorp Inc. Common Stock,$13.47,0.00,0.00%,77277875.00,United States,2006,48,Finance,Savings Institutions
LSBPW,LakeShore Biopharma Co. Ltd Warrants,$0.0512,-0.0148,-22.424%,976935.00,China,,11875,Health Care,Biotechnology: Pharmaceutical Preparations
LSCC,Lattice Semiconductor Corporation Common Stock,$54.55,0.21,0.386%,7515475365.00,United States,,1553480,Technology,Semiconductors
LSEA,Landsea Homes Corporation Common Stock,$11.24,0.18,1.627%,407735406.00,United States,2018,88762,Consumer Discretionary,Homebuilding
LSEAW,Landsea Homes Corporation Warrant,$0.2377,0.009,3.935%,8622661.00,United States,2018,457,Consumer Discretionary,Homebuilding
LSF,Laird Superfood Inc. Common Stock,$7.24,-0.27,-3.595%,74240712.00,,2020,258397,Consumer Staples,Packaged Foods
LSH,Lakeside Holding Limited Common Stock,$2.64,0.11,4.348%,19800000.00,United States,2024,4109,,
LSPD,Lightspeed Commerce Inc. Subordinate Voting Shares,$14.93,0.15,1.015%,2287846610.00,Canada,,421634,Technology,Computer Software: Prepackaged Software
LSTA,Lisata Therapeutics Inc. Common Stock,$2.88,-0.02,-0.69%,23960448.00,United States,,6955,Health Care,Misc Health and Biotechnology Services
LSTR,Landstar System Inc. Common Stock,$181.64,2.49,1.39%,6439606813.00,United States,1993,274040,Industrials,Trucking Freight/Courier Services
LTBR,Lightbridge Corporation Common Stock,$9.08,1.73,23.537%,132531026.00,United States,,5789078,Consumer Discretionary,Professional Services
LTC,LTC Properties Inc. Common Stock,$35.94,0.46,1.297%,1563076747.00,United States,,244350,Real Estate,Real Estate Investment Trusts
LTH,Life Time Group Holdings Inc. Common Stock,$23.00,-0.51,-2.169%,4585961421.00,United States,2021,1214830,Consumer Discretionary,Hotels/Resorts
LTM,LATAM Airlines Group S.A. American Depositary Shares (each representing two thousand (2000) shares of Common Stock),$27.85,0.23,0.833%,8416851926.00,,2024,195974,Consumer Discretionary,Air Freight/Delivery Services
LTRN,Lantern Pharma Inc. Common Stock,$3.66,0.32,9.581%,39398894.00,United States,2020,81172,Health Care,Biotechnology: Pharmaceutical Preparations
LTRX,Lantronix Inc. Common Stock,$4.06,-0.01,-0.246%,153862941.00,United States,2000,195632,Telecommunications,Computer Communications Equipment
LTRY,Lottery.com Inc. Common Stock,$0.443,-0.006,-1.336%,4088072.00,United States,2023,68546,Technology,Computer Software: Prepackaged Software
LTRYW,Lottery.com Inc. Warrants,$0.0075,-0.0024,-24.242%,69211.00,United States,2023,158413,Technology,Computer Software: Prepackaged Software
LU,Lufax Holding Ltd American Depositary Shares each representing two (2) Ordinary Shares,$2.74,-0.03,-1.083%,2374593600.00,China,,2285803,Finance,Finance: Consumer Services
LUCD,Lucid Diagnostics Inc. Common Stock,$0.9699,0.0715,7.959%,52365186.00,United States,2021,616115,Health Care,Medical/Dental Instruments
LUCY,Innovative Eyewear Inc. Common Stock,$5.98,0.14,2.397%,9392003.00,United States,2022,30850,Health Care,Ophthalmic Goods
LUCYW,Innovative Eyewear Inc. Series A Warrants 8/16/27,$0.0442,0.0102,30.00%,69419.00,United States,2022,2817,Health Care,Ophthalmic Goods
LULU,lululemon athletica inc. Common Stock,$307.54,3.39,1.115%,39332050839.00,Canada,2007,1619059,Consumer Discretionary,Apparel
LUMN,Lumen Technologies Inc. Common Stock,$6.41,-0.03,-0.466%,6517752446.00,United States,,12620389,Telecommunications,Telecommunications Equipment
LUMO,Lumos Pharma Inc. Common Stock,$4.45,0.05,1.136%,36151965.00,United States,2011,110220,Health Care,Biotechnology: Pharmaceutical Preparations
LUNA,Luna Innovations Incorporated Common Stock,$1.81,0.00,0.00%,61465140.00,United States,2006,66522,Health Care,Biotechnology: Commercial Physical & Biological Resarch
LUNG,Pulmonx Corporation Common Stock,$6.21,0.18,2.985%,243137354.00,United States,2020,233079,Health Care,Medical/Dental Instruments
LUNR,Intuitive Machines Inc. Class A Common Stock,$8.22,0.23,2.879%,1056693437.00,United States,2021,14197680,Industrials,Industrial Machinery/Components
LUNRW,Intuitive Machines Inc. Warrants,$2.62,0.13,5.221%,336804964.00,United States,2021,374119,Industrials,Industrial Machinery/Components
LUV,Southwest Airlines Company Common Stock,$30.30,0.87,2.956%,18154457676.00,United States,,13044343,Consumer Discretionary,Air Freight/Delivery Services
LUXH,LuxUrban Hotels Inc. Common Stock,$0.0477,-0.0047,-8.969%,6527944.00,United States,2022,24695047,Finance,Real Estate
LUXHP,LuxUrban Hotels Inc. 13.00% Series A Cumulative Redeemable Preferred Stock,$14.5199,0.7199,5.217%,1987108790.00,United States,,669,Finance,Real Estate
LVLU,Lulu's Fashion Lounge Holdings Inc. Common Stock,$1.555,0.07,4.714%,64955287.00,United States,2021,16915,Consumer Discretionary,Catalog/Specialty Distribution
LVO,LiveOne Inc. Common Stock,$0.6606,0.0757,12.942%,65371203.00,United States,,839841,Consumer Discretionary,Restaurants
LVRO,Lavoro Limited Class A Ordinary Shares,$4.36,0.36,9.00%,508412314.00,Brazil,,12424,Consumer Discretionary,Other Specialty Stores
LVROW,Lavoro Limited Warrant,$0.2666,-0.0134,-4.786%,31087781.00,Brazil,,33936,Consumer Discretionary,Other Specialty Stores
LVS,Las Vegas Sands Corp. Common Stock,$53.62,0.86,1.63%,39487469255.00,United States,2004,4213735,Consumer Discretionary,Hotels/Resorts
LVTX,LAVA Therapeutics N.V. Ordinary Shares,$2.035,0.035,1.75%,53498292.00,Netherlands,2021,198459,Health Care,Biotechnology: Pharmaceutical Preparations
LVWR,LiveWire Group Inc. Common Stock,$5.84,0.14,2.456%,1186981448.00,United States,2022,26525,Consumer Discretionary,Motor Vehicles
LW,Lamb Weston Holdings Inc. Common Stock ,$77.65,0.73,0.949%,11072717306.00,United States,2016,1877869,Consumer Staples,Packaged Foods
LWAY,Lifeway Foods Inc. Common Stock,$26.37,0.07,0.266%,390031998.00,United States,,48010,Consumer Staples,Packaged Foods
LWLG,Lightwave Logic Inc. Common Stock,$3.55,0.23,6.928%,428543096.00,United States,,351182,Industrials,Containers/Packaging
LX,LexinFintech Holdings Ltd. American Depositary Shares,$3.31,0.19,6.09%,544206679.00,China,2017,2838356,Finance,Finance: Consumer Services
LXEH,Lixiang Education Holding Co. Ltd. American Depositary Shares,$3.27,-0.80,-19.656%,3815011.00,China,2020,128038,Real Estate,Other Consumer Services
LXEO,Lexeo Therapeutics Inc. Common Stock,$9.83,0.33,3.474%,324989669.00,United States,2023,152113,Health Care,Biotechnology: Biological Products (No Diagnostic Substances)
LXFR,Luxfer Holdings PLC Ordinary Shares,$12.86,0.50,4.045%,352192666.00,United Kingdom,2012,202676,Industrials,Major Chemicals
LXP,LXP Industrial Trust Common Stock (Maryland REIT),$9.45,0.03,0.318%,2781515930.00,United States,,975550,Real Estate,Real Estate Investment Trusts
LXP^C,LXP Industrial Trust 6.5% Series C Cumulative Convertible Preferred Stock,$51.8814,0.00,0.00%,,United States,,2,,
LXRX,Lexicon Pharmaceuticals Inc. Common Stock,$1.86,0.06,3.333%,672375669.00,United States,,3047946,Health Care,Biotechnology: Pharmaceutical Preparations
LXU,LSB Industries Inc. Common Stock,$8.78,0.12,1.386%,628833530.00,United States,2003,269830,Industrials,Major Chemicals
LYB,LyondellBasell Industries NV Ordinary Shares Class A (Netherlands),$87.72,0.22,0.251%,28516825852.00,Netherlands,,1645330,Industrials,Major Chemicals
LYEL,Lyell Immunopharma Inc. Common Stock,$0.936,0.009,0.971%,239618914.00,United States,2021,3460428,Health Care,Biotechnology: Pharmaceutical Preparations
LYFT,Lyft Inc. Class A Common Stock,$13.89,0.48,3.579%,5697086328.00,United States,2019,10916409,Consumer Discretionary,Business Services
LYG,Lloyds Banking Group Plc American Depositary Shares,$2.90,-0.05,-1.695%,178299259065.00,United Kingdom,,14231388,Finance,Commercial Banks
LYRA,Lyra Therapeutics Inc. Common Stock,$0.2533,0.0034,1.361%,16580191.00,United States,2020,1003831,Health Care,Medical/Dental Instruments
LYT,Lytus Technologies Holdings PTV. Ltd. Common Shares,$1.82,-0.10,-5.208%,3391093.00,United Arab Emirates,2022,54186,Technology,EDP Services
LYTS,LSI Industries Inc. Common Stock,$16.66,0.40,2.46%,495540355.00,United States,1985,81542,Consumer Discretionary,Building Products
LYV,Live Nation Entertainment Inc. Common Stock,$118.43,2.11,1.814%,27489230347.00,United States,,1786097,Consumer Discretionary,Services-Misc. Amusement & Recreation
LZ,LegalZoom.com Inc. Common Stock,$7.11,0.20,2.894%,1248600950.00,United States,2021,893901,Technology,EDP Services
LZB,La-Z-Boy Incorporated Common Stock,$39.81,0.51,1.298%,1665142504.00,United States,,330020,Consumer Discretionary,Home Furnishings
LZM,Lifezone Metals Limited Ordinary Shares,$6.28,0.17,2.782%,491535299.00,Isle of Man,,30156,Basic Materials,Metal Mining
M,Macy's Inc Common Stock,$15.51,0.12,0.78%,4302061682.00,United States,,3372886,Consumer Discretionary,Department/Specialty Retail Stores
MA,Mastercard Incorporated Common Stock,$508.21,0.85,0.168%,469502179251.00,United States,2006,2186402,Consumer Discretionary,Business Services
MAA,Mid-America Apartment Communities Inc. Common Stock,$153.79,0.47,0.307%,17974390644.00,United States,1994,315359,Real Estate,Real Estate Investment Trusts
MAA^I,Mid-America Apartment Communities Inc. 8.50% Series I Cumulative Redeemable Preferred Stock,$58.06,-0.455,-0.778%,,United States,,425,,
MAC,Macerich Company (The) Common Stock,$18.46,0.36,1.989%,3987200173.00,United States,1994,1019136,Real Estate,Real Estate Investment Trusts
MACI,Melar Acquisition Corp. I Class A Ordinary Shares,$9.99,-0.05,-0.498%,0.00,United States,2024,342,,
MAG,MAG Silver Corporation Ordinary Shares,$17.76,0.33,1.893%,1832434442.00,Canada,,666059,Basic Materials,Precious Metals
MAIA,MAIA Biotechnology Inc. Common Stock,$2.51,0.00,0.00%,60007102.00,,2022,29637,Health Care,Biotechnology: Pharmaceutical Preparations
MAIN,Main Street Capital Corporation Common Stock,$52.03,0.35,0.677%,4530453924.00,United States,2007,297274,Finance,Finance/Investors Services
MAMA,Mama's Creations Inc. Common Stock,$7.71,0.13,1.715%,289722471.00,United States,,153547,Consumer Staples,Specialty Foods
MAMO,Massimo Group Common Stock,$3.93,0.01,0.255%,162397366.00,United States,2024,165142,Consumer Discretionary,Industrial Specialties
MAN,ManpowerGroup Common Stock,$63.87,0.96,1.526%,3030496479.00,United States,,833671,Consumer Discretionary,Professional Services
MANH,Manhattan Associates Inc. Common Stock,$275.39,-0.31,-0.112%,16866521069.00,United States,1998,418054,Technology,Computer Software: Prepackaged Software
MANU,Manchester United Ltd. Class A Ordinary Shares,$15.90,-0.06,-0.376%,2692152511.00,United Kingdom,2012,235345,Consumer Discretionary,Services-Misc. Amusement & Recreation
MAPS,WM Technology Inc. Class A Common Stock ,$0.8198,-0.011,-1.324%,124965894.00,United States,2019,498383,Technology,Computer Software: Prepackaged Software
MAPSW,WM Technology Inc. Warrants ,$0.0289,-0.0005,-1.701%,4405360.00,United States,2019,2630,Technology,Computer Software: Prepackaged Software
MAR,Marriott International Class A Common Stock,$262.55,0.43,0.164%,73913802213.00,United States,,1127482,Consumer Discretionary,Hotels/Resorts
MARA,MARA Holdings Inc. Common Stock,$18.94,1.88,11.02%,5577349341.00,United States,,60215156,Technology,EDP Services
MARPS,Marine Petroleum Trust Units of Beneficial Interest,$4.04,0.0329,0.821%,8080000.00,United States,,5281,Energy,Oil & Gas Production
MARX,Mars Acquisition Corp. Ordinary Shares,$11.05,0.00,0.00%,0.00,United States,2023,115,Finance,Blank Checks
MARXU,Mars Acquisition Corp. Unit,$11.21,0.00,0.00%,0.00,United States,2023,600,Finance,Blank Checks
MAS,Masco Corporation Common Stock,$81.68,0.42,0.517%,17826565170.00,United States,,2641939,Industrials,Industrial Specialties
MASI,Masimo Corporation Common Stock,$140.71,1.38,0.99%,7485314270.00,United States,2007,401149,Health Care,Biotechnology: Electromedical & Electrotherapeutic Apparatus
MASS,908 Devices Inc. Common Stock,$3.39,0.10,3.04%,117486477.00,United States,2020,94809,Industrials,Industrial Machinery/Components
MAT,Mattel Inc. Common Stock,$19.72,0.72,3.789%,6702828000.00,United States,,4054488,Consumer Discretionary,Recreational Games/Products/Toys
MATH,Metalpha Technology Holding Limited Ordinary Shares,$1.17,-0.03,-2.50%,43231500.00,China,2017,550,Finance,Finance/Investors Services
MATV,Mativ Holdings Inc. Common Stock,$16.10,0.35,2.222%,874664459.00,United States,,163562,Basic Materials,Paper
MATW,Matthews International Corporation Class A Common Stock,$23.55,0.73,3.199%,720574045.00,United States,1994,104514,Telecommunications,Metal Fabrications
MATX,Matson Inc. Common Stock,$133.18,-0.13,-0.098%,4472089443.00,United States,,133086,Consumer Discretionary,Marine Transportation
MAV,Pioneer Municipal High Income Advantage Fund Inc.,$8.5707,-0.0093,-0.108%,0.00,United States,,19539,Finance,Finance Companies
MAX,MediaAlpha Inc. Class A Common Stock,$19.60,0.16,0.823%,1299546287.00,United States,2020,437852,Consumer Discretionary,Business Services
MAXN,Maxeon Solar Technologies Ltd. Ordinary Shares,$6.47,0.76,13.31%,91686946.00,Singapore,,689808,Technology,Semiconductors
MAYS,J. W. Mays Inc. Common Stock,$44.0194,0.5194,1.194%,88733426.00,United States,,3039,Real Estate,Building operators
MBAV,M3-Brigade Acquisition V Corp. Class A Ordinary shares,$10.02,0.00,0.00%,0.00,United States,2024,200075,,
MBAVU,M3-Brigade Acquisition V Corp. Units,$10.14,0.06,0.595%,0.00,United States,2024,242,Finance,Blank Checks
MBAVW,M3-Brigade Acquisition V Corp. Warrant,$0.1501,-0.0099,-6.188%,0.00,United States,2024,500,Finance,Blank Checks
MBC,MasterBrand Inc. Common Stock,$18.51,0.54,3.005%,2352051910.00,United States,2022,513218,Consumer Discretionary,Home Furnishings
MBCN,Middlefield Banc Corp. Common Stock,$28.00,0.84,3.093%,225988896.00,United States,,8671,Finance,Major Banks
MBI,MBIA Inc. Common Stock,$3.78,0.03,0.80%,192886422.00,United States,1987,166151,Finance,Property-Casualty Insurers
MBIN,Merchants Bancorp Common Stock,$43.89,0.93,2.165%,2008299616.00,United States,2017,125970,Finance,Major Banks
MBINM,Merchants Bancorp Depositary Shares Each Representing a 1/40th Interest in a Share of 8.25% Fixed-Rate Reset Series D Non-Cumulative Perpetual Preferred Stock,$25.86,-0.13,-0.50%,1183290683.00,United States,,22476,Finance,Major Banks
MBINN,Merchants Bancorp Depositary Shares Preferred Series C,$23.39,0.10,0.429%,1070269492.00,United States,,4630,Finance,Major Banks
MBINO,Merchants Bancorp Depositary Shares Each Representing a 1/40th Interest in a Share of Series B  Fixed-to-Floating Rate,$25.20,0.03,0.119%,1153090688.00,United States,,14407,Finance,Major Banks
MBIO,Mustang Bio Inc. Common Stock,$0.302,0.0121,4.174%,11244252.00,United States,,1738946,Health Care,Biotechnology: Pharmaceutical Preparations
MBLY,Mobileye Global Inc. Class A Common Stock,$13.02,0.35,2.762%,1296116614.00,Israel,2022,3475820,Technology,Computer Software: Prepackaged Software
MBNKP,Medallion Bank Fixed-to-Floating Rate Non-Cumulative Perpetual Preferred Stock Series F,$25.35,0.06,0.237%,587328091.00,United States,2019,3835,Finance,Commercial Banks
MBOT,Microbot Medical Inc. Common Stock,$0.9741,-0.0027,-0.276%,16076968.00,Israel,,210540,Health Care,Biotechnology: Biological Products (No Diagnostic Substances)
MBRX,Moleculin Biotech Inc. Common Stock,$2.62,0.045,1.748%,7440800.00,United States,2016,10622,Health Care,Biotechnology: Pharmaceutical Preparations
MBUU,Malibu Boats Inc. Class A Common Stock,$41.91,1.39,3.43%,838732383.00,United States,2014,123011,Industrials,Marine Transportation
MBWM,Mercantile Bank Corporation Common Stock,$44.29,1.65,3.87%,714737227.00,United States,1998,38950,Finance,Major Banks
MBX,MBX Biosciences Inc. Common Stock,$19.86,-1.38,-6.497%,598852442.00,United States,2024,163347,Health Care,Biotechnology: Pharmaceutical Preparations
MC,Moelis & Company Class A Common Stock,$67.04,1.15,1.745%,5022521826.00,United States,2014,580047,Finance,Investment Managers
MCAA,Mountain & Co. I Acquisition Corp. Class A Ordinary Shares,$11.72,-0.07,-0.594%,0.00,United States,2021,84159,Finance,Blank Checks
MCAAW,Mountain & Co. I Acquisition Corp. Warrant,$0.0113,0.00,0.00%,0.00,United States,2021,13652,Finance,Blank Checks
MCAG,Mountain Crest Acquisition Corp. V Common Stock,$11.37,0.00,0.00%,0.00,United States,2021,57,Finance,Blank Checks
MCAGU,Mountain Crest Acquisition Corp. V Unit,$11.30,0.19,1.71%,0.00,United States,2021,1776,Finance,Blank Checks
MCB,Metropolitan Bank Holding Corp. Common Stock,$56.21,3.43,6.499%,629154933.00,United States,2017,50638,Finance,Major Banks
MCBS,MetroCity Bankshares Inc. Common Stock,$30.55,0.88,2.966%,773890034.00,United States,2019,34705,Finance,Major Banks
MCD,McDonald's Corporation Common Stock,$296.79,4.18,1.429%,212900302277.00,United States,,6643865,Consumer Discretionary,Restaurants
MCFT,MasterCraft Boat Holdings Inc. Common Stock,$17.41,0.69,4.127%,289229736.00,United States,2015,127262,Industrials,Marine Transportation
MCHP,Microchip Technology Incorporated Common Stock,$77.20,0.91,1.193%,41418191944.00,United States,1993,3654547,Technology,Semiconductors
MCHX,Marchex Inc. Class B Common Stock,$1.64,-0.03,-1.796%,71639046.00,United States,2004,48563,Consumer Discretionary,Business Services
MCI,Barings Corporate Investors Common Stock,$19.65,-0.11,-0.557%,398142778.00,United States,,17326,Finance,Trusts Except Educational Religious and Charitable
MCK,McKesson Corporation Common Stock,$508.95,1.54,0.304%,65998988020.00,United States,,634630,Health Care,Other Pharmaceuticals
MCN,Madison Covered Call & Equity Strategy Fund Common Stock,$6.97,0.02,0.288%,0.00,United States,2004,47081,,
MCO,Moody's Corporation Common Stock,$462.14,-0.66,-0.143%,84155694000.00,United States,,455161,Finance,Finance: Consumer Services
MCR,MFS Charter Income Trust Common Stock,$6.35,0.04,0.634%,279453213.00,United States,1989,138856,Finance,Trusts Except Educational Religious and Charitable
MCRB,Seres Therapeutics Inc. Common Stock,$0.70,-0.0049,-0.695%,106211697.00,United States,2015,2510764,Health Care,Biotechnology: Pharmaceutical Preparations
MCRI,Monarch Casino & Resort Inc. Common Stock,$79.12,0.04,0.051%,1459931497.00,United States,1993,123279,Consumer Discretionary,Hotels/Resorts
MCS,Marcus Corporation (The) Common Stock,$16.81,0.15,0.90%,540838300.00,United States,,233020,Consumer Discretionary,Movies/Entertainment
MCVT,Mill City Ventures III Ltd. Common Stock,$2.11,-0.03,-1.402%,13472888.00,United States,,2303,Finance,Finance Companies
MCW,Mister Car Wash Inc. Common Stock,$6.49,0.03,0.464%,2088669509.00,United States,2021,1322118,Consumer Discretionary,Automotive Aftermarket
MCY,Mercury General Corporation Common Stock,$67.84,0.80,1.193%,3756377256.00,United States,,185123,Finance,Property-Casualty Insurers
MD,Pediatrix Medical Group Inc. Common Stock,$12.86,0.45,3.626%,1104234715.00,United States,,307533,Health Care,Hospital/Nursing Management
MDAI,Spectral AI Inc. Class A Common Stock,$1.53,0.19,14.179%,26937742.00,United States,2021,1623630,Health Care,Medical/Dental Instruments
MDAIW,Spectral AI Inc. Warrants,$0.1188,0.01,9.191%,2091636.00,United States,2021,8348,Health Care,Medical/Dental Instruments
MDB,MongoDB Inc. Class A Common Stock,$272.18,3.44,1.28%,20105787990.00,United States,2017,732928,Technology,Computer Software: Prepackaged Software
MDBH,MDB Capital Holdings LLC Class A common,$6.56,-0.21,-3.102%,28179346.00,United States,2023,5232,Finance,Finance: Consumer Services
MDGL,Madrigal Pharmaceuticals Inc. Common Stock,$217.00,6.33,3.005%,4711650909.00,United States,2007,209198,Health Care,Biotechnology: Pharmaceutical Preparations
MDIA,Mediaco Holding Inc. Class A Common Stock ,$1.27,-0.02,-1.55%,59312376.00,United States,,61428,Consumer Discretionary,Broadcasting
MDJH,MDJM LTD Ordinary Share,$0.6125,-0.0255,-3.997%,7151070.00,China,2019,9171,Finance,Real Estate
MDLZ,Mondelez International Inc. Class A Common Stock,$69.54,0.31,0.448%,92891372475.00,United States,,4821038,Consumer Staples,Packaged Foods
MDRR,Medalist Diversified REIT Inc. Common Stock,$12.01,-0.0001,-0.001%,13428261.00,United States,2018,518,Real Estate,Real Estate Investment Trusts
MDRRP,Medalist Diversified REIT Inc. Series A Cumulative Redeemable Preferred Stock,$24.25,0.00,0.00%,27113683.00,United States,,79,Real Estate,Real Estate Investment Trusts
MDT,Medtronic plc. Ordinary Shares,$90.60,0.01,0.011%,116193638666.00,United States,,4241893,Health Care,Biotechnology: Electromedical & Electrotherapeutic Apparatus
MDU,MDU Resources Group Inc. Common Stock (Holding Company),$29.62,0.84,2.919%,6039169580.00,United States,,1909522,Industrials,Mining & Quarrying of Nonmetallic Minerals (No Fuels)
MDV,Modiv Industrial Inc. Class C Common Stock,$17.52,-0.24,-1.351%,166341906.00,,2022,36975,Real Estate,Real Estate Investment Trusts
MDV^A,Modiv Industrial Inc. 7.375% Series A Cumulative Redeemable Perpetual Preferred Stock,$24.75,0.00,0.00%,,,,228,,
MDWD,MediWound Ltd. Ordinary Shares,$17.57,0.09,0.515%,189580300.00,Israel,2014,22125,Health Care, Medicinal Chemicals and Botanical Products 
MDXG,MiMedx Group Inc Common Stock,$5.86,0.01,0.171%,860300781.00,United States,,389948,Health Care,Biotechnology: Pharmaceutical Preparations
MDXH,MDxHealth SA Ordinary Shares,$2.08,-0.02,-0.952%,56759233.00,Belgium,2021,34211,Health Care,Medical Specialities
ME,23andMe Holding Co. Class A Common Stock,$4.85,0.18,3.854%,125308422.00,United States,,226612,Health Care,Biotechnology: Pharmaceutical Preparations
MEC,Mayville Engineering Company Inc. Common Stock,$20.90,0.91,4.552%,430948177.00,United States,2019,70117,Industrials,Industrial Specialties
MED,MEDIFAST INC Common Stock,$17.84,0.42,2.411%,195123537.00,United States,,120120,Consumer Staples,Packaged Foods
MEDP,Medpace Holdings Inc. Common Stock,$329.35,-0.87,-0.263%,10236725289.00,United States,2016,283855,Health Care,Biotechnology: Commercial Physical & Biological Resarch
MEG,Montrose Environmental Group Inc. Common Stock,$26.92,0.39,1.47%,921469958.00,United States,2020,238250,Consumer Discretionary,Professional Services
MEGI,NYLI CBRE Global Infrastructure Megatrends Term Fund Common Shares,$14.36,0.13,0.914%,0.00,United States,2021,93062,Finance,Investment Managers
MEGL,Magic Empire Global Limited Ordinary Shares,$0.4631,-0.0157,-3.279%,9380599.00,Hong Kong,2022,159166,Finance,Finance: Consumer Services
MEI,Methode Electronics Inc. Common Stock,$9.53,0.34,3.70%,335885422.00,United States,,325818,Technology,Electrical Products
MEIP,MEI Pharma Inc. Common Stock,$3.085,0.355,13.004%,20554914.00,United States,2003,552430,Health Care,Biotechnology: Pharmaceutical Preparations
MELI,MercadoLibre Inc. Common Stock,$2056.09,8.74,0.427%,104238495297.00,Argentina,2007,286172,Consumer Discretionary,Business Services
MEOH,Methanex Corporation Common Stock,$40.02,-0.54,-1.331%,2696847430.00,Canada,,149911,Industrials,Major Chemicals
MER^K,Bank of America Corporation Income Capital Obligation Notes initially due December 15 2066,$26.24,0.18,0.691%,,United States,,19207,,
MERC,Mercer International Inc. Common Stock,$6.73,0.20,3.063%,450040309.00,Canada,,433783,Basic Materials,Paper
MESA,Mesa Air Group Inc. Common Stock,$0.9197,0.031,3.488%,37995769.00,United States,2018,151828,Consumer Discretionary,Air Freight/Delivery Services
MESO,Mesoblast Limited American Depositary Shares,$9.11,0.53,6.177%,1040165324.00,Australia,2015,131211,Health Care,Biotechnology: Biological Products (No Diagnostic Substances)
MET,MetLife Inc. Common Stock,$83.09,0.70,0.85%,58189991371.00,United States,2000,2698377,Finance,Life Insurance
MET^A,MetLife Inc. Preferred Series A Floating Rate,$24.50,-0.09,-0.366%,,United States,,13035,,
MET^E,MetLife Inc. Depositary shares each representing a 1/1000th interest in a share of the Issuera??s 5.625% Non-Cumulative Preferred Stock Series E.,$24.82,0.00,0.00%,,United States,,35365,,
MET^F,MetLife Inc. Depositary Shares each representing a 1/1000th interest in a share of 4.75% Non-Cumulative Preferred Stock Series F,$22.23,-0.09,-0.403%,,United States,,67178,,
META,Meta Platforms Inc. Class A Common Stock,$578.16,4.91,0.857%,1462638853914.00,United States,2012,10903360,Technology,Computer Software: Programming Data Processing
METC,Ramaco Resources Inc. Class A Common Stock,$10.30,0.09,0.881%,540211495.00,United States,2017,393304,Energy,Coal Mining
METCB,Ramaco Resources Inc. Class B Common Stock,$10.29,0.07,0.685%,539687018.00,United States,,4575,Energy,Coal Mining
METCL,Ramaco Resources Inc. 9.00% Senior Notes due 2026,$25.725,0.035,0.136%,1349217546.00,United States,,1352,Energy,Coal Mining
MFA,MFA Financial Inc.,$12.29,0.10,0.82%,1254594675.00,United States,,888152,Real Estate,Real Estate Investment Trusts
MFA^B,MFA Financial Inc. Preferred Series B,$22.21,-0.14,-0.626%,,United States,,31261,,
MFA^C,MFA Financial Inc. 6.50% Series C Fixed-to-Floating Rate Cumulative Redeemable Preferred Stock,$23.90,0.0455,0.191%,,United States,,18511,,
MFAN,MFA Financial Inc. 8.875% Senior Notes due 2029,$25.65,0.06,0.234%,2618417690.00,United States,2024,17538,Real Estate,Real Estate Investment Trusts
MFAO,MFA Financial Inc. 9.000% Senior Notes due 2029,$25.54,-0.02,-0.078%,2607188608.00,United States,2024,24486,Real Estate,Real Estate Investment Trusts
MFC,Manulife Financial Corporation Common Stock,$30.23,0.44,1.477%,53756279300.00,Canada,,1124101,Finance,Life Insurance
MFG,Mizuho Financial Group Inc. Sponosred ADR (Japan),$4.12,0.03,0.733%,52294438835.00,Japan,,1515100,Finance,Major Banks
MFH,Mercurity Fintech Holding Inc. Ordinary Shares,$1.29,0.04,3.20%,78457667.00,China,2015,13670,Finance,Finance: Consumer Services
MFI,mF International Limited Class A Ordinary Shares,$0.8504,-0.0784,-8.441%,11269218.00,Hong Kong,2024,205110,Technology,EDP Services
MFIC,MidCap Financial Investment Corporation Common Stock,$13.54,0.05,0.371%,1269784964.00,United States,2004,256504,Finance,Finance/Investors Services
MFICL,MidCap Financial Investment Corporation 8.00% Notes due 2028,$25.56,-0.01,-0.039%,2397023906.00,United States,,2899,Finance,Finance/Investors Services
MFIN,Medallion Financial Corp. Common Stock,$9.19,0.12,1.323%,212920914.00,United States,,116879,Finance,Finance: Consumer Services
MFM,MFS Municipal Income Trust Common Stock,$5.50,-0.01,-0.181%,226531971.00,United States,1986,122133,Finance,Finance Companies
MG,Mistras Group Inc Common Stock,$11.11,0.37,3.445%,344159136.00,United States,2009,128741,Consumer Discretionary,Military/Government/Technical
MGA,Magna International Inc. Common Stock,$42.96,0.98,2.334%,12341552881.00,Canada,,756665,Consumer Discretionary,Auto Parts:O.E.M.
MGEE,MGE Energy Inc,$91.69,1.01,1.114%,3316967171.00,United States,,73457,Energy,Electric Utilities: Central
MGF,MFS Government Markets Income Trust Common Stock,$3.185,0.015,0.473%,103822697.00,United States,1987,26404,Finance,Trusts Except Educational Religious and Charitable
MGIC,Magic Software Enterprises Ltd. Ordinary Shares,$11.32,0.14,1.252%,555804133.00,Israel,1991,21462,Technology,Computer Software: Prepackaged Software
MGIH,Millennium Group International Holdings Limited Ordinary Shares,$1.67,-0.02,-1.183%,18787500.00,Hong Kong,2023,10004,Consumer Discretionary,Publishing
MGLD,The Marygold Companies Inc. Common Stock,$1.36,-0.11,-7.483%,54530764.00,,2022,859,Finance,Finance: Consumer Services
MGM,MGM Resorts International Common Stock,$41.72,1.36,3.37%,12673272802.00,United States,,3277226,Consumer Discretionary,Hotels/Resorts
MGNI,Magnite Inc. Common Stock,$12.80,0.33,2.646%,1806681293.00,United States,,1674409,Technology,Computer Software: Programming Data Processing
MGNX,MacroGenics Inc. Common Stock,$3.52,0.03,0.86%,220782299.00,United States,2013,429384,Health Care,Biotechnology: Pharmaceutical Preparations
MGOL,MGO Global Inc. Common Stock,$2.49,0.02,0.81%,6493472.00,United States,2023,49494,Consumer Discretionary,Apparel
MGPI,MGP Ingredients Inc.,$58.69,1.32,2.301%,1290504713.00,United States,,282435,Consumer Staples,Beverages (Production/Distribution)
MGR,Affiliated Managers Group Inc. 5.875% Junior Subordinated Notes due 2059,$24.93,0.07,0.282%,743262197.00,United States,2019,16388,Finance,Investment Managers
MGRB,Affiliated Managers Group Inc. 4.750% Junior Subordinated Notes due 2060,$20.19,0.13,0.648%,601943994.00,United States,2020,10183,Finance,Investment Managers
MGRC,McGrath RentCorp Common Stock,$115.15,0.98,0.858%,2826939179.00,United States,1984,389785,Consumer Discretionary,Diversified Commercial Services
MGRD,Affiliated Managers Group Inc. 4.200% Junior Subordinated Notes due 2061,$17.76,0.21,1.197%,529496054.00,United States,2021,9260,Finance,Investment Managers
MGRE,Affiliated Managers Group Inc. 6.750% Junior Subordinated Notes due 2064,$25.68,0.09,0.352%,0.00,United States,2024,26896,,
MGRM,Monogram Technologies Inc. Common Stock,$2.48,0.03,1.224%,78620794.00,United States,2023,100880,Health Care,Medical/Dental Instruments
MGRX,Mangoceuticals Inc. Common Stock,$2.39,-0.03,-1.24%,5736000.00,United States,2023,80737,Health Care,Misc Health and Biotechnology Services
MGTX,MeiraGTx Holdings plc Ordinary Shares,$5.88,0.02,0.341%,453818400.00,United States,2018,173557,Health Care,Biotechnology: Biological Products (No Diagnostic Substances)
MGX,Metagenomi Inc. Common Stock,$2.00,0.00,0.00%,74857988.00,United States,2024,444760,Health Care,Biotechnology: Biological Products (No Diagnostic Substances)
MGY,Magnolia Oil & Gas Corporation Class A Common Stock,$25.57,-0.43,-1.654%,5091489553.00,United States,2017,1532632,Energy,Oil & Gas Production
MGYR,Magyar Bancorp Inc. Common Stock,$12.3658,-0.0042,-0.034%,80256119.00,United States,2006,343,Finance,Savings Institutions
MHD,Blackrock MuniHoldings Fund Inc. Common Stock,$12.16,-0.11,-0.896%,1808951647.00,United States,1997,128537,Finance,Investment Bankers/Brokers/Service
MHF,Western Asset Municipal High Income Fund Inc. Common Stock,$6.97,-0.10,-1.414%,0.00,United States,1988,153340,Finance,Finance/Investors Services
MHH,Mastech Digital Inc Common Stock,$10.06,0.40,4.141%,117525749.00,United States,,4528,Consumer Discretionary,Professional Services
MHI,Pioneer Municipal High Income Fund Inc.,$9.36,0.065,0.699%,0.00,United States,2003,39228,Finance,Investment Managers
MHK,Mohawk Industries Inc. Common Stock,$131.71,0.83,0.634%,8313150080.00,United States,,1561665,Consumer Discretionary,Home Furnishings
MHLA,Maiden Holdings Ltd. 6.625% Notes due 2046,$16.82,-0.26,-1.522%,1678204601.00,Bermuda,2016,597,Finance,Property-Casualty Insurers
MHLD,Maiden Holdings Ltd.,$1.64,0.04,2.50%,163629937.00,Bermuda,2008,51613,Finance,Property-Casualty Insurers
MHN,Blackrock MuniHoldings New York Quality Fund Inc. Common Stock,$10.62,-0.11,-1.025%,1579857442.00,United States,1997,36121,Finance,Investment Bankers/Brokers/Service
MHNC,Maiden Holdings North America Ltd. 7.75% Notes due 2043,$19.00,0.59,3.205%,1895712688.00,Bermuda,2013,22284,Finance,Property-Casualty Insurers
MHO,M/I Homes Inc. Common Stock,$160.24,2.88,1.83%,4392460102.00,United States,1993,171881,Consumer Discretionary,Homebuilding
MHUA,Meihua International Medical Technologies Co. Ltd. Ordinary Shares,$0.7499,0.0747,11.063%,19092454.00,China,2022,911117,Health Care,Medical/Dental Instruments
MI,NFT Limited Class A Ordinary Share,$8.31,0.03,0.362%,25677966.00,,2023,1334,Consumer Discretionary,Other Specialty Stores
MIDD,Middleby Corporation (The) Common Stock,$140.27,2.62,1.903%,7542254358.00,United States,,456524,Industrials,Industrial Machinery/Components
MIGI,Mawson Infrastructure Group Inc. Common Stock,$1.85,0.23,14.198%,34324166.00,Australia,,554286,Finance,Finance: Consumer Services
MIN,MFS Intermediate Income Trust Common Stock,$2.72,0.01,0.369%,312521937.00,United States,1988,104792,Finance,Trusts Except Educational Religious and Charitable
MIND,MIND Technology Inc. Common Stock (DE),$3.64,0.09,2.535%,5117036.00,United States,1994,40943,Industrials,Industrial Machinery/Components
MIO,Pioneer Municipal High Income Opportunities Fund Inc. Common Stock,$12.05,0.02,0.166%,0.00,,2021,23251,Finance,Investment Managers
MIR,Mirion Technologies Inc. Class A Common Stock,$14.21,-0.15,-1.045%,3299950473.00,United States,2020,2754554,Industrials,Industrial Machinery/Components
MIRA,MIRA Pharmaceuticals Inc. Common Stock,$1.57,0.28,21.705%,23205989.00,United States,2023,23250300,Health Care,Biotechnology: Pharmaceutical Preparations
MIRM,Mirum Pharmaceuticals Inc. Common Stock,$39.54,0.65,1.671%,1886342846.00,United States,2019,203126,Health Care,Biotechnology: Pharmaceutical Preparations
MIST,Milestone Pharmaceuticals Inc. Common Shares,$1.45,0.01,0.694%,77240869.00,Canada,2019,248439,Health Care,Biotechnology: Pharmaceutical Preparations
MITA,Coliseum Acquisition Corp. Class A Ordinary Share,$11.1285,0.0185,0.167%,0.00,United States,2024,714,Finance,Blank Checks
MITK,Mitek Systems Inc. Common Stock,$8.71,-0.03,-0.343%,402435281.00,United States,,318705,Technology,Computer peripheral equipment
MITN,AG Mortgage Investment Trust Inc. 9.500% Senior Notes due 2029,$25.56,0.07,0.275%,753840671.00,United States,2024,1350,Real Estate,Real Estate Investment Trusts
MITP,AG Mortgage Investment Trust Inc. 9.500% Senior Notes due 2029,$25.54,-0.01,-0.039%,753250811.00,United States,2024,1951,Real Estate,Real Estate Investment Trusts
MITQ,Moving iMage Technologies Inc. Common Stock,$0.68,-0.02,-2.857%,6729858.00,United States,2021,33825,Consumer Discretionary,Industrial Machinery/Components
MITT,AG Mortgage Investment Trust Inc. Common Stock,$7.22,-0.04,-0.551%,212939344.00,United States,2011,114093,Real Estate,Real Estate Investment Trusts
MITT^A,AG Mortgage Investment Trust Inc. 8.25% Preferred Series A,$22.8513,-0.1887,-0.819%,,United States,,5520,,
MITT^B,AG Mortgage Investment Trust Inc. Preferred Series B,$22.38,-0.24,-1.061%,,United States,,45940,,
MITT^C,AG Mortgage Investment Trust Inc. 8.00% Series C Fixed-to-Floating Rate Cumulative Redeemable Preferred Stock $0.01 par value per share,$25.10,-0.0385,-0.153%,,United States,,7825,,
MIY,Blackrock MuniYield Michigan Quality Fund Inc. Common Stock,$11.58,-0.12,-1.026%,1722669414.00,United States,1992,42855,Finance,Investment Bankers/Brokers/Service
MKC,McCormick & Company Incorporated Common Stock,$78.33,0.47,0.604%,21020407413.00,United States,,1088861,Consumer Staples,Packaged Foods
MKDW,MKDWELL Tech Inc. Ordinary Share,$0.9619,-0.0081,-0.835%,16148706.00,Taiwan,,39846,Technology,Consumer Electronics/Appliances
MKFG,Markforged Holding Corporation Common Stock,$4.53,0.03,0.667%,92071725.00,United States,2020,49937,Technology,Computer peripheral equipment
MKL,Markel Group Inc. Common Stock,$1564.00,14.20,0.916%,20246582140.00,United States,1986,46834,Finance,Property-Casualty Insurers
MKSI,MKS Instruments Inc. Common Stock,$102.46,1.51,1.496%,6894286881.00,United States,1999,1046362,Industrials,Industrial Machinery/Components
MKTW,MarketWise Inc. Class A Common Stock,$0.6221,0.0444,7.686%,196561903.00,United States,,348520,Technology,Computer Software: Prepackaged Software
MKTX,MarketAxess Holdings Inc. Common Stock,$288.79,2.34,0.817%,10902392860.00,United States,2004,298063,Finance,Investment Bankers/Brokers/Service
ML,MoneyLion Inc. Class A Common Stock,$46.11,0.67,1.474%,505755460.00,United States,2020,103231,Finance,Finance: Consumer Services
MLAB,Mesa Laboratories Inc. Common Stock,$112.90,-0.14,-0.124%,610694503.00,United States,,40721,Industrials,Industrial Machinery/Components
MLCO,Melco Resorts & Entertainment Limited American Depositary Shares,$6.99,0.26,3.863%,3098152228.00,Hong Kong,2006,1702453,Consumer Discretionary,Hotels/Resorts
MLEC,Moolec Science SA Ordinary Shares,$0.8899,0.00,0.00%,0.00,Luxembourg,,5474,Finance,Blank Checks
MLECW,Moolec Science SA Warrant,$0.0399,0.00,0.00%,0.00,Luxembourg,,51,Finance,Blank Checks
MLGO,MicroAlgo Inc. Ordinary Shares,$0.2396,0.0077,3.32%,1824493.00,United States,2021,12133697,Technology,EDP Services
MLI,Mueller Industries Inc. Common Stock,$83.06,1.21,1.478%,9446837323.00,United States,,932799,Industrials,Metal Fabrications
MLKN,MillerKnoll Inc. Common Stock,$23.60,0.11,0.468%,1632306555.00,United States,,476808,Consumer Discretionary,Office Equipment/Supplies/Services
MLM,Martin Marietta Materials Inc. Common Stock,$578.27,8.06,1.414%,35342158238.00,United States,1994,430342,Industrials,Mining & Quarrying of Nonmetallic Minerals (No Fuels)
MLNK,MeridianLink Inc. Common Stock,$21.22,0.38,1.823%,1608276383.00,United States,2021,175728,Technology,Computer Software: Prepackaged Software
MLP,Maui Land & Pineapple Company Inc. Common Stock,$22.21,0.64,2.967%,437297354.00,United States,1998,5295,Finance,Real Estate
MLR,Miller Industries Inc. Common Stock,$67.76,1.76,2.667%,776108946.00,United States,,88810,Consumer Discretionary,Construction/Ag Equipment/Trucks
MLSS,Milestone Scientific Inc. Common Stock,$0.7797,-0.0003,-0.038%,60261231.00,United States,2015,15124,Health Care,Industrial Specialties
MLTX,MoonLake Immunotherapeutics Class A Ordinary Shares,$48.05,1.35,2.891%,3069621587.00,United States,2020,144463,Health Care,Biotechnology: Pharmaceutical Preparations
MLYS,Mineralys Therapeutics Inc. Common Stock,$13.89,0.28,2.057%,690703516.00,United States,2023,98601,Health Care,Biotechnology: Pharmaceutical Preparations
MMA,Alta Global Group Limited Ordinary Shares,$2.29,0.24,11.707%,23513001.00,,2024,32927,Consumer Discretionary,Other Consumer Services
MMC,Marsh & McLennan Companies Inc. Common Stock,$221.84,0.53,0.239%,108950400437.00,United States,,1008313,Finance,Specialty Insurers
MMD,NYLI MacKay DefinedTerm Muni Opportunities Fund Common Shares,$16.63,0.08,0.483%,0.00,United States,2012,128696,Finance,Investment Managers
MMI,Marcus & Millichap Inc. Common Stock,$38.19,0.17,0.447%,1479072845.00,United States,2013,40438,Finance,Real Estate
MMLP,Martin Midstream Partners L.P. Limited Partnership,$4.00,0.00,0.00%,156004344.00,United States,2002,154933,Energy,Oil Refining/Marketing
MMM,3M Company Common Stock,$130.29,5.54,4.441%,70950540906.00,United States,,5238373,Health Care,Medical/Dental Instruments
MMS,Maximus Inc. Common Stock,$86.76,-0.41,-0.47%,5220956780.00,United States,1997,228309,Consumer Discretionary,Business Services
MMSI,Merit Medical Systems Inc. Common Stock,$95.31,-0.69,-0.719%,5547855566.00,United States,,348416,Health Care,Medical/Dental Instruments
MMT,MFS Multimarket Income Trust Common Stock,$4.76,0.015,0.316%,283449932.00,United States,1987,92113,Finance,Trusts Except Educational Religious and Charitable
MMU,Western Asset Managed Municipals Fund Inc. Common Stock,$10.325,-0.035,-0.338%,0.00,United States,1992,127429,Finance,Investment Managers
MMV,MultiMetaVerse Holdings Limited Class A Ordinary Share,$0.4437,0.0144,3.354%,14663803.00,Hong Kong,2021,78990,Technology,Computer Software: Prepackaged Software
MMVWW,MultiMetaVerse Holdings Limited Warrant,$0.0302,0.00,0.00%,998077.00,Hong Kong,2021,44,Technology,Computer Software: Prepackaged Software
MMYT,MakeMyTrip Limited Ordinary Shares,$102.25,-0.46,-0.448%,11225259194.00,India,2010,569045,Consumer Discretionary,Transportation Services
MNDO,MIND C.T.I. Ltd. Ordinary Shares,$1.95,0.015,0.775%,39243411.00,Israel,,68763,Technology,EDP Services
MNDR,Mobile-health Network Solutions Class A Ordinary Shares,$0.4645,-0.0132,-2.763%,16021400.00,Singapore,2024,536164,Technology,Computer Software: Prepackaged Software
MNDY,monday.com Ltd. Ordinary Shares,$297.35,-2.26,-0.754%,14547522557.00,Israel,2021,318079,Technology,Computer Software: Prepackaged Software
MNKD,MannKind Corporation Common Stock,$6.82,0.28,4.281%,1875466152.00,United States,2004,2438672,Health Care,Biotechnology: Pharmaceutical Preparations
MNMD,Mind Medicine (MindMed) Inc. Common Shares,$6.65,0.60,9.917%,541509500.00,United States,,1123904,Health Care, Medicinal Chemicals and Botanical Products 
MNOV,Medicinova Inc Common Stock,$1.625,-0.035,-2.108%,79700150.00,United States,,18152,Health Care,Biotechnology: Pharmaceutical Preparations
MNPR,Monopar Therapeutics Inc. Common Stock,$17.83,0.90,5.316%,62768108.00,United States,2019,2343346,Health Care,Biotechnology: Pharmaceutical Preparations
MNR,Mach Natural Resources LP Common Units representing Limited Partner Interests,$16.65,0.31,1.897%,1582410822.00,,2023,147986,Energy,Oil & Gas Production
MNRO,Monro Inc. Common Stock,$27.86,0.36,1.309%,833595327.00,United States,1991,544575,Consumer Discretionary,Automotive Aftermarket
MNSB,MainStreet Bancshares Inc. Common Stock,$17.76,-0.23,-1.278%,135020720.00,United States,,6122,Finance,Major Banks
MNSBP,MainStreet Bancshares Inc. Depositary Shares,$23.9999,0.5899,2.52%,182459672.00,United States,,692,Finance,Major Banks
MNSO,MINISO Group Holding Limited American Depositary Shares each representing four Ordinary Shares,$19.24,1.83,10.511%,6078347380.00,China,2020,3292242,Consumer Discretionary,Department/Specialty Retail Stores
MNST,Monster Beverage Corporation,$53.10,-0.27,-0.506%,52013784648.00,United States,,3208604,Consumer Staples,Beverages (Production/Distribution)
MNTK,Montauk Renewables Inc. Common Stock,$5.75,0.23,4.167%,825777039.00,United States,2021,118380,Utilities,Natural Gas Distribution
MNTN,Everest Consolidator Acquisition Corporation Class A Common Stock,$11.38,0.00,0.00%,0.00,,2022,13900,Finance,Blank Checks
MNTS,Momentus Inc. Class A Common Stock,$0.47,-0.0319,-6.356%,12003997.00,United States,2019,1744302,Industrials,Military/Government/Technical
MNTSW,Momentus Inc. Warrant,$0.0101,-0.0004,-3.81%,257958.00,United States,2019,53795,Industrials,Military/Government/Technical
MNTX,Manitex International Inc. Common Stock,$5.70,0.00,0.00%,116264941.00,United States,,79579,Technology,Industrial Machinery/Components
MNY,MoneyHero Limited Class A Ordinary Shares,$1.16,0.06,5.455%,44701186.00,Singapore,,197321,Consumer Discretionary,Business Services
MNYWW,MoneyHero Limited Warrants,$0.037,0.0005,1.37%,1425814.00,Singapore,,810,Consumer Discretionary,Business Services
MO,Altria Group Inc.,$50.25,0.54,1.086%,85737772482.00,United States,,6313466,Health Care, Medicinal Chemicals and Botanical Products 
MOB,Mobilicom Limited American Depositary Shares,$1.46,0.075,5.415%,9272289.00,Israel,2022,319457,Industrials,Aerospace
MOBBW,Mobilicom Limited Warrants,$0.194,0.044,29.333%,338819655.00,Israel,2022,1024,Industrials,Aerospace
MOBX,Mobix Labs Inc. Class A Common Stock,$0.7598,0.031,4.254%,23241677.00,United States,2021,78423,Technology,Semiconductors
MOBXW,Mobix Labs Inc Warrants,$0.1287,0.0161,14.298%,3936831.00,United States,2021,177,Technology,Semiconductors
MOD,Modine Manufacturing Company Common Stock,$131.06,3.81,2.994%,6869323795.00,United States,,618458,Consumer Discretionary,Auto Parts:O.E.M.
MODD,Modular Medical Inc. Common Stock,$2.225,0.005,0.225%,72449131.00,United States,,44099,Health Care,Medical/Dental Instruments
MODG,Topgolf Callaway Brands Corp. Common Stock,$9.98,0.17,1.733%,1834373830.00,United States,,2472864,Consumer Discretionary,Recreational Games/Products/Toys
MODV,ModivCare Inc. Common Stock,$15.48,1.07,7.425%,220437940.00,United States,2003,251192,Consumer Discretionary,Transportation Services
MOFG,MidWestOne Financial Gp Common Stock,$29.23,0.97,3.432%,461058470.00,United States,,95603,Finance,Major Banks
MOGO,Mogo Inc. Common Shares,$0.99,-0.02,-1.98%,24227280.00,Canada,,76730,Finance,Finance: Consumer Services
MOGU,MOGU Inc. American Depositary Shares (each  representing 25 Class A Ordinary Shares),$2.15,-0.0082,-0.38%,17664424.00,,2018,716,Consumer Discretionary,Business Services
MOH,Molina Healthcare Inc Common Stock,$315.20,-10.34,-3.176%,18029440000.00,United States,2003,834412,Health Care,Medical Specialities
MOLN,Molecular Partners AG American Depositary Shares,$6.46,-0.03,-0.462%,234848759.00,Switzerland,2021,38836,Health Care,Biotechnology: Biological Products (No Diagnostic Substances)
MOMO,Hello Group Inc. American Depositary Shares,$7.08,0.19,2.758%,1327801580.00,China,2014,565670,Technology,Computer Software: Prepackaged Software
MOND,Mondee Holdings Inc. Class A Common Stock,$1.30,0.10,8.333%,113640973.00,United States,2021,63719,Consumer Discretionary,Transportation Services
MORN,Morningstar Inc. Common Stock,$334.18,1.00,0.30%,14315847126.00,United States,2005,119631,Finance,Investment Managers
MOS,Mosaic Company (The) Common Stock,$27.25,0.31,1.151%,8682874110.00,United States,,2805110,Industrials,Agricultural Chemicals
MOV,Movado Group Inc. Common Stock,$18.77,0.30,1.624%,417099319.00,United States,,160193,Consumer Discretionary,Consumer Specialties
MOVE,Movano Inc. Common Stock,$0.2656,0.0024,0.912%,26280717.00,United States,2021,1291939,Health Care,Biotechnology: Electromedical & Electrotherapeutic Apparatus
MP,MP Materials Corp. Common Stock,$18.88,0.24,1.288%,3122437252.00,United States,2020,2689396,Basic Materials,Metal Mining
MPA,Blackrock MuniYield Pennsylvania Quality Fund Common Stock,$12.03,-0.09,-0.743%,0.00,United States,1992,23495,Finance,Finance Companies
MPAA,Motorcar Parts  of America Inc. Common Stock,$5.42,-0.15,-2.693%,107064431.00,United States,,52188,Consumer Discretionary,Auto Parts:O.E.M.
MPB,Mid Penn Bancorp Common Stock,$32.25,1.16,3.731%,538459416.00,United States,,42956,Finance,Major Banks
MPC,Marathon Petroleum Corporation Common Stock,$151.07,-1.29,-0.847%,50560719434.00,United States,,3899021,Energy,Integrated oil Companies
MPLN,MultiPlan Corporation Class A Common Stock,$10.21,0.52,5.366%,164821000.00,United States,2020,67986,Consumer Discretionary,Business Services
MPLX,MPLX LP Common Units Representing Limited Partner Interests,$43.77,-0.16,-0.364%,44670985228.00,United States,2012,1255336,Energy,Natural Gas Distribution
MPTI,M-tron Industries Inc. Common Stock,$51.13,0.31,0.61%,143602644.00,,2022,20465,Technology,Industrial Machinery/Components
MPU,Mega Matrix Inc. Class A Ordinary Shares,$1.50,0.23,18.11%,57827738.00,United States,1998,526336,Consumer Discretionary,Diversified Commercial Services
MPV,Barings Participation Investors Common Stock,$17.315,-0.015,-0.087%,183568436.00,United States,1988,9893,Finance,Finance Companies
MPW,Medical Properties Trust Inc. common stock,$4.66,0.04,0.866%,2796932000.00,United States,2005,7468482,Real Estate,Real Estate Investment Trusts
MPWR,Monolithic Power Systems Inc. Common Stock,$890.46,-10.83,-1.202%,43411705920.00,United States,2004,631220,Technology,Semiconductors
MPX,Marine Products Corporation Common Stock,$9.50,0.10,1.064%,329773538.00,United States,2001,19612,Industrials,Marine Transportation
MQ,Marqeta Inc. Class A Common Stock,$5.78,0.48,9.057%,2938367213.00,United States,2021,5810560,Technology,Computer Software: Prepackaged Software
MQT,Blackrock MuniYield Quality Fund II Inc. Common Stock,$10.36,-0.07,-0.671%,1541179200.00,United States,1992,35986,Finance,Investment Bankers/Brokers/Service
MQY,Blackrock MuniYield Quality Fund Inc. Common Stock,$12.47,-0.09,-0.717%,1855068013.00,United States,1992,157697,Finance,Investment Bankers/Brokers/Service
MRAM,Everspin Technologies Inc. Common Stock,$6.51,0.14,2.198%,141548011.00,United States,2016,63110,Technology,Semiconductors
MRBK,Meridian Corporation Common Stock,$13.62,0.43,3.26%,152419718.00,United States,2017,23506,Finance,Major Banks
MRC,MRC Global Inc. Common Stock,$12.26,-0.15,-1.209%,1044999895.00,United States,2012,450581,Industrials,Industrial Machinery/Components
MRCC,Monroe Capital Corporation Common Stock,$8.01,0.04,0.502%,173547383.00,United States,2012,39890,Finance,Investment Managers
MRCY,Mercury Systems Inc Common Stock,$33.66,0.24,0.718%,1999619963.00,United States,1998,268810,Technology,Electrical Products
MREO,Mereo BioPharma Group plc American Depositary Shares,$4.20,-0.06,-1.408%,588741791.00,United Kingdom,,496947,Health Care,Biotechnology: Pharmaceutical Preparations
MRIN,Marin Software Incorporated Common Stock,$2.14,0.01,0.469%,6695566.00,United States,,25283,Technology,EDP Services
MRK,Merck & Company Inc. Common Stock (new),$104.23,0.25,0.24%,264203174590.00,United States,,6966395,Health Care,Biotechnology: Pharmaceutical Preparations
MRKR,Marker Therapeutics Inc. Common Stock,$4.32,-0.005,-0.116%,38546042.00,United States,,17461,Health Care,Biotechnology: Pharmaceutical Preparations
MRM,MEDIROM Healthcare Technologies Inc. American Depositary Share,$2.57,-0.1954,-7.066%,12548025.00,Japan,2020,18498,Consumer Discretionary,Other Consumer Services
MRNA,Moderna Inc. Common Stock,$54.80,1.71,3.221%,21064902444.00,United States,2018,5010063,Health Care,Biotechnology: Biological Products (No Diagnostic Substances)
MRNO,Murano Global Investments PLC Ordinary Shares,$7.79,0.00,0.00%,617301981.00,Mexico,,227,Consumer Discretionary,Hotels/Resorts
MRNS,Marinus Pharmaceuticals Inc. Common Stock,$0.3735,-0.0316,-7.801%,20573888.00,United States,2014,8047305,Health Care,Biotechnology: Pharmaceutical Preparations
MRO,Marathon Oil Corporation Common Stock,$26.11,-0.35,-1.323%,14605501175.00,United States,,3979261,Energy,Oil & Gas Production
MRSN,Mersana Therapeutics Inc. Common Stock,$2.04,0.14,7.368%,250257104.00,United States,2017,321113,Health Care,Biotechnology: Pharmaceutical Preparations
MRT,Marti Technologies Inc. Class A Ordinary Shares,$2.10,0.0254,1.224%,119775797.00,,2021,131564,Consumer Discretionary,Rental/Leasing Companies
MRTN,Marten Transport Ltd. Common Stock,$15.83,0.05,0.317%,1288798801.00,United States,1986,241361,Industrials,Trucking Freight/Courier Services
MRUS,Merus N.V. Common Shares,$52.82,-0.24,-0.452%,3602877501.00,Netherlands,2016,603990,Health Care,Biotechnology: Pharmaceutical Preparations
MRVI,Maravai LifeSciences Holdings Inc. Class A Common Stock,$7.21,0.19,2.707%,1818631791.00,United States,2020,1769971,Health Care,Biotechnology: Pharmaceutical Preparations
MRVL,Marvell Technology Inc. Common Stock,$83.44,1.83,2.242%,72275728000.00,United States,2000,6650106,Technology,Semiconductors
MRX,Marex Group plc Ordinary Shares,$25.58,0.16,0.629%,1811526589.00,United Kingdom,2024,472272,Finance,Investment Bankers/Brokers/Service
MS,Morgan Stanley Common Stock,$119.13,2.25,1.925%,192736093765.00,United States,,5993981,Finance,Investment Bankers/Brokers/Service
MS^A,Morgan Stanley Dep Shs repstg 1/1000 Pfd Ser A,$23.22,-0.05,-0.215%,,United States,,31877,,
MS^E,Morgan Stanley DEPOSITARY SHARES REP 1/1000TH SHARES FIXED/FLTG PREFERRED STOCK SERIES E,$25.39,0.08,0.316%,,United States,,30001,,
MS^F,Morgan Stanley Dep Shs Rpstg 1/1000th Int Prd Ser F Fxd to Flag,$25.39,0.05,0.197%,,United States,,33792,,
MS^I,Morgan Stanley Depository Shares Representing 1/1000th Preferred Series 1 Fixed to Floating Non (Cum),$25.45,0.03,0.118%,,United States,,48628,,
MS^K,Morgan Stanley Depositary Shares each representing 1/1000th of a share of Fixed-to-Floating Rate Non-Cumulative Preferred Stock  Series K,$25.31,0.09,0.357%,,United States,,42800,,
MS^L,Morgan Stanley Depositary Shares each representing 1/1000th of a share of 4.875% Non-Cumulative Preferred Stock Series L,$23.39,-0.02,-0.085%,,United States,,33518,,
MS^O,Morgan Stanley Depositary Shares each representing 1/1000th of a share of 4.250% Non-Cumulative Preferred Stock Series O,$19.82,0.01,0.05%,,United States,,157447,,
MS^P,Morgan Stanley Depositary Shares each representing 1/1000th of a share of 6.500% Non-Cumulative Preferred Stock Series P,$26.16,-0.02,-0.076%,,United States,,47477,,
MS^Q,Morgan Stanley Depositary Shares each representing 1/1000th of a share of 6.625% Non-Cumulative Preferred Stock Series Q,$26.59,-0.01,-0.038%,,United States,,47688,,
MSA,MSA Safety Incorporated Common Stock,$167.06,0.94,0.566%,6574311011.00,United States,2000,177517,Health Care,Industrial Specialties
MSAI,MultiSensor AI Holdings Inc. Common Stock,$1.9457,-0.0393,-1.98%,46365652.00,United States,2021,13642,Technology,Electronic Components
MSAIW,MultiSensor AI Holdings Inc. Warrant,$0.0388,0.00,0.00%,924596.00,United States,2021,26350,Technology,Electronic Components
MSB,Mesabi Trust Common Stock,$24.92,0.09,0.362%,326950649.00,United States,,12547,Industrials,Precious Metals
MSBI,Midland States Bancorp Inc. Common Stock,$24.67,1.04,4.401%,527771724.00,United States,2016,84770,Finance,Major Banks
MSBIP,Midland States Bancorp Inc. Depositary Shares Each Representing a 1/40th Interest in a Share of 7.750% Fixed-Rate Reset Non-Cumulative Perpetual Preferred Stock Series A,$25.02,-0.10,-0.398%,535259365.00,United States,,5647,Finance,Major Banks
MSC,Studio City International Holdings Limited American depositary shares each representing four  Class A ordinary shares,$6.25,-0.04,-0.636%,1316975719.00,,2018,4932,Consumer Discretionary,Hotels/Resorts
MSCI,MSCI Inc. Common Stock,$595.27,6.55,1.113%,46817974190.00,United States,,490731,Consumer Discretionary,Business Services
MSD,Morgan Stanley Emerging Markets Debt Fund Inc. Common Stock,$7.62,-0.051,-0.665%,0.00,United States,1993,66197,Finance,Trusts Except Educational Religious and Charitable
MSDL,Morgan Stanley Direct Lending Fund Common Stock,$20.25,0.44,2.221%,0.00,United States,2024,2055083,,
MSEX,Middlesex Water Company Common Stock,$64.45,1.10,1.736%,1149129192.00,United States,,64251,Utilities,Water Supply
MSFT,Microsoft Corporation Common Stock,$426.59,-1.56,-0.364%,3170859842951.00,United States,1986,14863915,Technology,Computer Software: Prepackaged Software
MSGE,Madison Square Garden Entertainment Corp. Class A Common Stock,$42.45,0.26,0.616%,2040020414.00,United States,2023,291128,Consumer Discretionary,Services-Misc. Amusement & Recreation
MSGM,Motorsport Games Inc. Class A Common Stock,$1.31,-0.01,-0.758%,4944799.00,United States,2021,24514,Technology,Computer Software: Prepackaged Software
MSGS,Madison Square Garden Sports Corp. Class A Common Stock (New),$222.25,2.24,1.018%,5323352003.00,United States,2015,64179,Consumer Discretionary,Services-Misc. Amusement & Recreation
MSI,Motorola Solutions Inc. Common Stock,$457.39,-4.93,-1.066%,76311404533.00,United States,,682391,Technology,Radio And Television Broadcasting And Communications Equipment
MSM,MSC Industrial Direct Company Inc. Common Stock,$81.09,2.42,3.076%,4533230222.00,United States,1995,662226,Industrials,Industrial Machinery/Components
MSN,Emerson Radio Corporation Common Stock,$0.5052,-0.0048,-0.941%,10630748.00,United States,1994,15940,Consumer Staples,Consumer Electronics/Appliances
MSS,Maison Solutions Inc. Class A Common Stock,$0.97,-0.014,-1.423%,19099762.00,United States,2023,17797,Consumer Staples,Food Chains
MSSA,Metal Sky Star Acquisition Corporation Ordinary shares,$11.68,0.02,0.172%,0.00,United States,2022,188,Finance,Blank Checks
MSSAR,Metal Sky Star Acquisition Corporation Right,$0.0566,0.0065,12.974%,0.00,United States,2022,100,Finance,Blank Checks
MSSAW,Metal Sky Star Acquisition Corporation Warrant,$0.0099,-0.0001,-1.00%,0.00,United States,2022,492,Finance,Blank Checks
MSTR,MicroStrategy Incorporated Common Stock Class A,$255.34,21.00,8.961%,49617847538.00,United States,1998,22937463,Technology,Computer Software: Prepackaged Software
MT,Arcelor Mittal NY Registry Shares NEW,$24.94,0.92,3.83%,20432637595.00,Luxembourg,,1201498,Industrials,Steel/Iron Ore
MTA,Metalla Royalty & Streaming Ltd. Common Shares,$3.79,-0.06,-1.558%,347727914.00,,,139403,Basic Materials,Precious Metals
MTAL,Metals Acquisition Limited Ordinary Shares,$12.55,0.08,0.642%,929393551.00,United States,,321844,Basic Materials,Metal Mining
MTB,M&T Bank Corporation Common Stock,$197.23,4.66,2.42%,32937546286.00,United States,,1009134,Finance,Major Banks
MTB^H,M&T Bank Corporation Perpetual Fixed-to-Floating Rate Non-Cumulative Preferred Stock Series H,$25.19,0.15,0.599%,,United States,,11048,,
MTB^J,M&T Bank Corporation Depositary Shares each representing a 1/400th ownership interest in a share of Perpetual 7.500% Non-Cumulative Preferred Stock Series J,$27.33,-0.05,-0.183%,,United States,,40511,,
MTC,MMTec Inc. Common Shares,$0.4063,0.0303,8.059%,80912630.00,China,2019,1990875,Technology,Computer Software: Prepackaged Software
MTCH,Match Group Inc. Common Stock,$37.02,-0.19,-0.511%,9547273344.00,United States,,2478883,Technology,Computer Software: Programming Data Processing
MTD,Mettler-Toledo International Inc. Common Stock,$1294.92,2.15,0.166%,27477189773.00,Switzerland,1997,132808,Industrials,Biotechnology: Laboratory Analytical Instruments
MTDR,Matador Resources Company Common Stock,$50.68,-1.15,-2.219%,6325683546.00,United States,2012,2128751,Energy,Oil & Gas Production
MTEK,Maris-Tech Ltd. Ordinary Shares,$1.915,0.014,0.736%,15087329.00,Israel,2022,14574,Telecommunications,Telecommunications Equipment
MTEKW,Maris-Tech Ltd. Warrants,$0.14,0.0049,3.627%,1102990.00,Israel,2022,300,Telecommunications,Telecommunications Equipment
MTEM,Molecular Templates Inc. Common Stock,$0.5003,-0.0997,-16.617%,3293915.00,United States,2005,351433,Health Care,Biotechnology: Pharmaceutical Preparations
MTEN,Mingteng International Corporation Inc. Ordinary Shares,$8.00,0.158,2.015%,49660000.00,China,2024,62335,Industrials,Building Products
MTEX,Mannatech Incorporated Common Stock,$8.255,0.735,9.774%,15559140.00,United States,,6262,Health Care, Medicinal Chemicals and Botanical Products 
MTG,MGIC Investment Corporation Common Stock,$25.16,0.27,1.085%,6522320999.00,United States,1991,1940284,Finance,Property-Casualty Insurers
MTH,Meritage Homes Corporation Common Stock,$184.48,1.64,0.897%,6701644439.00,United States,,404814,Consumer Discretionary,Homebuilding
MTLS,Materialise NV American Depositary Shares,$6.39,0.43,7.215%,377439319.00,Belgium,2014,459267,Technology,Computer Software: Prepackaged Software
MTN,Vail Resorts Inc. Common Stock,$170.62,2.40,1.427%,6395771403.00,United States,1997,339823,Consumer Discretionary,Services-Misc. Amusement & Recreation
MTNB,Matinas Biopharma Holdings Inc. Common Stock,$3.20,-0.05,-1.538%,16052234.00,United States,2017,42845,Health Care,Biotechnology: Pharmaceutical Preparations
MTR,Mesa Royalty Trust Common Stock,$6.13,0.02,0.327%,11423807.00,United States,,17298,Energy,Oil & Gas Production
MTRN,Materion Corporation,$104.58,0.74,0.713%,2169725339.00,United States,,58693,Industrials,Industrial Specialties
MTRX,Matrix Service Company Common Stock,$11.39,-0.05,-0.437%,313775251.00,United States,1990,64031,Consumer Discretionary,Engineering & Construction
MTSI,MACOM Technology Solutions Holdings Inc. Common Stock,$117.54,-4.16,-3.418%,8485354588.00,United States,2012,624267,Technology,Semiconductors
MTTR,Matterport Inc. Class A Common Stock,$4.60,0.03,0.656%,1468003143.00,United States,2021,1631713,Technology,Computer Software: Prepackaged Software
MTUS,Metallus Inc. Common Shares,$14.63,0.54,3.833%,635812017.00,United States,2014,151654,Industrials,Steel/Iron Ore
MTW,Manitowoc Company Inc. (The) Common Stock,$10.05,0.41,4.253%,352924413.00,United States,,184145,Industrials,Construction/Ag Equipment/Trucks
MTX,Minerals Technologies Inc. Common Stock,$76.55,0.09,0.118%,2462515899.00,United States,1992,189488,Industrials,Major Chemicals
MTZ,MasTec Inc. Common Stock,$123.73,1.78,1.46%,9802010123.00,United States,,707854,Industrials,Water Sewer Pipeline Comm & Power Line Construction
MU,Micron Technology Inc. Common Stock,$106.39,-1.52,-1.409%,117959133938.00,United States,,12357397,Technology,Semiconductors
MUA,Blackrock MuniAssets Fund Inc Common Stock,$11.62,-0.06,-0.514%,1728619913.00,United States,1993,63431,Finance,Investment Bankers/Brokers/Service
MUC,Blackrock MuniHoldings California Quality Fund Inc.  Common Stock,$11.13,-0.13,-1.155%,1655726302.00,United States,1998,273130,Finance,Investment Bankers/Brokers/Service
MUE,Blackrock MuniHoldings Quality Fund II Inc. Common Stock,$10.26,-0.07,-0.678%,1526302952.00,United States,,73413,Finance,Investment Bankers/Brokers/Service
MUFG,Mitsubishi UFJ Financial Group Inc. Common Stock,$10.29,0.07,0.685%,120673182016.00,Japan,,1722732,Finance,Commercial Banks
MUI,BlackRock Municipal Income Fund Inc. Common Stock,$12.44,0.00,0.00%,1850605139.00,United States,2003,311390,Finance,Investment Bankers/Brokers/Service
MUJ,Blackrock MuniHoldings New Jersey Quality Fund Inc. Common Stock,$11.69,-0.07,-0.595%,1739033286.00,United States,1998,81843,Finance,Investment Bankers/Brokers/Service
MULN,Mullen Automotive Inc. Common Stock,$2.53,-0.27,-9.643%,4091301.00,United States,,2509591,Technology,EDP Services
MUR,Murphy Oil Corporation Common Stock,$31.86,-0.92,-2.807%,4807273361.00,United States,,1225778,Energy,Oil & Gas Production
MURA,Mural Oncology plc Ordinary Shares ,$3.63,0.12,3.419%,61847911.00,Ireland,,25100,Health Care,Biotechnology: Pharmaceutical Preparations
MUSA,Murphy USA Inc. Common Stock,$482.55,9.18,1.939%,9888513523.00,United States,2013,174801,Consumer Discretionary,Retail-Auto Dealers and Gas Stations
MUX,McEwen Mining Inc. Common Stock,$10.30,-0.08,-0.771%,526180805.00,Canada,,309104,Basic Materials,Precious Metals
MVBF,MVB Financial Corp. Common Stock,$20.29,0.60,3.047%,262308349.00,United States,,10599,Finance,Major Banks
MVF,Blackrock MuniVest Fund Inc. Common Stock,$7.23,-0.04,-0.55%,1075552665.00,United States,1988,73049,Finance,Investment Bankers/Brokers/Service
MVIS,MicroVision Inc. Common Stock,$1.08,0.01,0.935%,229770700.00,United States,1996,1656254,Technology,Industrial Machinery/Components
MVO,MV Oil Trust Units of Beneficial Interests,$9.13,-0.34,-3.59%,104995000.00,United States,2007,62339,Energy,Oil & Gas Production
MVST,Microvast Holdings Inc. Common Stock,$0.2112,-0.0024,-1.124%,68389791.00,United States,2019,1781174,Miscellaneous,Industrial Machinery/Components
MVSTW,Microvast Holdings Inc. Warrants,$0.0202,0.0002,1.00%,6541069.00,United States,2019,3701,Miscellaneous,Industrial Machinery/Components
MVT,Blackrock MuniVest Fund II Inc.  Common Stock,$10.95,-0.06,-0.545%,1628949057.00,United States,1993,36040,Finance,Investment Bankers/Brokers/Service
MWA,MUELLER WATER PRODUCTS Common Stock,$21.88,0.19,0.876%,3408818143.00,United States,2006,591471,Industrials,Metal Fabrications
MWG,Multi Ways Holdings Limited Ordinary Shares,$0.2802,-0.0136,-4.629%,8641368.00,,2023,131587,Consumer Discretionary,Miscellaneous manufacturing industries
MX,Magnachip Semiconductor Corporation Common Stock,$4.64,-0.11,-2.316%,173801399.00,Luxembourg,2011,102179,Technology,Semiconductors
MXC,Mexco Energy Corporation Common Stock,$12.17,-0.07,-0.572%,25379841.00,United States,2003,5810,Energy,Oil & Gas Production
MXCT,MaxCyte Inc. Common Stock,$3.61,0.04,1.12%,373651501.00,United States,2021,324789,Health Care,Biotechnology: Commercial Physical & Biological Resarch
MXE,Mexico Equity and Income Fund Inc. (The) Common Stock,$8.91,0.005,0.056%,0.00,United States,,1901,Finance,Finance Companies
MXF,Mexico Fund Inc. (The) Common Stock,$14.17,-0.03,-0.211%,0.00,United States,,44891,Finance,Trusts Except Educational Religious and Charitable
MXL,MaxLinear Inc. Common Stock,$15.64,0.79,5.32%,1319418208.00,United States,2010,2922061,Technology,Semiconductors
MYD,Blackrock MuniYield Fund Inc.  Common Stock,$11.15,-0.05,-0.446%,1658701552.00,United States,1991,122013,Finance,Investment Bankers/Brokers/Service
MYE,Myers Industries Inc. Common Stock,$12.53,0.30,2.453%,466394392.00,United States,1983,131194,Industrials,Plastic Products
MYFW,First Western Financial Inc. Common Stock,$19.02,-0.10,-0.523%,183743642.00,United States,2018,15607,Finance,Major Banks
MYGN,Myriad Genetics Inc. Common Stock,$21.96,0.40,1.855%,1994414974.00,United States,1995,468280,Health Care,Biotechnology: In Vitro & In Vivo Diagnostic Substances
MYI,Blackrock MuniYield Quality Fund III Inc Common Stock,$11.31,-0.09,-0.789%,1682503547.00,United States,,273217,Finance,Investment Bankers/Brokers/Service
MYN,Blackrock MuniYield New York Quality Fund Inc.Common Stock,$10.32,-0.0699,-0.673%,0.00,United States,1992,58972,Finance,Finance Companies
MYNA,Mynaric AG American Depository Shares,$1.23,0.095,8.37%,31086144.00,Germany,2021,17051,Consumer Discretionary,Telecommunications Equipment
MYND,Mynd.ai Inc. American Depositary Shares,$1.49,-0.01,-0.667%,68015195.00,,2017,58001,Real Estate,Other Consumer Services
MYNZ,Mainz Biomed N.V. Ordinary Shares,$0.256,-0.003,-1.158%,5418363.00,Germany,2021,3317384,Health Care,Biotechnology: Pharmaceutical Preparations
MYO,Myomo Inc. Common Stock,$3.95,0.19,5.053%,119391720.00,United States,2017,150450,Health Care,Industrial Specialties
MYPS,PLAYSTUDIOS Inc.  Class A Common Stock,$1.39,-0.01,-0.714%,173279274.00,United States,2020,479205,Technology,Computer Software: Prepackaged Software
MYPSW,PLAYSTUDIOS Inc. Warrant,$0.0239,0.0094,64.828%,2979406.00,United States,2020,3000,Technology,Computer Software: Prepackaged Software
MYRG,MYR Group Inc. Common Stock,$116.76,2.40,2.099%,1927447575.00,United States,2008,171143,Industrials,Water Sewer Pipeline Comm & Power Line Construction
MYSZ,My Size Inc. Common Stock,$1.64,0.05,3.145%,1750095.00,Israel,,5401,Technology,Computer Software: Prepackaged Software
MYTE,MYT Netherlands Parent B.V. American Depositary Shares each representing one Ordinary Share,$7.09,-0.42,-5.593%,604535671.00,,2021,110730,Consumer Discretionary,Catalog/Specialty Distribution
NA,Nano Labs Ltd Class A Ordinary Shares,$0.575,-0.0346,-5.676%,37853076.00,China,2022,247604,Technology,Semiconductors
NAAS,NaaS Technology Inc. American Depositary Shares,$3.27,0.16,5.145%,42113640.00,China,2017,162987,Consumer Discretionary,Other Specialty Stores
NABL,N-able Inc. Common Stock,$12.42,0.03,0.242%,2301239402.00,United States,2021,174683,Technology,Computer Software: Prepackaged Software
NAC,Nuveen California Quality Municipal Income Fund,$11.48,-0.09,-0.778%,0.00,United States,1999,463309,Finance,Investment Managers
NAD,Nuveen Quality Municipal Income Fund Common Stock,$11.89,-0.05,-0.419%,0.00,United States,1999,492016,Finance,Investment Managers
NAII,Natural Alternatives International Inc. Common Stock,$4.53,-0.27,-5.625%,28080464.00,United States,,14920,Health Care, Medicinal Chemicals and Botanical Products 
NAK,Northern Dynasty Minerals Ltd. Common Stock,$0.4295,0.0326,8.214%,230952579.00,Canada,,2129555,Basic Materials,Precious Metals
NAMS,NewAmsterdam Pharma Company N.V. Ordinary Shares,$19.13,0.04,0.21%,1721993779.00,Netherlands,,214691,Health Care,Biotechnology: Pharmaceutical Preparations
NAN,Nuveen New York Quality Municipal Income Fund Common Stock,$11.425,0.005,0.044%,3453958015.00,United States,1999,66010,Finance,Investment Managers
NAOV,NanoVibronix Inc. Common Stock,$0.532,-0.014,-2.564%,1481276.00,United States,,24111,Health Care,Industrial Specialties
NAPA,The Duckhorn Portfolio Inc. Common Stock,$10.96,0.01,0.091%,1612929200.00,United States,2021,1870077,Consumer Staples,Beverages (Production/Distribution)
NARI,Inari Medical Inc. Common Stock,$42.56,-1.14,-2.609%,2479832582.00,United States,2020,1659402,Health Care,Medical/Dental Instruments
NAT,Nordic American Tankers Limited Common Stock,$3.35,0.00,0.00%,699468087.00,Bermuda,1995,2737579,Consumer Discretionary,Marine Transportation
NATH,Nathan's Famous Inc. Common Stock,$84.17,0.82,0.984%,343802045.00,United States,1993,5862,Consumer Discretionary,Restaurants
NATL,NCR Atleos Corporation Common Stock,$27.06,0.73,2.773%,1957030533.00,United States,2023,248932,Miscellaneous,Office Equipment/Supplies/Services
NATR,Nature's Sunshine Products Inc. Common Stock,$13.25,0.30,2.317%,245227860.00,United States,,14742,Health Care,Biotechnology: Pharmaceutical Preparations
NAUT,Nautilus Biotechnolgy Inc. Common Stock,$2.81,0.12,4.461%,263823765.00,United States,2020,78803,Industrials,Biotechnology: Laboratory Analytical Instruments
NAVI,Navient Corporation Common Stock,$15.47,0.36,2.383%,1692574154.00,United States,,528156,Finance,Investment Bankers/Brokers/Service
NAYA,NAYA Biosciences Inc. Common Stock,$0.8549,0.0164,1.956%,3339301.00,United States,,49620,Health Care,Medical/Dental Instruments
NAZ,Nuveen Arizona Quality Municipal Income Fund Common Stock,$11.61,0.04,0.346%,0.00,United States,1992,6175,Finance,Finance/Investors Services
NB,NioCorp Developments Ltd. Common Stock,$1.94,0.04,2.105%,73506600.00,United States,,91607,Basic Materials,Metal Mining
NBB,Nuveen Taxable Municipal Income Fund Common Shares of Beneficial Interest,$15.98,0.01,0.063%,0.00,United States,2010,123178,Finance,Finance Companies
NBBK,NB Bancorp Inc. Common Stock,$18.42,0.47,2.618%,786639528.00,United States,2023,137541,Finance,Banks
NBH,Neuberger Berman Municipal Fund Inc. Common Stock,$10.81,-0.04,-0.369%,0.00,United States,2002,39834,Finance,Finance/Investors Services
NBHC,National Bank Holdings Corporation Common Stock,$45.50,1.10,2.477%,1725258672.00,United States,2012,181560,Finance,Major Banks
NBIS,Nebius Group N.V. Class A Ordinary Shares,$23.75,4.18,21.359%,8585204174.00,Netherlands,2011,13230317,Technology,Computer Software: Programming Data Processing
NBIX,Neurocrine Biosciences Inc. Common Stock,$116.20,0.12,0.103%,11733440134.00,United States,1996,676238,Health Care,Biotechnology: Biological Products (No Diagnostic Substances)
NBN,Northeast Bank Common Stock,$87.33,2.58,3.044%,709992900.00,United States,,25608,Finance,Major Banks
NBR,Nabors Industries Ltd.,$72.87,-2.75,-3.637%,780430267.00,Bermuda,1951,344308,Energy,Oil & Gas Production
NBTB,NBT Bancorp Inc. Common Stock,$45.18,1.60,3.671%,2131199560.00,United States,,192679,Finance,Major Banks
NBTX,Nanobiotix S.A. American Depositary Shares,$4.50,-0.09,-1.961%,212099976.00,France,2020,7951,Health Care,Biotechnology: Pharmaceutical Preparations
NBXG,Neuberger Berman Next Generation Connectivity Fund Inc. Common Stock,$12.77,-0.11,-0.854%,0.00,United States,2021,234273,Finance,Trusts Except Educational Religious and Charitable
NBY,NovaBay Pharmaceuticals Inc. Common Stock,$0.5504,-0.0006,-0.109%,2689085.00,United States,2007,85322,Health Care,Biotechnology: Pharmaceutical Preparations
NC,NACCO Industries Inc. Common Stock,$27.58,0.53,1.959%,202801421.00,United States,,11739,Energy,Coal Mining
NCA,Nuveen California Municipal Value Fund,$8.98,0.005,0.056%,0.00,United States,,55443,Finance,Investment Managers
NCDL,Nuveen Churchill Direct Lending Corp. Common Stock,$17.19,0.09,0.526%,942385607.00,,2024,170722,,
NCI,Neo-Concept International Group Holdings Limited Ordinary Shares,$0.82,0.1669,25.555%,16662400.00,Hong Kong,2024,1959677,Consumer Discretionary,Apparel
NCL,Northann Corp. Common Stock,$0.2087,0.0307,17.247%,5058888.00,,2023,1263907,Industrials,Plastic Products
NCLH,Norwegian Cruise Line Holdings Ltd. Ordinary Shares,$23.80,0.64,2.763%,10464653630.00,United States,,12104072,Consumer Discretionary,Marine Transportation
NCMI,National CineMedia Inc. Common Stock,$7.20,0.09,1.266%,686315801.00,United States,2007,425894,Consumer Discretionary,Advertising
NCNA,NuCana plc American Depositary Share,$1.76,-0.03,-1.676%,3960000.00,United Kingdom,2017,102051,Health Care,Biotechnology: Pharmaceutical Preparations
NCNC,noco-noco Inc. Ordinary Share,$0.1054,-0.0079,-6.973%,729757.00,Singapore,,1612048,Miscellaneous,Industrial Machinery/Components
NCNCW,noco-noco Inc. Warrant,$0.0098,0.00,0.00%,67852.00,Singapore,,25,Miscellaneous,Industrial Machinery/Components
NCNO,nCino Inc. Common Stock,$38.19,0.36,0.952%,4413217954.00,United States,2020,601651,Technology,Computer Software: Prepackaged Software
NCPL,Netcapital Inc. Common Stock,$1.69,0.00,0.00%,1309638.00,United States,,337909,Finance,Finance: Consumer Services
NCPLW,Netcapital Inc. Warrants,$0.0078,-0.0009,-10.345%,6044.00,United States,,1206,Finance,Finance: Consumer Services
NCRA,Nocera Inc. Common Stock,$1.3411,-0.1169,-8.018%,18288563.00,Taiwan,,30080,Consumer Staples,Farming/Seeds/Milling
NCSM,NCS Multistage Holdings Inc. Common Stock,$17.855,-0.1345,-0.748%,44685351.00,United States,2017,3809,Energy,Oilfield Services/Equipment
NCTY,The9 Limited American Depository Shares,$8.66,0.30,3.589%,77853400.00,China,2004,94114,Finance,Finance: Consumer Services
NCV,Virtus Convertible & Income Fund Common Shares of Beneficial Interest,$3.41,-0.025,-0.728%,308173870.00,United States,2003,492235,Finance,Finance Companies
NCV^A,Virtus Convertible & Income Fund 5.625% Series A Cumulative Preferred Shares,$22.77,-0.13,-0.568%,,United States,,1510,,
NCZ,Virtus Convertible & Income Fund II Common Shares of Beneficial Interest,$3.06,0.01,0.328%,232914192.00,United States,2003,439570,Finance,Finance Companies
NCZ^A,Virtus Convertible & Income Fund II 5.50% Series A Cumulative Preferred Shares,$21.65,-0.06,-0.276%,,United States,,1095,,
NDAQ,Nasdaq Inc. Common Stock,$75.34,0.65,0.87%,43391344990.00,United States,,2543592,Finance,Investment Bankers/Brokers/Service
NDLS,Noodles & Company Class A Common Stock,$1.22,0.01,0.826%,55676883.00,United States,2013,54585,Consumer Discretionary,Restaurants
NDMO,Nuveen Dynamic Municipal Opportunities Fund Common Shares of Beneficial Interest,$10.76,-0.05,-0.463%,639845918.00,,2020,167634,Finance,Trusts Except Educational Religious and Charitable
NDP,Tortoise Energy Independence Fund Inc. Common Stock,$39.05,-0.15,-0.383%,0.00,United States,2012,3080,Finance,Finance/Investors Services
NDRA,ENDRA Life Sciences Inc. Common Stock,$0.2781,-0.0019,-0.679%,4805568.00,United States,2017,2998928,Health Care,Biotechnology: Electromedical & Electrotherapeutic Apparatus
NDSN,Nordson Corporation Common Stock,$250.37,2.27,0.915%,14316540417.00,United States,,194216,Industrials,Industrial Machinery/Components
NE,Noble Corporation plc A Ordinary Shares,$31.96,-0.46,-1.419%,4567682036.00,United States,2022,1497767,Energy,Oil & Gas Production
NEA,Nuveen AMT-Free Quality Municipal Income Fund Common Shares of Beneficial Interest Par Value $.01,$11.57,-0.02,-0.173%,0.00,United States,2002,798413,Finance,Finance/Investors Services
NECB,NorthEast Community Bancorp Inc. Common Stock,$27.61,0.44,1.619%,387108821.00,United States,2021,49409,Finance,Banks
NEE,NextEra Energy Inc. Common Stock,$82.87,1.44,1.768%,170414244230.00,United States,,8672010,Technology,EDP Services
NEE^N,NextEra Energy Inc. Series N Junior Subordinated Debentures due March 1 2079,$25.09,0.07,0.28%,,United States,,43195,,
NEE^R,NextEra Energy Inc. 6.926% Corporate Units,$46.28,0.80,1.759%,,United States,,69572,,
NEE^S,NextEra Energy Inc. 7.299% Corporate Units,$55.31,1.07,1.973%,,United States,,41271,,
NEGG,Newegg Commerce Inc. Common Shares,$0.67,0.0355,5.595%,254877043.00,China,2010,483257,Consumer Discretionary,Other Specialty Stores
NEM,Newmont Corporation,$48.36,-0.06,-0.124%,55489680368.00,United States,,14736131,Basic Materials,Precious Metals
NEN,New England Realty Associates Limited Partnership Class A Depositary Receipts Evidencing Units of Limited Partnership,$82.50,0.51,0.622%,9554573.00,United States,,112,Real Estate,Building operators
NEO,NeoGenomics Inc. Common Stock,$13.48,0.41,3.137%,1727571875.00,United States,,358706,Health Care,Precision Instruments
NEOG,Neogen Corporation Common Stock,$14.05,0.24,1.738%,3044608839.00,United States,1989,1197495,Health Care,Biotechnology: In Vitro & In Vivo Diagnostic Substances
NEON,Neonode Inc. Common Stock,$8.36,0.31,3.851%,129300508.00,Sweden,,141096,Technology,Industrial Machinery/Components
NEOV,NeoVolta Inc. Common Stock,$3.08,0.13,4.407%,102397270.00,United States,,107662,Miscellaneous,Industrial Machinery/Components
NEOVW,NeoVolta Inc. Warrant,$0.75,0.01,1.351%,24934400.00,United States,,225,Miscellaneous,Industrial Machinery/Components
NEP,NextEra Energy Partners LP Common Units representing limited partner interests,$20.40,-0.70,-3.318%,1908097190.00,United States,2014,3217127,Utilities,Electric Utilities: Central
NEPH,Nephros Inc. Common Stock,$1.3951,0.0151,1.094%,14710128.00,United States,,3402,Health Care,Medical/Dental Instruments
NERV,Minerva Neurosciences Inc Common Stock,$2.46,0.0201,0.824%,17203779.00,United States,2014,9701,Health Care,Biotechnology: Pharmaceutical Preparations
NESR,National Energy Services Reunited Corp Ordinary Shares,$9.44,-0.12,-1.255%,900655796.00,United States,,220781,Energy,Oilfield Services/Equipment
NESRW,National Energy Services Reunited Corp Warrants,$0.80,-0.11,-12.088%,76326762.00,United States,,252,Energy,Oilfield Services/Equipment
NET,Cloudflare Inc. Class A Common Stock,$87.94,-0.82,-0.924%,30049338428.00,United States,2019,1392762,Technology,Computer Software: Prepackaged Software
NETD,Nabors Energy Transition Corp. II Class A Ordinary Shares,$10.66,0.00,0.00%,0.00,United States,2023,2326,,
NETDW,Nabors Energy Transition Corp. II Warrant,$0.1198,-0.0202,-14.429%,0.00,United States,2023,403,,
NEU,NewMarket Corp Common Stock,$537.05,-1.59,-0.295%,5153000658.00,United States,,25470,Industrials,Major Chemicals
NEUE,NeueHealth Inc. Common Stock,$5.0281,-0.0819,-1.603%,41628600.00,United States,2021,1538,Health Care,Medical Specialities
NEWP,New Pacific Metals Corp. Common Shares,$1.905,0.025,1.33%,326259097.00,Canada,2021,227940,Basic Materials,Precious Metals
NEWT,NewtekOne Inc. Common Stock,$13.56,0.29,2.185%,352072464.00,United States,,93683,Finance,Major Banks
NEWTG,NewtekOne Inc. 8.50% Fixed Rate Senior Notes due 2029,$25.15,-0.16,-0.632%,0.00,United States,,12553,,
NEWTH,NewtekOne Inc. 8.625% Fixed Rate Senior Notes due 2029,$25.13,-0.11,-0.436%,0.00,United States,,20266,Finance,Major Banks
NEWTI,NewtekOne Inc. 8.00% Fixed Rate Senior Notes due 2028,$25.352,-0.118,-0.463%,658240494.00,United States,,222,Finance,Major Banks
NEWTZ,NewtekOne Inc. 5.50% Notes Due 2026,$24.5999,0.0499,0.203%,638712935.00,United States,,1834,Finance,Major Banks
NEXA,Nexa Resources S.A. Common Shares,$7.86,-0.16,-1.995%,1040967482.00,Luxembourg,2017,20824,Basic Materials,Metal Mining
NEXN,Nexxen International Ltd. American Depository Shares,$8.00,0.06,0.756%,540965376.00,Israel,2021,82141,Technology,Computer Software: Programming Data Processing
NEXT,NextDecade Corporation Common Stock,$5.88,0.01,0.17%,1525708725.00,United States,2015,967292,Utilities,Oil & Gas Production
NFBK,Northfield Bancorp Inc. Common Stock (Delaware),$11.99,0.49,4.261%,517802562.00,United States,2007,186241,Finance,Savings Institutions
NFE,New Fortress Energy Inc. Class A Common Stock,$8.54,-0.10,-1.157%,1751272581.00,United States,2019,5100376,Utilities,Oil/Gas Transmission
NFG,National Fuel Gas Company Common Stock,$61.30,-0.48,-0.777%,5600176928.00,United States,,329150,Utilities,Oil/Gas Transmission
NFGC,New Found Gold Corp Common Shares,$2.25,-0.16,-6.639%,447386425.00,,2021,941472,Basic Materials,Precious Metals
NFJ,Virtus Dividend Interest & Premium Strategy Fund Common Shares of Beneficial Interest,$12.76,0.04,0.314%,0.00,United States,2005,207606,Finance,Finance: Consumer Services
NFLX,Netflix Inc. Common Stock,$749.12,-5.56,-0.737%,320217422360.00,United States,2002,2861209,Consumer Discretionary,Consumer Electronics/Video Chains
NG,Novagold Resources Inc.,$3.63,0.03,0.833%,1213983488.00,Canada,2003,595424,Basic Materials,Precious Metals
NGD,New Gold Inc.,$2.86,-0.02,-0.694%,2261116000.00,Canada,,5960529,Basic Materials,Metal Mining
NGG,National Grid Transco PLC National Grid PLC (NEW) American Depositary Shares,$66.00,0.65,0.995%,64494916794.00,United Kingdom,,331171,Utilities,Natural Gas Distribution
NGL,NGL ENERGY PARTNERS LP Common Units representing Limited Partner Interests,$4.08,-0.15,-3.546%,540652085.00,United States,2011,96467,Utilities,Natural Gas Distribution
NGL^B,NGL ENERGY PARTNERS LP 9.00% Class B Fixed-to-Floating Rate Cumulative Redeemable Perpetual Preferred Units representing limited partnership interests,$23.00,-0.50,-2.128%,,United States,,18204,,
NGL^C,NGL ENERGY PARTNERS LP 9.625% Class C Fixed-to-Floating Rate Cumulative  Redeemable Perpetual Preferred Units representing  limited partner interests,$22.94,-0.06,-0.261%,,United States,,4770,,
NGNE,Neurogene Inc. Common Stock ,$45.93,-2.44,-5.044%,596796645.00,Canada,2014,94671,Health Care,Biotechnology: Pharmaceutical Preparations
NGS,Natural Gas Services Group Inc. Common Stock,$19.93,-0.31,-1.532%,248464819.00,United States,2002,27176,Energy,Oilfield Services/Equipment
NGVC,Natural Grocers by Vitamin Cottage Inc. Common Stock,$27.20,0.62,2.333%,619985730.00,United States,2012,66074,Consumer Staples,Food Chains
NGVT,Ingevity Corporation Common Stock ,$35.74,2.09,6.211%,1298974231.00,United States,2016,521828,Industrials,Major Chemicals
NHC,National HealthCare Corporation Common Stock,$120.22,1.53,1.289%,3038560500.00,United States,1986,38982,Health Care,Hospital/Nursing Management
NHI,National Health Investors Inc. Common Stock,$75.67,0.50,0.665%,3287320384.00,United States,,153615,Real Estate,Real Estate Investment Trusts
NHS,Neuberger Berman High Yield Strategies Fund,$8.04,-0.005,-0.062%,0.00,United States,,47858,Finance,Trusts Except Educational Religious and Charitable
NHTC,Natural Health Trends Corp. Common Stock,$6.006,0.0798,1.347%,69169739.00,United States,,8066,Consumer Discretionary,Consumer Specialties
NI,NiSource Inc Common Stock,$35.14,0.32,0.919%,15760635672.00,United States,,2866055,Utilities,Power Generation
NIC,Nicolet Bankshares Inc. Common Stock,$102.87,3.13,3.138%,1549213868.00,United States,2022,59720,Finance,Major Banks
NICE,NICE Ltd American Depositary Shares,$179.90,5.57,3.195%,11310433353.00,Israel,,398557,Technology,Computer Software: Prepackaged Software
NIE,Virtus Equity & Convertible Income Fund Common Shares of Beneficial Interest,$23.28,-0.04,-0.172%,645064705.00,United States,2007,48525,Finance,Investment Managers
NIM,Nuveen Select Maturities Municipal Fund Common Stock,$9.13,-0.03,-0.328%,0.00,United States,1992,44174,Finance,Trusts Except Educational Religious and Charitable
NINE,Nine Energy Service Inc. Common Stock,$0.8548,-0.0772,-8.283%,35189881.00,United States,2018,1190112,Energy,Oilfield Services/Equipment
NIO,NIO Inc. American depositary shares each  representing one Class A ordinary share,$5.81,0.55,10.456%,12126452041.00,United States,2018,109462467,Consumer Discretionary,Auto Manufacturing
NIOBW,NioCorp Developments Ltd. Warrant,$0.125,-0.02,-13.793%,4736250.00,United States,,880,Basic Materials,Metal Mining
NIPG,NIP Group Inc. American Depositary Shares,$7.172,0.092,1.299%,402031150.00,Sweden,2024,77081,Consumer Discretionary,Services-Misc. Amusement & Recreation
NISN,NiSun International Enterprise Development Group Co. Ltd. Class A Common Shares,$9.29,-0.25,-2.621%,37323467.00,China,2016,150105,Industrials,Metal Fabrications
NITO,N2OFF Inc. Common Stock,$0.295,0.0225,8.257%,1227903.00,Israel,,1301650,Industrials,Agricultural Chemicals
NIU,Niu Technologies American Depositary Shares,$2.52,0.25,11.013%,195447458.00,China,2018,621477,Consumer Discretionary,Auto Manufacturing
NIVF,NewGenIvf Group Limited Class A Ordinary Shares,$0.84,-0.0601,-6.677%,8525484.00,Singapore,,224767,Health Care,Misc Health and Biotechnology Services
NIVFW,NewGenIvf Group Limited Warrants,$0.0348,-0.004,-10.309%,353199.00,Singapore,,29820,Health Care,Misc Health and Biotechnology Services
NIXX,Nixxy Inc. Common Stock,$2.65,-0.05,-1.852%,8770392.00,United States,,607042,Technology,EDP Services
NIXXW,Nixxy Inc. Warrant,$0.0126,0.00,0.00%,41701.00,United States,,3000,Technology,EDP Services
NJR,NewJersey Resources Corporation Common Stock,$46.39,0.39,0.848%,4600383294.00,United States,,240201,Utilities,Oil/Gas Transmission
NKE,Nike Inc. Common Stock,$78.91,0.06,0.076%,117457198528.00,United States,,6614239,Consumer Discretionary,Shoe Manufacturing
NKGN,NKGen Biotech Inc. Common Stock,$0.35,-0.0492,-12.325%,12376832.00,United States,,1098199,Health Care,Biotechnology: Biological Products (No Diagnostic Substances)
NKGNW,NKGen Biotech Inc. Warrants,$0.0327,0.00,0.00%,1156350.00,United States,,50,Health Care,Biotechnology: Biological Products (No Diagnostic Substances)
NKLA,Nikola Corporation Common Stock,$5.31,0.89,20.136%,268670983.00,United States,2018,10802015,Consumer Discretionary,Auto Manufacturing
NKSH,National Bankshares Inc. Common Stock,$30.00,1.25,4.348%,190842990.00,United States,,4740,Finance,Major Banks
NKTR,Nektar Therapeutics  Common Stock,$1.36,0.04,3.03%,250348091.00,United States,,968006,Health Care,Biotechnology: Pharmaceutical Preparations
NKTX,Nkarta Inc. Common Stock,$3.46,0.13,3.904%,244133289.00,United States,2020,1332068,Health Care,Biotechnology: Pharmaceutical Preparations
NKX,Nuveen California AMT-Free Quality Municipal Income Fund,$13.38,-0.13,-0.962%,0.00,United States,2002,75416,Finance,Finance/Investors Services
NL,NL Industries Inc. Common Stock,$7.82,0.06,0.773%,381989280.00,United States,,15097,Industrials,Major Chemicals
NLOP,Net Lease Office Properties Common Shares of Beneficial Interest,$30.36,0.75,2.533%,448873025.00,United States,2023,60602,Real Estate,Real Estate Investment Trusts
NLSP,NLS Pharmaceutics Ltd. Ordinary Shares,$4.11,-0.07,-1.675%,4816715.00,Switzerland,2021,60690,Health Care,Biotechnology: Pharmaceutical Preparations
NLSPW,NLS Pharmaceutics Ltd. Warrant,$0.0153,0.0052,51.485%,17931.00,Switzerland,2021,14069,Health Care,Biotechnology: Pharmaceutical Preparations
NLY,Annaly Capital Management Inc. Common Stock,$19.18,-0.31,-1.591%,9609533200.00,United States,,7583736,Real Estate,Real Estate Investment Trusts
NLY^F,Annaly Capital Management Inc 6.95% Series F,$25.65,0.02,0.078%,,United States,,45467,,
NLY^G,Annaly Capital Management Inc 6.50% Series G Fixed-to-Floating Rate Cumulative Redeemable Preferred Stock,$25.3801,0.00,0.00%,,United States,,5047,,
NLY^I,Annaly Capital Management Inc 6.750% Series I Fixed-to-Floating Rate Cumulative Redeemable Preferred Stock,$25.61,-0.0005,-0.002%,,United States,,22081,,
NMAI,Nuveen Multi-Asset Income Fund Common Shares of Beneficial Interest,$12.64,-0.02,-0.158%,0.00,United States,2021,69464,Finance,Investment Managers
NMCO,Nuveen Municipal Credit Opportunities Fund Common Shares,$11.03,-0.05,-0.451%,604129358.00,,2019,145641,Finance,Finance/Investors Services
NMFC,New Mountain Finance Corporation Common Stock,$11.44,-0.11,-0.952%,1233820188.00,United States,,546046,Finance,Finance/Investors Services
NMFCZ,New Mountain Finance Corporation 8.250% Notes due 2028,$25.95,0.00,0.00%,2798744219.00,United States,,1158,,
NMG,Nouveau Monde Graphite Inc. Common Shares,$1.43,-0.02,-1.379%,160951721.00,,,35795,Basic Materials,Other Metals and Minerals
NMHI,Nature's Miracle Holding Inc. Common Stock,$0.1365,-0.0092,-6.314%,4318417.00,United States,,1194473,Industrials,Industrial Machinery/Components
NMI,Nuveen Municipal Income Fund Inc. Common Stock,$9.69,-0.01,-0.103%,0.00,United States,1988,45458,Finance,Trusts Except Educational Religious and Charitable
NMIH,NMI Holdings Inc. Common Stock,$38.72,0.13,0.337%,3084925085.00,United States,2013,359677,Finance,Property-Casualty Insurers
NML,Neuberger Berman Energy Infrastructure and Income Fund Inc. Common Stock,$8.31,0.02,0.241%,0.00,United States,2013,126602,Finance,Finance/Investors Services
NMM,Navios Maritime Partners LP Common Units Representing Limited Partner Interests,$56.60,-0.91,-1.582%,1708436361.00,Greece,2007,142413,Consumer Discretionary,Marine Transportation
NMR,Nomura Holdings Inc ADR American Depositary Shares,$5.17,0.07,1.373%,15358804177.00,Japan,,624551,Finance,Investment Bankers/Brokers/Service
NMRA,Neumora Therapeutics Inc. Common Stock,$11.85,-0.42,-3.423%,1896328790.00,United States,2023,1373512,Health Care,Biotechnology: Biological Products (No Diagnostic Substances)
NMRK,Newmark Group Inc. Class A Common Stock,$15.10,-0.02,-0.132%,2594847511.00,United States,2017,843672,Finance,Real Estate
NMS,Nuveen Minnesota Quality Municipal Income Fund ,$13.10,-0.0589,-0.448%,0.00,United States,2014,7755,Finance,Finance Companies
NMT,Nuveen Massachusetts Quality Municipal Income Fund Common Stock,$11.60,0.02,0.173%,0.00,United States,,8528,Finance,Finance/Investors Services
NMTC,NeuroOne Medical Technologies Corporation Common Stock,$1.01,0.0694,7.378%,31119999.00,United States,,69163,Health Care,Medical/Dental Instruments
NMZ,Nuveen Municipal High Income Opportunity Fund Common Stock $0.01 par value per share,$11.05,0.07,0.638%,0.00,United States,2003,328038,Finance,Finance/Investors Services
NN,NextNav Inc. Common Stock,$11.45,0.98,9.36%,1446365156.00,United States,,1372272,Industrials,Industrial Machinery/Components
NNAVW,NextNav Inc. Warrant,$4.29,0.51,13.492%,541913233.00,United States,,124307,Industrials,Industrial Machinery/Components
NNBR,NN Inc. Common Stock,$3.95,0.03,0.765%,197689849.00,United States,1994,120580,Industrials,Industrial Machinery/Components
NNDM,Nano Dimension Ltd. American Depositary Shares,$2.39,0.08,3.463%,523978402.00,Israel,,1219427,Technology,Electrical Products
NNE,Nano Nuclear Energy Inc. Common Stock,$21.77,2.59,13.504%,655879224.00,United States,2024,8682981,Utilities,Electric Utilities: Central
NNI,Nelnet Inc. Common Stock,$113.66,1.32,1.175%,4120177501.00,United States,2003,47913,Finance,Finance: Consumer Services
NNN,NNN REIT Inc. Common Stock,$46.60,0.02,0.043%,8558567184.00,United States,,882137,Real Estate,Real Estate Investment Trusts
NNOX,NANO-X IMAGING LTD Ordinary Shares,$6.01,0.23,3.979%,347249554.00,Israel,2020,851065,Health Care,Medical Electronics
NNVC,NanoViricides Inc. Common Stock,$1.52,0.025,1.672%,22309040.00,United States,,142644,Health Care,Biotechnology: Pharmaceutical Preparations
NNY,Nuveen New York Municipal Value Fund Common Stock,$8.412,-0.008,-0.095%,0.00,United States,1988,34744,Finance,Investment Managers
NOA,North American Construction Group Ltd. Common Shares (no par),$17.01,-0.41,-2.354%,473342067.00,Canada,2006,56276,Energy,Oilfield Services/Equipment
NOAH,Noah Holdings Limited American Depositary Shares,$13.05,0.52,4.15%,856170463.00,China,2010,140611,Finance,Investment Managers
NOC,Northrop Grumman Corporation Common Stock,$512.15,-7.20,-1.386%,74899511958.00,United States,,680673,Industrials,Industrial Machinery/Components
NODK,NI Holdings Inc. Common Stock,$15.85,0.25,1.603%,327280976.00,United States,2017,35212,Finance,Property-Casualty Insurers
NOG,Northern Oil and Gas Inc. Common Stock,$36.55,-0.77,-2.063%,3661304071.00,United States,2022,1424779,Energy,Oil & Gas Production
NOK,Nokia Corporation Sponsored American Depositary Shares,$4.95,0.18,3.774%,27786808447.00,Finland,1994,34525367,Technology,Radio And Television Broadcasting And Communications Equipment
NOM,Nuveen Missouri Quality Municipal Income Fund ,$10.6532,0.0317,0.298%,0.00,United States,1993,728,Finance,Investment Managers
NOMD,Nomad Foods Limited Ordinary Shares,$17.83,0.27,1.538%,2909269999.00,United Kingdom,2016,360658,Consumer Staples,Packaged Foods
NOTE,FiscalNote Holdings Inc. Class A common stock,$1.02,-0.05,-4.673%,142264765.00,United States,2022,871242,Consumer Discretionary,Business Services
NOTV,Inotiv Inc. Common Stock,$1.82,0.11,6.433%,47327207.00,United States,,109909,Health Care,Biotechnology: Commercial Physical & Biological Resarch
NOV,NOV Inc. Common Stock,$15.39,-0.33,-2.099%,6059148914.00,United States,,5856930,Industrials,Metal Fabrications
NOVA,Sunnova Energy International Inc. Common Stock,$5.35,0.06,1.134%,668024829.00,United States,2019,10220020,Utilities,Power Generation
NOVT,Novanta Inc. Common Stock,$176.25,3.23,1.867%,6328098683.00,United States,,104269,Miscellaneous,Industrial Machinery/Components
NOW,ServiceNow Inc. Common Stock,$945.00,-5.85,-0.615%,194670000000.00,United States,2012,1238037,Technology,Computer Software: Prepackaged Software
NPAB,New Providence Acquisition Corp. II Class A Common Stock,$11.50,0.00,0.00%,0.00,United States,2021,552,Finance,Blank Checks
NPABU,New Providence Acquisition Corp. II Unit,$12.50,0.00,0.00%,0.00,United States,2021,13,Finance,Blank Checks
NPCE,Neuropace Inc. Common Stock,$6.38,0.03,0.472%,186276764.00,United States,2021,45872,Health Care,Medical/Dental Instruments
NPCT,Nuveen Core Plus Impact Fund Common Shares of Beneficial Interest,$11.28,0.01,0.089%,0.00,United States,2021,192739,Finance,Investment Managers
NPFD,Nuveen Variable Rate Preferred & Income Fund Common Shares,$18.73,-0.20,-1.057%,0.00,United States,2021,58612,Finance,Trusts Except Educational Religious and Charitable
NPK,National Presto Industries Inc. Common Stock,$74.58,-0.11,-0.147%,529544401.00,United States,,33269,Industrials,Ordnance And Accessories
NPO,Enpro Inc. Common Stock,$149.37,0.51,0.343%,3132964799.00,United States,,56387,Industrials,Metal Fabrications
NPV,Nuveen Virginia Quality Municipal Income Fund Common Stock,$12.80,-0.134,-1.036%,0.00,United States,1993,34638,Finance,Investment Managers
NPWR,NET Power Inc. Class A Common Stock,$9.40,0.37,4.097%,2024495963.00,United States,2021,493794,Energy,Industrial Machinery/Components
NQP,Nuveen Pennsylvania Quality Municipal Income Fund Common Stock,$11.89,-0.05,-0.419%,0.00,United States,1991,61225,Finance,Trusts Except Educational Religious and Charitable
NR,Newpark Resources Inc. Common Stock,$6.81,0.03,0.442%,588830096.00,United States,,339851,Industrials,Metal Fabrications
NRBO,NeuroBo Pharmaceuticals Inc. Common Stock,$2.85,0.07,2.518%,24108709.00,United States,2016,32294,Health Care,Biotechnology: Pharmaceutical Preparations
NRC,National Research Corporation Common Stock (Delaware),$18.77,0.81,4.51%,448063494.00,United States,,87916,Health Care,Biotechnology: Commercial Physical & Biological Resarch
NRDS,NerdWallet Inc. Class A Common Stock,$11.58,0.25,2.207%,911429712.00,United States,2021,476965,Technology,EDP Services
NRDY,Nerdy Inc. Class A Common Stock,$0.9388,-0.0112,-1.179%,167149871.00,United States,2020,896262,Real Estate,Other Consumer Services
NREF,NexPoint Real Estate Finance Inc. Common Stock,$14.28,0.14,0.99%,249344922.00,United States,2020,43980,Real Estate,Real Estate Investment Trusts
NREF^A,NexPoint Real Estate Finance Inc. 8.50% Series A Cumulative Redeemable Preferred Stock,$23.70,0.4219,1.812%,,United States,,7531,,
NRG,NRG Energy Inc. Common Stock,$88.73,1.20,1.371%,18312082493.00,United States,,2017853,Utilities,Electric Utilities: Central
NRGV,Energy Vault Holdings Inc. Common Stock,$1.72,0.06,3.614%,258832903.00,United States,2021,940675,Miscellaneous,Industrial Machinery/Components
NRIM,Northrim BanCorp Inc Common Stock,$66.66,2.10,3.253%,366759520.00,United States,,35186,Finance,Savings Institutions
NRIX,Nurix Therapeutics Inc. Common stock,$26.45,0.18,0.685%,1873619659.00,United States,2020,897792,Health Care,Biotechnology: Pharmaceutical Preparations
NRK,Nuveen New York AMT-Free Quality Municipal Income Fund ,$10.82,0.005,0.046%,0.00,United States,2002,217230,Finance,Trusts Except Educational Religious and Charitable
NRO,Neuberger Berman Real Estate Securities Income Fund Inc.,$3.925,-0.005,-0.127%,0.00,United States,2003,59004,Finance,Finance/Investors Services
NRP,Natural Resource Partners LP Limited Partnership,$97.00,1.93,2.03%,1265764931.00,United States,2002,29303,Energy,Coal Mining
NRSN,NeuroSense Therapeutics Ltd. Ordinary Shares,$1.35,0.08,6.299%,26284500.00,Israel,2021,810701,Health Care,Biotechnology: Pharmaceutical Preparations
NRSNW,NeuroSense Therapeutics Ltd. Warrant,$0.1905,-0.003,-1.55%,3709035.00,Israel,2021,2595,Health Care,Biotechnology: Pharmaceutical Preparations
NRT,North European Oil Royality Trust Common Stock,$5.31,0.02,0.378%,48802033.00,United States,,22458,Energy,Oil & Gas Production
NRUC,National Rural Utilities Cooperative Finance Corporation 5.500% Subordinated Notes due 2064 (Subordinated Deferrable Interest Notes),$24.97,0.10,0.402%,0.00,United States,2019,8534,Finance,Diversified Financial Services
NRXP,NRX Pharmaceuticals Inc. Common Stock,$1.29,0.08,6.612%,14054154.00,United States,2017,182096,Health Care,Biotechnology: Pharmaceutical Preparations
NRXPW,NRX Pharmaceuticals Inc. Warrant,$0.055,0.0049,9.78%,599208.00,United States,2017,600,Health Care,Biotechnology: Pharmaceutical Preparations
NRXS,Neuraxis Inc. Common Stock,$2.92,-0.03,-1.017%,19977533.00,,2023,6105,Health Care,Biotechnology: Electromedical & Electrotherapeutic Apparatus
NSA,National Storage Affiliates Trust Common Shares of Beneficial Interest,$43.02,0.17,0.397%,3268148049.00,United States,2015,367347,Real Estate,Real Estate Investment Trusts
NSA^A,National Storage Affiliates Trust 6.000% Series A Cumulative Redeemable Preferred Shares of Beneficial Interest (Liquidation Preference $25.00 per share),$23.245,-0.125,-0.535%,,United States,,6914,,
NSA^B,National Storage Affiliates Trust 6.000% Series B Cumulative Redeemable Preferred Shares of Beneficial Interest,$22.46,-0.01,-0.045%,,United States,,410,,
NSC,Norfolk Southern Corporation Common Stock,$253.59,2.50,0.996%,57372115887.00,United States,,964684,Industrials,Railroads
NSIT,Insight Enterprises Inc. Common Stock,$206.83,-2.31,-1.105%,6739809537.00,United States,1995,220081,Consumer Discretionary,Catalog/Specialty Distribution
NSP,Insperity Inc. Common Stock,$79.41,1.86,2.398%,2980929426.00,United States,,1207504,Consumer Discretionary,Professional Services
NSPR,InspireMD Inc. Common Stock,$2.46,0.01,0.408%,63238411.00,Israel,,18827,Health Care,Medical/Dental Instruments
NSSC,NAPCO Security Technologies Inc. Common Stock,$39.00,0.40,1.036%,1438104369.00,United States,,382870,Telecommunications,Telecommunications Equipment
NSTS,NSTS Bancorp Inc. Common Stock,$11.1717,-0.1083,-0.96%,59051070.00,United States,2022,10183,Finance,Savings Institutions
NSYS,Nortech Systems Incorporated Common Stock,$12.10,-0.07,-0.575%,33422342.00,United States,,2154,Technology,Industrial Machinery/Components
NTAP,NetApp Inc. Common Stock,$120.41,1.00,0.837%,24657883582.00,United States,1995,1111808,Technology,Electronic Components
NTB,Bank of N.T. Butterfield & Son Limited (The) Voting Ordinary Shares,$37.70,0.92,2.501%,1791844997.00,Bermuda,2016,382500,Finance,Commercial Banks
NTCT,NetScout Systems Inc. Common Stock,$21.19,0.55,2.665%,1511224691.00,United States,1999,306649,Technology,EDP Services
NTES,NetEase Inc. American Depositary Shares,$81.08,1.34,1.68%,52066059398.00,China,,1130568,Technology,Computer Software: Prepackaged Software
NTG,Tortoise Midstream Energy Fund Inc. Common Stock,$49.80,-0.66,-1.308%,0.00,,2010,4502,Finance,Finance Companies
NTGR,NETGEAR Inc. Common Stock,$20.42,0.20,0.989%,585619483.00,United States,2003,154345,Utilities,Telecommunications Equipment
NTIC,Northern Technologies International Corporation Common Stock,$12.52,0.16,1.294%,118202910.00,United States,,6067,Industrials,Industrial Specialties
NTIP,Network-1 Technologies Inc. Common Stock,$1.30,-0.02,-1.515%,30084748.00,United States,,58725,Miscellaneous,Multi-Sector Companies
NTLA,Intellia Therapeutics Inc. Common Stock,$16.34,0.39,2.445%,1659803932.00,United States,2016,3307113,Health Care,Biotechnology: In Vitro & In Vivo Diagnostic Substances
NTNX,Nutanix Inc. Class A Common Stock,$64.12,2.53,4.108%,17005562909.00,United States,2016,2522964,Technology,Computer Software: Prepackaged Software
NTR,Nutrien Ltd. Common Shares,$48.35,0.46,0.961%,23921508493.00,Canada,2004,1847554,Industrials,Agricultural Chemicals
NTRA,Natera Inc. Common Stock,$120.71,3.04,2.583%,14929585657.00,United States,2015,780241,Health Care,Medical Specialities
NTRB,Nutriband Inc. Common Stock,$6.30,0.56,9.756%,69905966.00,United States,,28627,Health Care,Industrial Specialties
NTRBW,Nutriband Inc. Warrant,$1.50,-0.10,-6.25%,16644278.00,United States,,4354,Health Care,Industrial Specialties
NTRP,NextTrip Inc. Common Stock,$2.21,-0.0101,-0.455%,3141354.00,United States,,16102,Consumer Discretionary,Miscellaneous manufacturing industries
NTRS,Northern Trust Corporation Common Stock,$101.88,1.69,1.687%,20542864667.00,United States,,1079657,Finance,Major Banks
NTRSO,Northern Trust Corporation Depositary Shares Each Representing a 1/1000th Interest in a Share of Series E Non-Cumulative Perpetual Preferred Stock,$22.58,0.085,0.378%,4552982766.00,United States,,14343,Finance,Major Banks
NTST,NetSTREIT Corp. Common Stock,$15.77,0.14,0.896%,1220245998.00,United States,2020,925192,Real Estate,Real Estate Investment Trusts
NTWK,NetSol Technologies Inc. Common  Stock,$3.24,0.09,2.857%,37036087.00,United States,,23145,Technology,Computer Software: Prepackaged Software
NTZ,Natuzzi S.p.A.,$4.38,-0.07,-1.573%,48243987.00,Italy,1993,3185,Consumer Discretionary,Home Furnishings
NU,Nu Holdings Ltd. Class A Ordinary Shares,$15.48,0.54,3.614%,73776707144.00,Cayman Islands,2021,31346061,Finance,Finance: Consumer Services
NUE,Nucor Corporation Common Stock,$147.73,6.26,4.425%,35061943922.00,United States,,1864658,Industrials,Steel/Iron Ore
NUKK,Nukkleus Inc. Common Stock,$2.67,0.07,2.692%,5604319.00,China,2020,244191,Consumer Discretionary,Professional Services
NUKKW,Nukkleus Inc. Warrants,$0.0125,0.0013,11.607%,26237.00,China,2020,1996,Consumer Discretionary,Professional Services
NURO,NeuroMetrix Inc. Common Stock,$4.01,-0.04,-0.988%,8123755.00,United States,2004,6324,Health Care,Medical/Dental Instruments
NUS,Nu Skin Enterprises Inc. Common Stock,$6.18,0.02,0.325%,307156135.00,United States,1996,693966,Health Care,Other Pharmaceuticals
NUTX,Nutex Health Inc. Common Stock,$24.00,-0.29,-1.194%,121577016.00,United States,,46992,Consumer Discretionary,Business Services
NUV,Nuveen Municipal Value Fund Inc. Common Stock,$8.91,-0.01,-0.112%,0.00,United States,1987,365807,Finance,Trusts Except Educational Religious and Charitable
NUVB,Nuvation Bio Inc. Class A Common Stock,$2.35,0.14,6.335%,585726053.00,United States,2020,1186437,Health Care,Biotechnology: Pharmaceutical Preparations
NUVL,Nuvalent Inc. Class A Common Stock,$92.69,1.99,2.194%,6006089822.00,United States,2021,681769,Health Care,Biotechnology: Pharmaceutical Preparations
NUW,Nuveen AMT-Free Municipal Value Fund,$13.91,-0.02,-0.144%,0.00,United States,2009,49864,Finance,Investment Managers
NUWE,Nuwellis Inc. Common Stock,$2.08,0.22,11.828%,3889600.00,United States,,312438,Health Care,Biotechnology: Electromedical & Electrotherapeutic Apparatus
NUZE,NuZee Inc. Common Stock,$0.918,-0.032,-3.368%,4594746.00,United States,,438927,Consumer Discretionary,Other Specialty Stores
NVA,Nova Minerals Limited American Depositary Shares,$10.94,0.26,2.434%,49605034.00,Australia,2024,117799,Basic Materials,Precious Metals
NVAC,NorthView Acquisition Corporation Common Stock,$11.70,0.00,0.00%,0.00,United States,2022,7,Health Care,Medical/Dental Instruments
NVACR,NorthView Acquisition Corporation Rights,$0.0401,-0.0199,-33.167%,0.00,United States,2022,45358,Health Care,Medical/Dental Instruments
NVAWW,Nova Minerals Limited Warrant,$3.60,0.0862,2.453%,0.00,Australia,2024,137934,,
NVAX,Novavax Inc. Common Stock,$10.25,0.505,5.182%,1640959800.00,United States,,5133712,Health Care,Biotechnology: Biological Products (No Diagnostic Substances)
NVCR,NovoCure Limited Ordinary Shares,$16.62,-0.12,-0.717%,1798574684.00,Jersey,2015,1070083,Health Care,Medical/Dental Instruments
NVCT,Nuvectis Pharma Inc. Common Stock,$7.84,-0.92,-10.502%,146237074.00,United States,2022,316709,Health Care,Biotechnology: Pharmaceutical Preparations
NVDA,NVIDIA Corporation Common Stock,$140.52,-1.02,-0.721%,3446955600000.00,United States,1999,173018190,Technology,Semiconductors
NVEC,NVE Corporation Common Stock,$78.57,2.15,2.813%,379808951.00,United States,,12805,Technology,Semiconductors
NVEE,NV5 Global Inc. Common Stock,$22.44,0.56,2.559%,1461346746.00,United States,2013,401041,Consumer Discretionary,Other Consumer Services
NVEI,Nuvei Corporation Subordinate Voting Shares,$33.53,0.04,0.119%,4754042802.00,Canada,,400752,Consumer Discretionary,Business Services
NVFY,Nova Lifestyle Inc. Common Stock,$1.16,-0.02,-1.695%,3578293.00,United States,,10061,Consumer Discretionary,Home Furnishings
NVG,Nuveen AMT-Free Municipal Credit Income Fund ,$12.59,-0.06,-0.474%,0.00,United States,2002,527915,Finance,Investment Managers
NVGS,Navigator Holdings Ltd. Ordinary Shares (Marshall Islands),$16.00,0.15,0.946%,1171337376.00,Isle of Man,2013,139937,Consumer Discretionary,Marine Transportation
NVMI,Nova Ltd. Ordinary Shares,$189.06,4.82,2.616%,5485356023.00,Israel,2000,149238,Technology,Electronic Components
NVNI,Nvni Group Limited Ordinary Shares,$0.75,0.029,4.022%,21296955.00,Cayman Islands,,9113,Technology,Computer Software: Prepackaged Software
NVNIW,Nvni Group Limited Warrants,$0.018,0.002,12.50%,511127.00,Cayman Islands,,100,Technology,Computer Software: Prepackaged Software
NVNO,enVVeno Medical Corporation Common Stock,$3.46,0.14,4.217%,46121800.00,United States,2018,252801,Health Care,Medical/Dental Instruments
NVO,Novo Nordisk A/S Common Stock,$112.36,-1.02,-0.90%,501376083361.00,Denmark,,5353622,Health Care,Biotechnology: Pharmaceutical Preparations
NVOS,Novo Integrated Sciences Inc. Common Stock,$0.2022,-0.0151,-6.949%,3852825.00,United States,,427519,Industrials,Industrial Machinery/Components
NVR,NVR Inc. Common Stock,$9307.799999999999,-21.94,-0.235%,28645620125.00,United States,1998,16551,Consumer Discretionary,Homebuilding
NVRI,Enviri Corporation Common Stock,$10.15,0.13,1.297%,813133765.00,United States,,301156,Miscellaneous,Diversified Commercial Services
NVRO,Nevro Corp. Common Stock,$4.91,0.33,7.205%,183060335.00,United States,2014,342075,Health Care,Medical/Dental Instruments
NVS,Novartis AG Common Stock,$115.63,1.84,1.617%,236351649801.00,Switzerland,,1601611,Health Care,Biotechnology: Pharmaceutical Preparations
NVST,Envista Holdings Corporation Common Stock,$19.23,0.34,1.80%,3306511907.00,United States,2019,2288003,Health Care,Medical/Dental Instruments
NVT,nVent Electric plc Ordinary Shares ,$74.83,1.49,2.032%,12437877430.00,United Kingdom,2018,1437851,Industrials,Industrial Machinery/Components
NVTS,Navitas Semiconductor Corporation Common Stock,$2.78,0.23,9.02%,510012367.00,United States,,3982677,Technology,Semiconductors
NVVE,Nuvve Holding Corp. Common Stock,$3.98,-0.02,-0.50%,2597838.00,China,2020,9682,Industrials,Electrical Products
NVVEW,Nuvve Holding Corp. Warrant,$0.0253,-0.0027,-9.643%,16514.00,China,2020,33986,Industrials,Electrical Products
NVX,NOVONIX Limited American Depository Shares,$2.10,0.06,2.941%,256585067.00,Australia,,39375,Miscellaneous,Industrial Machinery/Components
NWBI,Northwest Bancshares Inc. Common Stock,$13.48,0.41,3.137%,1716963763.00,United States,2009,822061,Finance,Major Banks
NWE,NorthWestern Energy Group Inc. Common Stock,$55.34,0.86,1.579%,3392369504.00,United States,,485644,Utilities,Power Generation
NWFL,Norwood Financial Corp. Common Stock,$27.38,0.28,1.033%,221377622.00,United States,,3377,Finance,Major Banks
NWG,NatWest Group plc American Depositary Shares (each representing two (2) Ordinary Shares),$9.72,0.23,2.424%,40363057392.00,United Kingdom,2022,3341965,Finance,Commercial Banks
NWGL,Nature Wood Group Limited American Depositary Shares,$1.42,-0.07,-4.698%,23505494.00,China,2023,1281,Energy,
NWL,Newell Brands Inc. Common Stock,$9.53,0.80,9.164%,3964480000.00,United States,,11575757,Industrials,Plastic Products
NWN,Northwest Natural Holding Company Common Stock,$40.41,0.45,1.126%,1562665692.00,United States,,133681,Utilities,Oil/Gas Transmission
NWPX,Northwest Pipe Company Common Stock,$44.84,1.34,3.08%,444755001.00,United States,1995,49948,Industrials,Steel/Iron Ore
NWS,News Corporation Class B Common Stock,$28.24,0.49,1.766%,16056833086.00,United States,,414370,Consumer Discretionary,Newspapers/Magazines
NWSA,News Corporation Class A Common Stock,$26.51,0.52,2.001%,15073181484.00,United States,,3403086,Consumer Discretionary,Newspapers/Magazines
NWTN,NWTN Inc. Class B Ordinary Shares,$0.991,0.0521,5.549%,283609851.00,United Arab Emirates,,1618497,Consumer Discretionary,Auto Manufacturing
NWTNW,NWTN Inc. Warrant,$0.0597,0.0007,1.186%,17085276.00,United Arab Emirates,,62017,Consumer Discretionary,Auto Manufacturing
NX,Quanex Building Products Corporation Common Stock,$30.14,0.80,2.727%,1424177390.00,United States,,176155,Industrials,Metal Fabrications
NXC,Nuveen California Select Tax-Free Income Portfolio Common Stock,$13.58,-0.09,-0.658%,86380791.00,United States,1992,10588,Finance,Investment Managers
NXDT,NexPoint Diversified Real Estate Trust Common Stock,$5.42,0.00,0.00%,220323640.00,United States,,134267,Real Estate,Real Estate Investment Trusts
NXDT^A,NexPoint Diversified Real Estate Trust 5.50% Series A Cumulative Preferred Shares ($25.00 liquidation preference per share),$15.56,0.00,0.00%,,United States,,5123,,
NXE,Nexgen Energy Ltd. Common Shares,$7.61,0.08,1.062%,4297333493.00,Canada,2017,3233218,Basic Materials,Other Metals and Minerals
NXG,NXG NextGen Infrastructure Income Fund Common Shares of Beneficial Interest,$44.00,0.1136,0.259%,114475416.00,,2012,19836,,
NXGL,NexGel Inc Common Stock,$2.95,-0.04,-1.338%,18656585.00,United States,2021,58365,Health Care,Medical/Dental Instruments
NXGLW,NexGel Inc Warrant,$0.50,0.00,0.00%,3162133.00,United States,2021,1,Health Care,Medical/Dental Instruments
NXJ,Nuveen New Jersey Qualified Municipal Fund ,$12.51,-0.105,-0.832%,0.00,United States,2001,97262,Finance,Finance/Investors Services
NXL,Nexalin Technology Inc. Common Stock,$2.20,-0.09,-3.93%,23290436.00,United States,2022,2898136,Health Care,Biotechnology: Electromedical & Electrotherapeutic Apparatus
NXLIW,Nexalin Technology Inc. Warrant,$0.2502,-0.0499,-16.628%,2648758.00,United States,2022,1820,Health Care,Biotechnology: Electromedical & Electrotherapeutic Apparatus
NXN,Nuveen New York Select Tax-Free Income Portfolio Common Stock,$11.93,-0.08,-0.666%,46823997.00,United States,1992,25662,Finance,Trusts Except Educational Religious and Charitable
NXP,Nuveen Select Tax Free Income Portfolio Common Stock,$14.82,-0.05,-0.336%,693562855.00,United States,1992,89387,Finance,Trusts Except Educational Religious and Charitable
NXPI,NXP Semiconductors N.V. Common Stock,$249.70,6.54,2.69%,63606812621.00,Netherlands,2010,2812004,Technology,Semiconductors
NXPL,NextPlat Corp Common Stock,$1.1403,0.0403,3.664%,21635078.00,United States,,36407,Telecommunications,Telecommunications Equipment
NXPLW,NextPlat Corp Warrants,$0.2199,-0.0001,-0.045%,4172195.00,United States,,256,Telecommunications,Telecommunications Equipment
NXRT,NexPoint Residential Trust Inc. Common Stock,$43.00,-0.19,-0.44%,1092352091.00,United States,2015,112393,Real Estate,Real Estate Investment Trusts
NXST,Nexstar Media Group Inc. Common Stock,$173.81,2.88,1.685%,5606791137.00,United States,2003,201344,Industrials,Broadcasting
NXT,Nextracker Inc. Class A Common Stock,$32.56,1.10,3.497%,4732512418.00,United States,2023,2358044,Industrials,Industrial Machinery/Components
NXTC,NextCure Inc. Common Stock,$1.36,-0.03,-2.158%,38047142.00,United States,2019,50933,Health Care,Biotechnology: Pharmaceutical Preparations
NXTT,Next Technology Holding Inc. Ordinary Shares,$1.17,0.02,1.739%,8162400.00,China,,28231,Technology,EDP Services
NXU,Nxu Inc. Class A Common Stock,$0.5188,-0.098,-15.888%,6330177.00,United States,2022,2680179,Consumer Discretionary,Construction/Ag Equipment/Trucks
NYAX,Nayax Ltd. Ordinary Shares,$27.83,1.16,4.349%,1009115800.00,Israel,,15386,Technology,Computer Software: Prepackaged Software
NYC,American Strategic Investment Co. Class A Common Stock,$9.00,0.06,0.671%,23784876.00,,2020,9639,Real Estate,Real Estate Investment Trusts
NYMT,New York Mortgage Trust Inc. Common Stock,$5.28,0.04,0.763%,478259491.00,United States,,963845,Real Estate,Real Estate Investment Trusts
NYMTI,New York Mortgage Trust Inc. 9.125% Senior Notes Due 2029,$25.08,-0.06,-0.239%,2271732581.00,United States,,14798,Real Estate,Real Estate Investment Trusts
NYMTL,New York Mortgage Trust Inc. 6.875% Series F Fixed-to-Floating Rate Cumulative Redeemable Preferred Stock $0.01 par value per share,$21.95,0.35,1.62%,1988218906.00,United States,,8823,Real Estate,Real Estate Investment Trusts
NYMTM,New York Mortgage Trust Inc. 7.875% Series E Fixed-to-Floating Rate Cumulative Redeemable Preferred Stock,$24.75,-0.04,-0.161%,2241841363.00,United States,,8599,Real Estate,Real Estate Investment Trusts
NYMTN,New York Mortgage Trust Inc. 8.00% Series D Fixed-to-Floating Rate Cumulative Redeemable Preferred Stock,$23.00,-0.17,-0.734%,2083327327.00,United States,,13924,Real Estate,Real Estate Investment Trusts
NYMTZ,New York Mortgage Trust Inc. 7.000% Series G Cumulative Redeemable Preferred Stock $0.01 par value per share,$20.0784,-0.3716,-1.817%,1818690409.00,United States,,4659,Real Estate,Real Estate Investment Trusts
NYT,New York Times Company (The) Common Stock,$55.46,0.03,0.054%,9108197741.00,United States,,740652,Consumer Discretionary,Newspapers/Magazines
NYXH,Nyxoah SA Ordinary Shares,$9.74,0.04,0.412%,279148400.00,Belgium,2021,6255,Health Care,Medical/Dental Instruments
NZF,Nuveen Municipal Credit Income Fund ,$12.54,-0.02,-0.159%,0.00,United States,2007,648662,Finance,Finance Companies
O,Realty Income Corporation Common Stock,$61.29,-0.02,-0.033%,53375475694.00,United States,,4600483,Real Estate,Real Estate Investment Trusts
OABI,OmniAb Inc. Common Stock,$3.87,0.12,3.20%,457289614.00,United States,2021,159096,Health Care,Biotechnology: Commercial Physical & Biological Resarch
OABIW,OmniAb Inc. Warrant,$0.2901,0.0001,0.034%,34278997.00,United States,2021,47286,Health Care,Biotechnology: Commercial Physical & Biological Resarch
OACCU,Oaktree Acquisition Corp. III Life Sciences Unit,$10.00,0.00,0.00%,0.00,United States,2024,249217,Finance,Blank Checks
OAK^A,Brookfield Oaktree Holdings LLC 6.625% Series A Preferred Units,$23.96,0.12,0.503%,,United States,,9290,,
OAK^B,Brookfield Oaktree Holdings LLC 6.550% Series B Preferred Units,$23.04,0.09,0.392%,,United States,,12292,,
OAKU,Oak Woods Acquisition Corporation Class A Ordinary Shares,$11.17,0.00,0.00%,0.00,Canada,2023,3,Finance,Blank Checks
OAKUW,Oak Woods Acquisition Corporation Warrant,$0.035,0.00,0.00%,0.00,Canada,2023,1,Finance,Blank Checks
OB,Outbrain Inc. Common Stock,$4.39,0.09,2.093%,216038059.00,United States,2021,60187,Technology,Computer Software: Programming Data Processing
OBDC,Blue Owl Capital Corporation Common Stock,$15.31,0.16,1.056%,5974226924.00,,2019,1105906,Finance,Diversified Financial Services
OBDE,Blue Owl Capital Corporation III Common Stock,$14.64,0.14,0.966%,1805943889.00,,2024,195834,,
OBE,Obsidian Energy Ltd. Common Shares,$5.69,-0.22,-3.723%,432470783.00,Canada,2022,380610,Energy,Oil & Gas Production
OBIO,Orchestra BioMed Holdings Inc. Ordinary Shares,$5.87,0.21,3.71%,222030232.00,United States,2020,57796,Health Care, Medicinal Chemicals and Botanical Products 
OBK,Origin Bancorp Inc. Common Stock,$31.88,0.67,2.147%,992746866.00,United States,,123391,Finance,Major Banks
OBLG,Oblong Inc. Common Stock,$3.74,-0.02,-0.532%,2640664.00,United States,,321641,Technology,Computer Software: Programming Data Processing
OBT,Orange County Bancorp Inc. Common Stock,$57.30,4.15,7.808%,324528348.00,United States,,15710,Finance,Major Banks
OC,Owens Corning Inc Common Stock New,$185.05,3.15,1.732%,16089794018.00,United States,,473632,Industrials,Industrial Machinery/Components
OCC,Optical Cable Corporation Common Stock,$2.3109,-0.0591,-2.494%,18996393.00,United States,,3649,Industrials,Telecommunications Equipment
OCCI,OFS Credit Company Inc. Common Stock,$7.03,0.00,0.00%,81664065.00,United States,2018,209068,Finance,Trusts Except Educational Religious and Charitable
OCCIM,OFS Credit Company Inc. 7.875% Series F Term Preferred Stock,$24.9902,0.0302,0.121%,0.00,United States,,1042,,
OCCIN,OFS Credit Company Inc. 5.25% Series E Term Preferred Stock Due 2026,$23.65,-0.1119,-0.471%,274730462.00,United States,,424,Finance,Trusts Except Educational Religious and Charitable
OCCIO,OFS Credit Company Inc. 6.125% Series C Term Preferred Stock,$24.7999,-0.0401,-0.161%,288088286.00,United States,,404,Finance,Trusts Except Educational Religious and Charitable
OCEA,Ocean Biomedical Inc. Common Stock,$0.9178,-0.0322,-3.389%,31800894.00,United States,2021,45354,Health Care,Biotechnology: Pharmaceutical Preparations
OCEAW,Ocean Biomediacal Inc. Warrants,$0.0382,-0.0018,-4.50%,1323594.00,United States,2021,6453,Health Care,Biotechnology: Pharmaceutical Preparations
OCFC,OceanFirst Financial Corp. Common Stock,$18.30,0.62,3.507%,1070264849.00,United States,,116644,Finance,Major Banks
OCFCP,OceanFirst Financial Corp. Depositary Shares,$25.4399,0.2298,0.912%,1487837745.00,United States,,3586,Finance,Major Banks
OCFT,OneConnect Financial Technology Co. Ltd. American Depositary Shares each representing thirty ordinary shares,$2.62,0.165,6.721%,102178310.00,China,2019,30891,Technology,Computer Software: Programming Data Processing
OCG,Oriental Culture Holding LTD Ordinary Shares,$1.335,-0.055,-3.957%,6100950.00,China,2020,18913,Consumer Discretionary,Other Consumer Services
OCGN,Ocugen Inc. Common Stock,$1.01,0.0854,9.236%,290736347.00,United States,2014,5342129,Health Care,Biotechnology: Biological Products (No Diagnostic Substances)
OCS,Oculis Holding AG Ordinary shares,$17.05,1.25,7.911%,711837500.00,Switzerland,,120862,Health Care,Biotechnology: Pharmaceutical Preparations
OCSAW,Oculis Holding AG Warrants,$5.40,0.81,17.647%,225450000.00,Switzerland,,53978,Health Care,Biotechnology: Pharmaceutical Preparations
OCSL,Oaktree Specialty Lending Corporation Common Stock,$16.45,0.10,0.612%,1352935498.00,United States,,322452,Finance,Finance: Consumer Services
OCTO,Eightco Holdings Inc. Common Stock,$2.15,0.21,10.825%,3827647.00,United States,,49622,,
OCUL,Ocular Therapeutix Inc. Common Stock,$11.37,0.23,2.065%,1772829558.00,United States,2014,1076035,Health Care,Biotechnology: Pharmaceutical Preparations
OCX,Oncocyte Corporation Common Stock,$3.10,0.06,1.974%,41442000.00,United States,,35595,Health Care,Biotechnology: In Vitro & In Vivo Diagnostic Substances
ODC,Oil-Dri Corporation Of America Common Stock,$68.75,-1.15,-1.645%,501186744.00,United States,,14098,Consumer Discretionary,Miscellaneous manufacturing industries
ODD,ODDITY Tech Ltd. Class A Ordinary Shares,$39.70,1.70,4.474%,2257606998.00,Israel,2023,173589,Consumer Discretionary,Package Goods/Cosmetics
ODFL,Old Dominion Freight Line Inc. Common Stock,$200.88,3.09,1.562%,43047891366.00,United States,1991,1635849,Industrials,Trucking Freight/Courier Services
ODP,The ODP Corporation Common Stock,$31.88,0.62,1.983%,1070561579.00,United States,,547741,Consumer Discretionary,Other Specialty Stores
ODV,Osisko Development Corp. Common Shares,$1.89,-0.07,-3.571%,187728627.00,Canada,2022,489298,Basic Materials,Precious Metals
ODVWZ,Osisko Development Corp. Warrant expiring 5/27/2027,$0.2433,-0.0267,-9.889%,24166336.00,Canada,,600,Basic Materials,Precious Metals
OEC,Orion S.A. Common Shares,$15.54,0.21,1.37%,906861890.00,Luxembourg,2014,469752,Industrials,Major Chemicals
OESX,Orion Energy Systems Inc. Common Stock,$0.98,0.00,0.00%,32088541.00,United States,2015,26903,Consumer Discretionary,Building Products
OFG,OFG Bancorp Common Stock,$40.63,1.66,4.26%,1891795045.00,Puerto Rico,,415129,Finance,Major Banks
OFIX,Orthofix Medical Inc. Common Stock (DE),$16.18,0.30,1.889%,617668021.00,Curacao,1992,174052,Health Care,Medical/Dental Instruments
OFLX,Omega Flex Inc. Common Stock,$49.92,1.36,2.801%,503908554.00,United States,,13527,Industrials,Industrial Specialties
OFS,OFS Capital Corporation Common Stock,$8.15,0.00,0.00%,109194336.00,United States,,43834,Finance,Finance/Investors Services
OGE,OGE Energy Corp Common Stock,$40.65,0.18,0.445%,8165254241.00,United States,,810141,Utilities,Electric Utilities: Central
OGEN,Oragenics Inc. Common Stock,$0.3249,0.0103,3.274%,1813167.00,United States,,221700,Health Care,Biotechnology: Pharmaceutical Preparations
OGI,Organigram Holdings Inc. Common Shares,$1.88,0.03,1.622%,195146540.00,Canada,,378235,Health Care,Biotechnology: Pharmaceutical Preparations
OGN,Organon & Co. Common Stock ,$17.46,0.30,1.748%,4495486908.00,United States,2021,1557365,Health Care,Biotechnology: Pharmaceutical Preparations
OGS,ONE Gas Inc. Common Stock,$73.69,0.63,0.862%,4174859125.00,United States,2014,207439,Utilities,Oil/Gas Transmission
OHI,Omega Healthcare Investors Inc. Common Stock,$41.57,0.02,0.048%,10718363073.00,United States,1992,1349011,Real Estate,Real Estate Investment Trusts
OI,O-I Glass Inc. Common Stock,$12.74,0.59,4.856%,1979341080.00,United States,,2219879,Consumer Discretionary,Containers/Packaging
OIA,Invesco Municipal Income Opportunities Trust Common Stock,$6.57,-0.03,-0.455%,312768720.00,United States,,103281,Finance,Finance Companies
OII,Oceaneering International Inc. Common Stock,$24.90,-0.53,-2.084%,2526888030.00,United States,,826633,Energy,Oilfield Services/Equipment
OIS,Oil States International Inc. Common Stock,$4.35,0.04,0.928%,277477700.00,United States,2001,521894,Industrials,Metal Fabrications
OKE,ONEOK Inc. Common Stock,$96.02,-0.64,-0.662%,56082778182.00,United States,,2442628,Utilities,Oil & Gas Production
OKLO,Oklo Inc. Class A common stock,$24.50,5.39,28.205%,2991358615.00,United States,2021,44950779,Utilities,Electric Utilities: Central
OKTA,Okta Inc. Class A Common Stock,$73.25,1.01,1.398%,12442395602.00,United States,2017,1476558,Technology,Computer Software: Prepackaged Software
OKUR,OnKure Therapeutics Inc. Class A Common Stock,$17.36,0.33,1.938%,58032414.00,United States,2021,31379,Health Care,Biotechnology: Pharmaceutical Preparations
OKYO,OKYO Pharma Limited Ordinary Shares,$1.1401,-0.1199,-9.516%,38580984.00,Guernsey,2022,266757,Health Care,Biotechnology: Biological Products (No Diagnostic Substances)
OLB,The OLB Group Inc. Common Stock,$2.2357,0.0557,2.555%,4018856.00,United States,,47239,Consumer Discretionary,Business Services
OLED,Universal Display Corporation Common Stock,$204.16,2.01,0.994%,9687830740.00,United States,,207051,Technology,Electrical Products
OLLI,Ollie's Bargain Outlet Holdings Inc. Common Stock,$89.59,-1.12,-1.235%,5496200558.00,United States,2015,1028374,Consumer Discretionary,Department/Specialty Retail Stores
OLMA,Olema Pharmaceuticals Inc. Common Stock,$11.81,0.26,2.251%,676315688.00,United States,2020,535034,Health Care,Biotechnology: Pharmaceutical Preparations
OLN,Olin Corporation Common Stock,$41.71,0.28,0.676%,4902642117.00,United States,,1773328,Industrials,Major Chemicals
OLO,Olo Inc. Class A Common Stock,$5.19,0.12,2.367%,841332673.00,United States,2021,811890,Technology,Computer Software: Prepackaged Software
OLP,One Liberty Properties Inc. Common Stock,$27.00,0.18,0.671%,576189288.00,United States,1986,36370,Real Estate,Real Estate Investment Trusts
OLPX,Olaplex Holdings Inc. Common Stock,$2.15,0.13,6.436%,1423267073.00,United States,2021,1204526,Consumer Discretionary,Package Goods/Cosmetics
OM,Outset Medical Inc. Common Stock,$0.5538,0.0098,1.801%,28847328.00,United States,2020,366768,Health Care,Biotechnology: Electromedical & Electrotherapeutic Apparatus
OMAB,Grupo Aeroportuario del Centro Norte S.A.B. de C.V. ADS,$69.29,3.28,4.969%,3344709924.00,Mexico,2006,76476,Consumer Discretionary,Aerospace
OMC,Omnicom Group Inc. Common Stock,$102.50,1.98,1.97%,19997041930.00,United States,,1647622,Consumer Discretionary,Advertising
OMCC,Old Market Capital Corporation Common Stock,$5.92,0.00,0.00%,43216000.00,United States,,5638,Finance,Finance Companies
OMCL,Omnicell Inc. Common Stock ($0.001 par value),$40.39,0.89,2.253%,1857689461.00,United States,2001,455527,Technology,Computer Manufacturing
OMER,Omeros Corporation Common Stock,$4.26,0.07,1.671%,246853619.00,United States,2009,189131,Health Care,Biotechnology: Pharmaceutical Preparations
OMEX,Odyssey Marine Exploration Inc. Common Stock,$0.561,0.0426,8.218%,11553335.00,United States,,854493,Consumer Discretionary,Marine Transportation
OMF,OneMain Holdings Inc. Common Stock,$48.10,1.63,3.508%,6249687738.00,United States,2013,1201065,Finance,Finance: Consumer Services
OMGA,Omega Therapeutics Inc. Common Stock,$1.27,-0.12,-8.633%,70046831.00,United States,2021,405153,Health Care,Biotechnology: Biological Products (No Diagnostic Substances)
OMH,Ohmyhome Limited Ordinary Shares,$0.4365,0.0266,6.489%,9945701.00,Singapore,2023,167431,Finance,Real Estate
OMI,Owens & Minor Inc. Common Stock,$13.31,-0.10,-0.746%,1026149730.00,United States,,747340,Health Care,Medical Specialities
OMIC,Singular Genomics Systems Inc. Common Stock,$13.32,-0.68,-4.857%,33242644.00,United States,2021,23168,Industrials,Biotechnology: Laboratory Analytical Instruments
ON,ON Semiconductor Corporation Common Stock,$72.24,0.99,1.389%,30944445892.00,United States,,16685133,Technology,Semiconductors
ONB,Old National Bancorp Common Stock,$19.31,0.60,3.207%,6159310700.00,United States,,2228412,Finance,Major Banks
ONBPO,Old National Bancorp Depositary Shares Each Representing a 1/40th Interest in a Share of Series C Preferred Stock,$25.54,0.135,0.531%,8146493800.00,United States,,1496,Finance,Major Banks
ONBPP,Old National Bancorp Depositary Shares Each Representing a 1/40th Interest in a Share of Series A Preferred Stock,$25.34,-0.01,-0.039%,8082699800.00,United States,,2908,Finance,Major Banks
ONCO,Onconetix Inc. Common Stock,$3.58,-0.25,-6.527%,29692935.00,United States,2022,31117,Health Care,Biotechnology: Pharmaceutical Preparations
ONCT,Oncternal Therapeutics Inc. Common Stock,$1.435,-0.055,-3.691%,4247091.00,United States,2004,53298,Health Care,Biotechnology: Pharmaceutical Preparations
ONCY,Oncolytics Biotech Inc. Common Shares,$1.22,0.00,0.00%,93922960.00,Canada,,394547,Health Care,Biotechnology: Pharmaceutical Preparations
ONDS,Ondas Holdings Inc. Common Stock,$0.87,0.0123,1.434%,65511000.00,United States,,213860,Technology,Radio And Television Broadcasting And Communications Equipment
ONEW,OneWater Marine Inc. Class A Common Stock,$22.67,1.41,6.632%,364008019.00,United States,2020,44392,Consumer Discretionary,Auto & Home Supply Stores
ONFO,Onfolio Holdings Inc. Common Stock,$1.45,0.32,28.319%,7434724.00,United States,2022,75299,Technology,EDP Services
ONFOW,Onfolio Holdings Inc. Warrant,$0.2555,0.0743,41.004%,1310050.00,United States,2022,30921,Technology,EDP Services
ONIT,Onity Group Inc. Common Stock,$30.18,0.41,1.377%,236763760.00,United States,,20305,Finance,Finance: Consumer Services
ONL,Orion Office REIT Inc. Common Stock,$3.93,0.10,2.611%,219874862.00,United States,2021,190692,Real Estate,Real Estate Investment Trusts
ONMD,OneMedNet Corp Class A Common Stock,$0.8598,-0.0502,-5.516%,23601510.00,United Kingdom,2021,157931,Health Care,Biotechnology: Commercial Physical & Biological Resarch
ONMDW,OneMedNet Corp Warrant,$0.023,-0.004,-14.815%,631350.00,United Kingdom,2021,62406,Health Care,Biotechnology: Commercial Physical & Biological Resarch
ONON,On Holding AG Class A Ordinary Shares,$50.61,-0.04,-0.079%,31866727044.00,,2021,2780272,Consumer Discretionary,Shoe Manufacturing
ONTF,ON24 Inc. Common Stock,$6.37,0.14,2.247%,264541456.00,United States,2021,61363,Technology,Computer Software: Prepackaged Software
ONTO,Onto Innovation Inc. Common Stock,$202.24,-2.15,-1.052%,9987342702.00,United States,,423096,Industrials,Industrial Machinery/Components
ONVO,Organovo Holdings Inc. Common Stock,$0.428,-0.0139,-3.146%,6575825.00,United States,,247666,Health Care,Biotechnology: Biological Products (No Diagnostic Substances)
ONYX,Onyx Acquisition Co. I Class A Ordinary Shares,$11.39,-0.11,-0.957%,0.00,United States,2021,277,Finance,Blank Checks
ONYXW,Onyx Acquisition Co. I Warrant,$0.0009,-0.0051,-85.00%,0.00,United States,2021,448310,Finance,Blank Checks
OOMA,Ooma Inc. Common Stock,$12.32,0.22,1.818%,330176000.00,United States,2015,81783,Technology,EDP Services
OP,OceanPal Inc. Common Stock,$1.66,-0.0524,-3.06%,12364678.00,Greece,,11291,Consumer Discretionary,Marine Transportation
OPAD,Offerpad Solutions Inc. Class A Common Stock,$2.99,0.16,5.654%,81788436.00,United States,2020,16475,Finance,Real Estate
OPAL,OPAL Fuels Inc. Class A Common Stock,$3.92,0.04,1.031%,677461546.00,United States,2021,71396,Utilities,Natural Gas Distribution
OPBK,OP Bancorp Common Stock,$14.42,0.27,1.908%,213584296.00,United States,2018,58440,Finance,Major Banks
OPCH,Option Care Health Inc. Common Stock,$30.15,0.70,2.377%,5156363651.00,United States,,1359489,Health Care,Medical/Nursing Services
OPEN,Opendoor Technologies Inc Common Stock,$1.87,0.12,6.857%,1314618553.00,United States,,29799379,Finance,Real Estate
OPFI,OppFi Inc. Class A Common Stock,$5.39,0.34,6.733%,464901929.00,,2020,337538,Finance,Finance: Consumer Services
OPHC,OptimumBank Holdings Inc. Common Stock,$4.805,0.205,4.457%,46500056.00,United States,,59455,Finance,Major Banks
OPI,Office Properties Income Trust Common Shares of Beneficial Interest,$1.87,-0.03,-1.579%,93963339.00,United States,,838104,Finance,Real Estate
OPINL,Office Properties Income Trust 6.375% Senior Notes due 2050,$14.25,-0.25,-1.724%,716030794.00,United States,,2049,Finance,Real Estate
OPK,OPKO Health Inc. Common Stock,$1.50,0.08,5.634%,1046064083.00,United States,,4181891,Health Care,Biotechnology: Pharmaceutical Preparations
OPOF,Old Point Financial Corporation Common Stock,$20.41,0.08,0.394%,103598629.00,United States,,507,Finance,Major Banks
OPP,RiverNorth/DoubleLine Strategic Opportunity Fund Inc. Common Stock,$8.73,-0.04,-0.456%,0.00,United States,2016,60436,Finance,Finance/Investors Services
OPP^A,RiverNorth/DoubleLine Strategic Opportunity Fund Inc. 4.375% Series A Cumulative Preferred Stock,$19.38,0.06,0.311%,,United States,,2800,,
OPP^B,RiverNorth/DoubleLine Strategic Opportunity Fund Inc. 4.75% Series B Cumulative Preferred Stock,$19.9701,-0.2299,-1.138%,,United States,,2227,,
OPRA,Opera Limited American Depositary Shares,$16.87,0.39,2.367%,1476433451.00,Norway,2018,800696,Technology,Computer Software: Prepackaged Software
OPRT,Oportun Financial Corporation Common Stock,$2.68,0.05,1.901%,95736892.00,United States,2019,90612,Finance,Finance: Consumer Services
OPRX,OptimizeRx Corporation Common Stock,$5.72,0.26,4.762%,104801188.00,United States,,102573,Consumer Discretionary,Business Services
OPT,Opthea Limited American Depositary Shares,$4.48,0.31,7.434%,689412985.00,Australia,2020,35926,Health Care,Biotechnology: Biological Products (No Diagnostic Substances)
OPTN,OptiNose Inc. Common Stock,$0.7835,0.0121,1.569%,118133631.00,United States,2017,188506,Health Care,Biotechnology: Pharmaceutical Preparations
OPTT,Ocean Power Technologies Inc. Common Stock,$0.154,0.004,2.667%,15082105.00,United States,2007,2722117,Utilities,Electric Utilities: Central
OPTX,Syntec Optics Holdings Inc. Class A Common Stock,$1.57,0.03,1.948%,57600578.00,United States,2022,25308,Technology,Electronic Components
OPTXW,Syntec Optics Holdings Inc. Warrant,$0.06,0.001,1.695%,2201296.00,United States,2022,3250,Technology,Electronic Components
OPXS,Optex Systems Holdings Inc. Common Stock,$9.42,-0.28,-2.887%,64745864.00,United States,,19293,Technology,Electronic Components
OPY,Oppenheimer Holdings Inc. Class A Common Stock (DE),$57.64,3.59,6.642%,595554579.00,United States,,79545,Finance,Investment Bankers/Brokers/Service
OR,Osisko Gold Royalties Ltd Common Shares,$20.78,0.08,0.386%,3869842485.00,Canada,2016,301634,Basic Materials,Precious Metals
ORA,Ormat Technologies Inc. Common Stock,$81.44,2.57,3.259%,4923303966.00,United States,2004,429527,Utilities,Electric Utilities: Central
ORC,Orchid Island Capital Inc. Common Stock,$7.81,-0.10,-1.264%,557154263.00,United States,2013,2508061,Real Estate,Real Estate Investment Trusts
ORCL,Oracle Corporation Common Stock,$172.42,-1.10,-0.634%,477770302560.00,United States,1986,4328719,Technology,Computer Software: Prepackaged Software
ORGN,Origin Materials Inc. Common Stock,$1.43,-0.01,-0.694%,208424057.00,United States,2020,982014,Industrials,Major Chemicals
ORGNW,Origin Materials Inc. Warrants,$0.09,-0.001,-1.099%,13117598.00,United States,2020,15701,Industrials,Major Chemicals
ORGO,Organogenesis Holdings Inc. Class A Common Stock,$2.95,0.15,5.357%,391096256.00,United States,2016,905145,Health Care,Biotechnology: Pharmaceutical Preparations
ORI,Old Republic International Corporation Common Stock,$35.30,0.90,2.616%,9124836117.00,United States,,1393060,Finance,Property-Casualty Insurers
ORIC,Oric Pharmaceuticals Inc. Common Stock,$8.45,0.30,3.681%,596083922.00,United States,2020,314187,Health Care,Biotechnology: Pharmaceutical Preparations
ORIS,Oriental Rise Holdings Limited Ordinary Shares,$7.15,-0.20,-2.721%,155512500.00,China,2024,51421,Consumer Staples,Farming/Seeds/Milling
ORKA,Oruka Therapeutics Inc. Common Stock,$30.30,2.31,8.253%,36630549.00,United States,,77594,Health Care,Biotechnology: In Vitro & In Vivo Diagnostic Substances
ORKT,Orangekloud Technology Inc. Class A Ordinary Shares,$2.08,0.30,16.854%,47320000.00,Singapore,2024,1955008,Technology,Computer Software: Prepackaged Software
ORLA,Orla Mining Ltd. Common Shares,$4.94,-0.13,-2.564%,1582059157.00,,2020,427189,Basic Materials,Precious Metals
ORLY,O'Reilly Automotive Inc. Common Stock,$1197.11,1.89,0.158%,69439160431.00,United States,1993,356049,Consumer Discretionary,Auto & Home Supply Stores
ORMP,Oramed Pharmaceuticals Inc. Common Stock,$2.32,-0.045,-1.903%,94584143.00,Israel,,176940,Health Care,Biotechnology: Pharmaceutical Preparations
ORN,Orion Group Holdings Inc. Common,$5.40,0.01,0.186%,180203157.00,United States,,307054,Industrials,Military/Government/Technical
ORRF,Orrstown Financial Services Inc Common Stock,$37.74,0.44,1.18%,731057653.00,United States,,109882,Finance,Major Banks
OS,OneStream Inc. Class A Common Stock,$32.66,0.96,3.028%,7656838161.00,United States,2024,792293,Technology,Computer Software: Prepackaged Software
OSBC,Old Second Bancorp Inc. Common Stock,$16.775,0.425,2.599%,752351889.00,United States,,273721,Finance,Major Banks
OSCR,Oscar Health Inc. Class A Common Stock,$15.35,-0.84,-5.188%,3713306957.00,United States,2021,3258130,Health Care,Medical Specialities
OSIS,OSI Systems Inc. Common Stock (DE),$131.41,-2.95,-2.196%,2177429796.00,United States,1997,297502,Technology,Semiconductors
OSK,Oshkosh Corporation (Holding Company)Common Stock,$110.02,3.92,3.695%,7160737076.00,United States,,1011110,Consumer Discretionary,Auto Manufacturing
OSPN,OneSpan Inc. Common Stock,$14.66,0.08,0.549%,555189769.00,United States,,229739,Technology,EDP Services
OSS,One Stop Systems Inc. Common Stock,$2.445,0.045,1.875%,51436401.00,United States,2018,39291,Technology,Computer Manufacturing
OST,Ostin Technology Group Co. Ltd. Class A Ordinary Shares,$0.325,-0.01,-2.985%,4552031.00,China,2022,5273,Technology,Industrial Machinery/Components
OSTX,OS Therapies Incorporated Common Stock,$2.91,0.05,1.748%,60774113.00,,2024,15955,Health Care,Biotechnology: Pharmaceutical Preparations
OSUR,OraSure Technologies Inc. Common Stock,$4.16,0.13,3.226%,310204157.00,United States,,681528,Health Care,Medical/Dental Instruments
OSW,OneSpaWorld Holdings Limited Common Shares,$17.41,0.00,0.00%,1823064107.00,Bahamas,,420270,Consumer Discretionary,Hotels/Resorts
OTEX,Open Text Corporation Common Shares,$33.75,0.47,1.412%,9051410610.00,Canada,1996,541439,Technology,EDP Services
OTIS,Otis Worldwide Corporation Common Stock ,$101.45,0.19,0.188%,40636281112.00,United States,2020,1492591,Technology,Consumer Electronics/Appliances
OTLK,Outlook Therapeutics Inc. Common Stock,$5.76,0.32,5.882%,136256463.00,United States,2016,286221,Health Care,Biotechnology: Biological Products (No Diagnostic Substances)
OTLY,Oatly Group AB American Depositary Shares,$0.8145,0.0221,2.789%,484676579.00,Sweden,2021,1501130,Consumer Staples,Packaged Foods
OTRK,Ontrak Inc. Common Stock,$1.82,-0.15,-7.614%,5820087.00,United States,,86767,Health Care,Misc Health and Biotechnology Services
OTTR,Otter Tail Corporation Common Stock,$79.75,0.90,1.141%,3335780368.00,United States,,143599,Utilities,Electric Utilities: Central
OUST,Ouster Inc. Common Stock,$7.43,-0.12,-1.589%,359094070.00,United States,2020,897424,Industrials,Industrial Machinery/Components
OUT,OUTFRONT Media Inc. Common Stock,$18.46,0.13,0.709%,3064022404.00,United States,2014,1806209,Real Estate,Real Estate Investment Trusts
OVBC,Ohio Valley Banc Corp. Common Stock,$23.75,0.56,2.415%,111886274.00,United States,,3237,Finance,Major Banks
OVID,Ovid Therapeutics Inc. Common Stock,$1.17,-0.01,-0.847%,83036745.00,United States,2017,181624,Health Care,Biotechnology: Pharmaceutical Preparations
OVLY,Oak Valley Bancorp (CA) Common Stock,$27.19,0.76,2.876%,227296328.00,United States,,6666,Finance,Major Banks
OVV,Ovintiv Inc. (DE),$39.14,-1.25,-3.095%,10336874000.00,Canada,,2821692,Energy,Oil & Gas Production
OWL,Blue Owl Capital Inc. Class A Common Stock,$23.04,0.07,0.305%,33718707579.00,United States,2020,7272755,Finance,Investment Managers
OWLT,Owlet Inc. Class A Common Stock,$5.05,0.06,1.202%,59135500.00,,2020,13940,Industrials,Industrial Machinery/Components
OXBR,Oxbridge Re Holdings Limited Ordinary Shares,$2.89,0.18,6.642%,17445713.00,Cayman Islands,2014,4409,Finance,Property-Casualty Insurers
OXBRW,Oxbridge Re Holdings Limited Warrant expiring 3/26/2029,$0.145,0.00,0.00%,875304.00,Cayman Islands,2014,20,Finance,Property-Casualty Insurers
OXLC,Oxford Lane Capital Corp. Common Stock,$5.24,-0.02,-0.38%,909664000.00,United States,2011,2185422,Finance,Investment Managers
OXLCI,Oxford Lane Capital Corp. 8.75% Notes due 2030,$25.945,0.005,0.019%,0.00,United States,,6955,,
OXLCL,Oxford Lane Capital Corp. 6.75% Notes due 2031,$24.15,-0.1481,-0.61%,4192440000.00,United States,,4352,Finance,Finance Companies
OXLCN,Oxford Lane Capital Corp. 7.125% Series 2029 Term Preferred Stock,$24.25,-0.02,-0.082%,4209800000.00,United States,,998,Finance,Investment Managers
OXLCO,Oxford Lane Capital Corp. Preferred Stock Shares 6.00% Series 2029,$23.00,-0.0399,-0.173%,3992800000.00,United States,,701,Finance,Investment Managers
OXLCP,Oxford Lane Capital Corp. 6.25% Series 2027 Term Preferred Shares,$23.9399,-0.0101,-0.042%,4155966640.00,United States,,5993,Finance,Investment Managers
OXLCZ,Oxford Lane Capital Corp. 5.00% Notes due 2027,$23.62,-0.01,-0.042%,4100432000.00,United States,,371,Finance,Finance Companies
OXM,Oxford Industries Inc. Common Stock,$76.38,1.49,1.99%,1198806097.00,United States,,252030,Consumer Discretionary,Apparel
OXSQ,Oxford Square Capital Corp. Common Stock,$2.89,-0.01,-0.345%,184260215.00,United States,2003,185086,Finance,Blank Checks
OXSQG,Oxford Square Capital Corp. 5.50% Notes due 2028,$23.26,0.00,0.00%,1483007824.00,United States,,2,Consumer Discretionary,Other Consumer Services
OXSQZ,Oxford Square Capital Corp. 6.25% Notes due 2026,$24.40,0.05,0.205%,0.00,United States,,1162,Finance,Blank Checks
OXY,Occidental Petroleum Corporation Common Stock,$50.63,-0.95,-1.842%,45851323904.00,United States,,11727198,Energy,Oil & Gas Production
OZ,Belpointe PREP LLC Class A Units,$66.05,0.55,0.84%,246478983.00,,,2998,Real Estate,Real Estate Investment Trusts
OZK,Bank OZK Common Stock,$44.43,0.87,1.997%,5026638345.00,United States,,978520,Finance,Major Banks
OZKAP,Bank OZK 4.625% Series A Non-Cumulative Perpetual Preferred Stock,$18.80,-0.10,-0.529%,2126959282.00,United States,,35600,Finance,Major Banks
PAA,Plains All American Pipeline L.P. Common Units representing Limited Partner Interests,$16.76,-0.17,-1.004%,11750122571.00,United States,1998,2406100,Energy,Natural Gas Distribution
PAAS,Pan American Silver Corp. Common Stock,$24.44,-0.29,-1.173%,8906913600.00,Canada,,2203981,Basic Materials,Precious Metals
PAC,Grupo Aeroportuario Del Pacifico S.A. B. de C.V. Grupo Aeroportuario Del Pacifico S.A. de C.V. (each representing 10 Series B shares),$180.15,7.68,4.453%,9102573442.00,Mexico,2006,124854,Consumer Discretionary,Aerospace
PACB,Pacific Biosciences of California Inc. Common Stock,$1.84,0.07,3.955%,501453268.00,United States,2010,6212675,Industrials,Biotechnology: Laboratory Analytical Instruments
PACK,Ranpak Holdings Corp Class A Common Stock,$5.89,0.09,1.552%,490185608.00,United States,2018,126680,Consumer Discretionary,Containers/Packaging
PACS,PACS Group Inc. Common Stock,$41.73,-0.36,-0.855%,6359640858.00,United States,2024,686879,Health Care,Hospital/Nursing Management
PAG,Penske Automotive Group Inc. Common Stock,$155.64,3.38,2.22%,10392229257.00,United States,,349385,Consumer Discretionary,Retail-Auto Dealers and Gas Stations
PAGP,Plains GP Holdings L.P. Class A Units representing Limited Partner Interests,$17.72,-0.20,-1.116%,3495512711.00,United States,,1710539,Energy,Natural Gas Distribution
PAGS,PagSeguro Digital Ltd. Class A Common Shares,$8.36,0.09,1.088%,2640664890.00,Cayman Islands,2018,2968470,Technology,EDP Services
PAHC,Phibro Animal Health Corporation Class A Common Stock,$23.60,0.17,0.726%,955885149.00,United States,2014,134695,Health Care,Biotechnology: Pharmaceutical Preparations
PAI,Western Asset Investment Grade Income Fund Inc.,$12.55,-0.0941,-0.744%,0.00,United States,,5552,Finance,Trusts Except Educational Religious and Charitable
PAL,Proficient Auto Logistics Inc. Common Stock,$8.43,0.07,0.837%,218846467.00,United States,2024,156645,Consumer Discretionary,Transportation Services
PALI,Palisade Bio Inc. Common Stock,$3.47,-0.06,-1.70%,4110170.00,United States,,58907,Health Care,Biotechnology: Biological Products (No Diagnostic Substances)
PALT,Paltalk Inc. Common Stock,$2.05,0.10,5.128%,18905422.00,United States,,61262,Consumer Discretionary,Business Services
PAM,Pampa Energia S.A.,$67.00,-1.61,-2.347%,3643839086.00,Argentina,,248819,Utilities,Electric Utilities: Central
PANL,Pangaea Logistics Solutions Ltd. Common Shares,$6.22,-0.05,-0.797%,291731006.00,United States,2013,242903,Consumer Discretionary,Marine Transportation
PANW,Palo Alto Networks Inc. Common Stock,$362.35,-4.09,-1.116%,117981160000.00,United States,,1563327,Technology,Computer peripheral equipment
PAPL,Pineapple Financial Inc. Common Stock,$0.69,0.01,1.471%,5018657.00,,2023,24640,Finance,Finance: Consumer Services
PAR,PAR Technology Corporation Common Stock,$59.86,0.87,1.475%,2171956349.00,United States,,229253,Miscellaneous,Office Equipment/Supplies/Services
PARA,Paramount Global Class B Common Stock,$10.43,0.16,1.558%,6953830931.00,United States,,5253784,Industrials,Broadcasting
PARAA,Paramount Global Class A Common Stock,$21.77,0.02,0.092%,14514371944.00,United States,,16341,Industrials,Broadcasting
PARR,Par Pacific Holdings Inc.  Common Stock,$17.10,0.27,1.604%,963257843.00,United States,,588186,Energy,Oil & Gas Production
PASG,Passage Bio Inc. Common Stock,$0.6646,0.0612,10.143%,41050538.00,United States,2020,256968,Health Care,Biotechnology: Biological Products (No Diagnostic Substances)
PATH,UiPath Inc. Class A Common Stock,$12.48,0.13,1.053%,6863469900.00,United States,2021,5679789,Technology,Computer Software: Prepackaged Software
PATK,Patrick Industries Inc. Common Stock,$135.70,1.11,0.825%,3039891828.00,United States,,136193,Consumer Discretionary,Auto Parts:O.E.M.
PAVM,PAVmed Inc. Common Stock,$1.11,0.04,3.738%,11551141.00,United States,2016,25347,Health Care,Medical/Dental Instruments
PAVMZ,PAVmed Inc. Series Z Warrant,$0.0201,-0.0196,-49.37%,209169.00,United States,,856,Health Care,Medical/Dental Instruments
PAVS,Paranovus Entertainment Technology Ltd. Class A Ordinary Shares,$0.9912,0.2244,29.264%,7272365.00,China,2019,407224,Health Care, Medicinal Chemicals and Botanical Products 
PAX,Patria Investments Limited Class A Common Shares,$11.75,0.17,1.468%,1741983772.00,Cayman Islands,2021,487285,Finance,Investment Managers
PAXS,PIMCO Access Income Fund Common Shares of Beneficial Interest,$15.77,-0.28,-1.745%,0.00,United States,2022,556023,Finance,Investment Managers
PAY,Paymentus Holdings Inc. Class A Common Stock,$24.36,-0.17,-0.693%,3032253118.00,United States,2021,191524,Consumer Discretionary,Business Services
PAYC,Paycom Software Inc. Common Stock,$167.35,2.72,1.652%,9611319169.00,United States,2014,523612,Technology,Computer Software: Prepackaged Software
PAYO,Payoneer Global Inc. Common Stock,$8.47,0.11,1.316%,3233995783.00,United States,,1400476,Consumer Discretionary,Business Services
PAYS,Paysign Inc. Common Stock,$3.78,0.075,2.024%,200863054.00,United States,,142344,Consumer Discretionary,Business Services
PAYX,Paychex Inc. Common Stock,$140.27,-0.06,-0.043%,50482895406.00,United States,1983,1514337,Consumer Discretionary,Diversified Commercial Services
PB,Prosperity Bancshares Inc. Common Stock,$74.10,1.84,2.546%,7058852401.00,United States,,498298,Finance,Major Banks
PBA,Pembina Pipeline Corp. Ordinary Shares (Canada),$42.13,-0.37,-0.871%,24444415820.00,Canada,,586129,Energy,Oil & Gas Production
PBBK,PB Bankshares Inc. Common Stock,$14.81,0.00,0.00%,37752763.00,United States,2021,1,Finance,Banks
PBF,PBF Energy Inc. Class A Common Stock,$31.60,-0.58,-1.802%,3701924895.00,United States,2012,1442727,Energy,Integrated oil Companies
PBFS,Pioneer Bancorp Inc. Common Stock,$11.29,0.20,1.803%,295503376.00,United States,2019,13716,Finance,Banks
PBH,Prestige Consumer Healthcare Inc. Common Stock,$73.63,0.59,0.808%,3648909227.00,United States,2005,202244,Health Care,Biotechnology: Pharmaceutical Preparations
PBHC,Pathfinder Bancorp Inc. Common Stock (MD),$18.10,0.245,1.372%,110411285.00,United States,,2248,Finance,Major Banks
PBI,Pitney Bowes Inc. Common Stock,$7.21,0.11,1.549%,1294266033.00,United States,,1371623,Miscellaneous,Office Equipment/Supplies/Services
PBI^B,Pitney Bowes Inc 6.70% Notes Due 2043,$21.54,0.08,0.373%,,United States,,15546,,
PBM,Psyence Biomedical Ltd. Common Shares,$0.095,-0.0018,-1.86%,3812089.00,Canada,,4927107,Health Care,Biotechnology: Pharmaceutical Preparations
PBMWW,Psyence Biomedical Ltd. Warrant,$0.03,0.0025,9.091%,1203817.00,Canada,,38757,Health Care,Biotechnology: Pharmaceutical Preparations
PBPB,Potbelly Corporation Common Stock,$7.85,0.07,0.90%,235071288.00,United States,2013,152531,Consumer Discretionary,Restaurants
PBR,Petroleo Brasileiro S.A.- Petrobras Common Stock,$13.79,0.00,0.00%,89222246421.00,Brazil,,15435877,Energy,Oil & Gas Production
PBT,Permian Basin Royalty Trust Common Stock,$11.59,-0.13,-1.109%,540195946.00,United States,,135545,Energy,Oil & Gas Production
PBYI,Puma Biotechnology Inc Common Stock,$2.83,-0.12,-4.068%,138802226.00,United States,,272088,Health Care,Biotechnology: Pharmaceutical Preparations
PC,Premium Catering (Holdings) Limited Ordinary Shares,$0.695,0.0121,1.772%,11120000.00,Singapore,2024,587643,Consumer Discretionary,Restaurants
PCAR,PACCAR Inc. Common Stock,$107.07,1.17,1.105%,56128430910.00,United States,,1579921,Consumer Discretionary,Auto Manufacturing
PCB,PCB Bancorp Common Stock,$19.00,0.59,3.205%,270826456.00,United States,2018,69421,Finance,Major Banks
PCF,High Income Securities Fund Common Stock,$6.66,-0.01,-0.15%,0.00,United States,,104977,Finance,Trusts Except Educational Religious and Charitable
PCG,Pacific Gas & Electric Co. Common Stock,$20.51,0.15,0.737%,59060176796.00,United States,,5623440,Utilities,Power Generation
PCG^A,Pacific Gas & Electric Co. 6% Preferred Stock,$25.00,0.19,0.766%,,United States,,9462,,
PCG^B,Pacific Gas & Electric Co. 5 1/2% Preferred Stock,$23.00,0.0577,0.252%,,United States,,1093,,
PCG^C,Pacific Gas & Electric Co. 5% 1st Preferred Stock,$20.8596,0.00,0.00%,,United States,,126,,
PCG^D,Pacific Gas & Electric Co. 5% 1st  Red. Preferred Stock,$20.6916,0.5316,2.637%,,United States,,701,,
PCG^E,Pacific Gas & Electric Co. 5% 1st A Preferred Stock,$20.50,-0.0001,0.00%,,United States,,1449,,
PCG^G,Pacific Gas & Electric Co. 4.80% 1st Preferred Stock,$19.6999,0.00,0.00%,,United States,,89,,
PCG^H,Pacific Gas & Electric Co. 4.50% 1st Preferred Stock,$18.85,0.00,0.00%,,United States,,4,,
PCG^I,Pacific Gas & Electric Co. 4.36% 1st Preferred Stock,$18.30,0.00,0.00%,,United States,,5,,
PCH,PotlatchDeltic Corporation Common Stock,$42.30,0.09,0.213%,3338019900.00,United States,,405392,Real Estate,Real Estate Investment Trusts
PCK,Pimco California Municipal Income Fund II Common Shares of Beneficial Interest,$6.00,0.01,0.167%,0.00,United States,2002,43750,Finance,Trusts Except Educational Religious and Charitable
PCM,PCM Fund Inc. Common Stock,$8.05,-0.065,-0.801%,0.00,United States,1993,24644,Finance,Trusts Except Educational Religious and Charitable
PCN,Pimco Corporate & Income Strategy Fund Common Stock,$13.78,-0.07,-0.505%,0.00,United States,2001,124347,Finance,Investment Managers
PCOR,Procore Technologies Inc. Common Stock,$61.89,-0.91,-1.449%,9140227683.00,United States,2021,2014868,Technology,Computer Software: Prepackaged Software
PCQ,PIMCO California Municipal Income Fund Common Stock,$9.91,0.04,0.405%,0.00,United States,2001,13371,Finance,Investment Managers
PCRX,Pacira BioSciences Inc. Common Stock,$17.13,0.30,1.783%,790154585.00,United States,2011,387624,Health Care,Biotechnology: Pharmaceutical Preparations
PCSA,Processa Pharmaceuticals Inc. Common Stock,$1.35,0.04,3.053%,4396874.00,United States,,41135,Health Care,Biotechnology: Pharmaceutical Preparations
PCSC,Perceptive Capital Solutions Corp Class A Ordinary Shares,$10.07,0.00,0.00%,0.00,United States,2024,2,,
PCT,PureCycle Technologies Inc. Common stock,$13.92,-0.20,-1.416%,2296261407.00,United States,,3069215,Industrials,Major Chemicals
PCTTU,PureCycle Technologies Inc. Unit,$17.12,-0.80,-4.464%,2824137593.00,United States,,204,Industrials,Major Chemicals
PCTTW,PureCycle Technologies Inc. Warrant,$5.00,-0.1327,-2.585%,824806540.00,United States,,2781,Industrials,Major Chemicals
PCTY,Paylocity Holding Corporation Common Stock,$175.13,1.39,0.80%,9731483561.00,United States,2014,356119,Technology,Computer Software: Prepackaged Software
PCVX,Vaxcyte Inc. Common Stock,$112.80,-0.14,-0.124%,12589570889.00,United States,2020,480626,Health Care,Biotechnology: Pharmaceutical Preparations
PCYO,Pure Cycle Corporation Common Stock,$10.85,0.27,2.552%,261217461.00,United States,,19339,Utilities,Water Supply
PD,PagerDuty Inc. Common Stock,$18.27,0.31,1.726%,1700172072.00,United States,2019,465479,Technology,Computer Software: Prepackaged Software
PDCC,Pearl Diver Credit Company Inc. Common Stock,$20.00,-0.23,-1.137%,0.00,,2024,1472,,
PDCO,Patterson Companies Inc. Common Stock,$21.48,0.52,2.481%,1893354600.00,United States,1992,703958,Health Care,Medical Specialities
PDD,PDD Holdings Inc. American Depositary Shares,$125.79,3.32,2.711%,173071037877.00,China,2018,7278412,Consumer Discretionary,Business Services
PDEX,Pro-Dex Inc. Common Stock,$30.21,1.14,3.922%,101446902.00,United States,,15847,Health Care,Medical/Dental Instruments
PDFS,PDF Solutions Inc. Common Stock,$29.45,0.49,1.692%,1141046052.00,United States,2001,107841,Technology,Computer Software: Prepackaged Software
PDI,PIMCO Dynamic Income Fund Common Stock,$19.49,-0.05,-0.256%,4737824100.00,United States,2012,1235722,Finance,Trusts Except Educational Religious and Charitable
PDLB,Ponce Financial Group Inc. Common Stock,$11.43,0.29,2.603%,272168097.00,United States,2017,16506,Finance,Savings Institutions
PDM,Piedmont Office Realty Trust Inc. Class A Common Stock,$10.09,-0.24,-2.323%,1251159475.00,United States,,1043069,Real Estate,Building operators
PDO,PIMCO Dynamic Income Opportunities Fund Common Shares of Beneficial Interest,$13.69,-0.12,-0.869%,1510255487.00,United States,2021,726009,Finance,Trusts Except Educational Religious and Charitable
PDS,Precision Drilling Corporation Common Stock,$57.92,-0.93,-1.58%,824638491.00,Canada,,80125,Energy,Oil & Gas Production
PDSB,PDS Biotechnology Corporation Common Stock,$3.30,0.18,5.769%,121505373.00,United States,2015,381407,Health Care,Biotechnology: Pharmaceutical Preparations
PDT,John Hancock Premium Dividend Fund,$12.91,-0.20,-1.526%,0.00,United States,,205230,Finance,Finance Companies
PDX,PIMCO Dynamic Income Strategy Fund Common Shares of Beneficial Interest,$23.20,-0.07,-0.301%,1037202400.00,,2019,37090,Finance,Finance/Investors Services
PDYN,Palladyne AI Corp. Common Stock,$2.29,0.05,2.232%,61372000.00,United States,,658923,Technology,Computer Software: Prepackaged Software
PDYNW,Palladyne AI Corp Warrants,$0.0453,-0.0004,-0.875%,1214040.00,United States,,1371,Technology,Computer Software: Prepackaged Software
PEB,Pebblebrook Hotel Trust Common Shares of Beneficial Interest,$12.50,0.18,1.461%,1506293763.00,United States,2009,2146647,Real Estate,Real Estate Investment Trusts
PEB^E,Pebblebrook Hotel Trust 6.375% Series E Cumulative Redeemable Preferred Shares of Beneficial Interest,$22.78,0.00,0.00%,,United States,,15586,,
PEB^F,Pebblebrook Hotel Trust 6.3% Series F Cumulative Redeemable Preferred Shares of Beneficial Interest,$23.32,-0.15,-0.639%,,United States,,33050,,
PEB^G,Pebblebrook Hotel Trust 6.375% Series G Cumulative Redeemable Preferred Shares of Beneficial Interest,$22.73,0.08,0.353%,,United States,,17428,,
PEB^H,Pebblebrook Hotel Trust 5.700% Series H Cumulative Redeemable Preferred Shares of Beneficial Interest,$20.79,0.04,0.193%,,United States,,339,,
PEBK,Peoples Bancorp of North Carolina Inc. Common Stock,$25.64,0.24,0.945%,139934043.00,United States,,9620,Finance,Major Banks
PEBO,Peoples Bancorp Inc. Common Stock,$31.55,1.17,3.851%,1120289294.00,United States,,150034,Finance,Major Banks
PECO,Phillips Edison & Company Inc. Common Stock,$36.68,0.37,1.019%,4493300000.00,United States,2021,484516,Real Estate,Real Estate Investment Trusts
PED,Pedevco Corp. Common Stock,$0.9134,0.0012,0.132%,81553163.00,United States,,72378,Energy,Oil & Gas Production
PEG,Public Service Enterprise Group Incorporated Common Stock,$90.42,0.79,0.881%,45043778021.00,United States,,1574652,Utilities,Power Generation
PEGA,Pegasystems Inc. Common Stock,$80.30,0.27,0.337%,6886030782.00,United States,1996,579169,Technology,EDP Services
PEGY,Pineapple Energy Inc. Common Stock,$4.54,-0.19,-4.017%,1406324.00,United States,,706801,Utilities,Telecommunications Equipment
PEN,Penumbra Inc. Common Stock,$208.74,4.03,1.969%,8108283201.00,United States,2015,536897,Health Care,Medical/Dental Instruments
PENG,Penguin Solutions Inc. Ordinary Shares,$15.37,0.06,0.392%,819065256.00,United States,2017,827805,Technology,Semiconductors
PENN,PENN Entertainment Inc. Common Stock,$19.89,-0.02,-0.10%,3035128553.00,United States,1994,2113387,Consumer Discretionary,Hotels/Resorts
PEO,Adams Natural Resources Fund Inc. Common Stock,$23.51,-0.07,-0.297%,0.00,United States,,50682,Finance,Finance/Investors Services
PEP,PepsiCo Inc. Common Stock,$169.84,-1.95,-1.135%,233018616006.00,United States,,5186360,Consumer Staples,Beverages (Production/Distribution)
PEPG,PepGen Inc. Common Stock,$7.63,-0.05,-0.651%,248659426.00,United States,2022,37215,Health Care,Biotechnology: Pharmaceutical Preparations
PERF,Perfect Corp. Class A Ordinary Share,$1.93,-0.04,-2.03%,196567935.00,Taiwan,2022,20098,Technology,Computer Software: Prepackaged Software
PERI,Perion Network Ltd. Ordinary Shares,$8.29,0.27,3.367%,397848242.00,Israel,2006,369248,Technology,EDP Services
PESI,Perma-Fix Environmental Services Inc. Common Stock,$14.65,0.22,1.525%,231478849.00,United States,,79005,Industrials,Environmental Services
PET,Wag! Group Co. Common Stock,$0.80,-0.012,-1.478%,39045855.00,United States,2021,112734,Consumer Discretionary,Other Consumer Services
PETS,PetMed Express Inc. Common Stock,$4.15,0.28,7.235%,85492706.00,United States,,239495,Consumer Staples,Retail-Drug Stores and Proprietary Stores
PETWW,Wag! Group Co Warrant,$0.0254,0.00,0.00%,1239706.00,United States,2021,5,Consumer Discretionary,Other Consumer Services
PETZ,TDH Holdings Inc. Common Shares,$1.28,0.0299,2.392%,13213783.00,China,2017,11837,Industrials,Steel/Iron Ore
PEV,Phoenix Motor Inc. Common Stock,$0.5418,-0.0122,-2.202%,20138392.00,United States,2022,832734,Consumer Discretionary,Construction/Ag Equipment/Trucks
PFBC,Preferred Bank Common Stock,$85.30,3.26,3.974%,1224627363.00,United States,,58444,Finance,Major Banks
PFC,Premier Financial Corp. Common Stock,$24.69,0.83,3.479%,884852886.00,United States,,124384,Finance,Major Banks
PFD,Flaherty & Crumrine Preferred and Income Fund Incorporated,$11.65,-0.13,-1.104%,0.00,United States,1991,28644,Finance,Investment Managers
PFE,Pfizer Inc. Common Stock,$28.86,0.41,1.441%,163540819547.00,United States,,37808095,Health Care,Biotechnology: Pharmaceutical Preparations
PFG,Principal Financial Group Inc Common Stock,$84.49,0.78,0.932%,19566508165.00,United States,2001,1379428,Finance,Accident &Health Insurance
PFGC,Performance Food Group Company Common Stock,$82.05,-0.50,-0.606%,12786281770.00,United States,2015,834138,Consumer Discretionary,Food Distributors
PFH,Prudential Financial Inc. 4.125% Junior Subordinated Notes due 2060,$20.42,-0.01,-0.049%,7289940000.00,United States,2020,19579,Finance,Life Insurance
PFIE,Profire Energy Inc. Common Stock,$1.71,-0.03,-1.724%,80071402.00,United States,,116343,Industrials,Metal Fabrications
PFIS,Peoples Financial Services Corp. Common Stock,$47.36,1.18,2.555%,472453367.00,United States,,9729,Finance,Major Banks
PFL,PIMCO Income Strategy Fund Shares of Beneficial Interest,$8.56,0.04,0.469%,0.00,United States,2003,104074,Finance,Finance Companies
PFLT,PennantPark Floating Rate Capital Ltd. Common Stock,$11.49,0.02,0.174%,843603981.00,United States,2022,599394,Finance,Finance: Consumer Services
PFMT,Performant Financial Corporation Common Stock,$3.87,0.01,0.259%,298723953.00,United States,2012,57289,Consumer Discretionary,Other Consumer Services
PFN,PIMCO Income Strategy Fund II,$7.52,-0.01,-0.133%,0.00,United States,2004,306600,Finance,Finance/Investors Services
PFO,Flaherty & Crumrine Preferred and Income Opportunity Fund Incorporated,$9.2122,-0.1078,-1.157%,0.00,United States,1992,24012,Finance,Finance Companies
PFS,Provident Financial Services Inc Common Stock,$19.32,0.64,3.426%,2520972113.00,United States,2003,418014,Finance,Savings Institutions
PFSI,PennyMac Financial Services Inc. Common Stock,$102.33,1.45,1.437%,5238341977.00,United States,2013,196417,Finance,Finance: Consumer Services
PFTA,Perception Capital Corp. III Class A Ordinary Share,$10.85,-0.45,-3.982%,0.00,United States,2021,24662,Finance,Blank Checks
PFTAU,Perception Capital Corp. III Unit,$11.10,0.00,0.00%,0.00,United States,2021,11,Finance,Blank Checks
PFTAW,Perception Capital Corp. III Warrant,$0.028,0.0046,19.658%,0.00,United States,2021,22833,Finance,Blank Checks
PFX,PhenixFIN Corporation Common Stock,$48.25,0.00,0.00%,97454289.00,United States,,105,Finance,Finance: Consumer Services
PFXNZ,PhenixFIN Corporation  5.25% Notes due 2028,$22.75,0.05,0.22%,45949950.00,United States,,1931,Finance,Finance: Consumer Services
PG,Procter & Gamble Company (The) Common Stock,$169.30,1.08,0.642%,398708564720.00,United States,,5753608,Consumer Discretionary,Package Goods/Cosmetics
PGC,Peapack-Gladstone Financial Corporation Common Stock,$33.24,1.86,5.927%,587608310.00,United States,,107878,Finance,Commercial Banks
PGEN,Precigen Inc. Common Stock,$0.8448,-0.0052,-0.612%,243057408.00,United States,,507757,Health Care,Biotechnology: Pharmaceutical Preparations
PGHL,Primega Group Holdings Limited Ordinary Shares,$19.10,-1.54,-7.461%,458400000.00,Hong Kong,2024,218853,Consumer Discretionary,General Bldg Contractors - Nonresidential Bldgs
PGNY,Progyny Inc. Common Stock,$15.83,0.38,2.46%,1429072658.00,United States,2019,3174245,Health Care,Misc Health and Biotechnology Services
PGP,Pimco Global StocksPlus & Income Fund Common Shares of Beneficial Interest,$8.07,0.09,1.128%,0.00,United States,2005,21408,Finance,Finance Companies
PGR,Progressive Corporation (The) Common Stock,$244.31,0.53,0.217%,143084222926.00,United States,,1322580,Finance,Property-Casualty Insurers
PGRE,Paramount Group Inc. Common Stock,$5.01,-0.06,-1.183%,1089449806.00,United States,2014,738121,Real Estate,Real Estate Investment Trusts
PGRU,PropertyGuru Group Limited Ordinary Shares,$6.64,0.01,0.151%,1088645496.00,,2022,67082,Technology,EDP Services
PGY,Pagaya Technologies Ltd. Class A Ordinary Shares,$12.64,0.64,5.333%,907745152.00,Israel,,1566169,Finance,Finance: Consumer Services
PGYWW,Pagaya Technologies Ltd. Warrants,$0.19,0.002,1.064%,13644903.00,Israel,,5175,Finance,Finance: Consumer Services
PGZ,Principal Real Estate Income Fund Common Shares of Beneficial Interest,$10.75,-0.05,-0.463%,0.00,,2013,38403,Finance,Investment Managers
PH,Parker-Hannifin Corporation Common Stock,$623.65,1.91,0.307%,80198726391.00,United States,,428667,Industrials,Metal Fabrications
PHAR,Pharming Group N.V. ADS each representing 10 ordinary shares,$8.84,0.14,1.609%,593228744.00,Netherlands,,2504,Health Care,Biotechnology: Pharmaceutical Preparations
PHAT,Phathom Pharmaceuticals Inc. Common Stock,$17.38,1.33,8.287%,1186880200.00,United States,2019,1422176,Health Care,Biotechnology: Pharmaceutical Preparations
PHD,Pioneer Floating Rate Fund Inc.,$9.82,-0.005,-0.051%,0.00,United States,2004,36049,Finance,Investment Managers
PHG,Koninklijke Philips N.V. NY Registry Shares,$26.62,-5.05,-15.946%,24128452013.00,Netherlands,,4270898,Health Care,Medical Electronics
PHGE,BiomX Inc. COmmon Stock,$0.8736,-0.0063,-0.716%,15633810.00,,2019,27347,Health Care,Biotechnology: Biological Products (No Diagnostic Substances)
PHI,PLDT Inc. Sponsored ADR,$24.57,-0.36,-1.444%,5308490392.00,Philippines,,43800,Telecommunications,Telecommunications Equipment
PHIN,PHINIA Inc. Common Stock,$45.89,1.20,2.685%,2004374288.00,United States,2023,246110,Consumer Discretionary,Auto Parts:O.E.M.
PHIO,Phio Pharmaceuticals Corp. Common Stock,$3.01,0.10,3.436%,2590770.00,United States,,10355,Health Care,Biotechnology: Pharmaceutical Preparations
PHK,Pimco High Income Fund,$5.06,-0.01,-0.197%,0.00,United States,2003,533414,Finance,Finance/Investors Services
PHM,PulteGroup Inc. Common Stock,$133.88,1.41,1.064%,27456402392.00,United States,,1328524,Consumer Discretionary,Homebuilding
PHR,Phreesia Inc. Common Stock,$18.33,0.08,0.438%,1058984131.00,United States,2019,277121,Consumer Discretionary,Business Services
PHT,Pioneer High Income Fund Inc.,$7.745,-0.035,-0.45%,0.00,United States,,80350,Finance,Investment Managers
PHUN,Phunware Inc. Common Stock,$10.56,-0.04,-0.377%,119741477.00,Greece,2016,29830423,Technology,EDP Services
PHVS,Pharvaris N.V. Ordinary Shares,$23.35,1.64,7.554%,1220976450.00,Netherlands,2021,106915,Health Care,Biotechnology: Pharmaceutical Preparations
PHX,PHX Minerals Inc. Common Stock,$3.63,-0.06,-1.626%,136117660.00,United States,2003,64335,Energy,Oil & Gas Production
PHYT,Pyrophyte Acquisition Corp. Class A Ordinary Shares,$11.55,0.00,0.00%,0.00,,2021,9,Finance,Blank Checks
PI,Impinj Inc. Common Stock,$205.63,4.93,2.456%,5816976798.00,United States,2016,627392,Technology,Industrial Machinery/Components
PII,Polaris Inc. Common Stock,$74.05,2.80,3.93%,4129791307.00,United States,,1286267,Consumer Discretionary,Industrial Specialties
PIII,P3 Health Partners Inc. Class A Common Stock,$0.3919,-0.0142,-3.497%,140190093.00,United States,2021,287074,Health Care,Medical/Nursing Services
PIIIW,P3 Health Partners Inc. Warrant,$0.03,0.00,0.00%,10731571.00,United States,2021,500,Health Care,Medical/Nursing Services
PIK,Kidpik Corp. Common Stock,$2.26,-0.18,-7.377%,4410702.00,United States,2021,31308,Consumer Discretionary,Catalog/Specialty Distribution
PIM,Putnam Master Intermediate Income Trust Common Stock,$3.28,-0.01,-0.304%,164831132.00,United States,1988,339709,Finance,Finance Companies
PINC,Premier Inc. Class A Common Stock,$20.11,0.35,1.771%,2014779212.00,United States,2013,538963,Consumer Discretionary,Other Consumer Services
PINE,Alpine Income Property Trust Inc. Common Stock,$17.73,-0.10,-0.561%,253059900.00,United States,2019,59534,Real Estate,Real Estate Investment Trusts
PINS,Pinterest Inc. Class A Common Stock,$32.26,-0.09,-0.278%,22136669475.00,United States,2019,5248405,Technology,Computer Software: Programming Data Processing
PIPR,Piper Sandler Companies Common Stock,$289.32,8.79,3.133%,5120118896.00,United States,,171023,Finance,Investment Bankers/Brokers/Service
PIRS,Pieris Pharmaceuticals Inc. Common Stock,$17.00,0.062,0.366%,22444080.00,United States,,12326,Health Care,Biotechnology: Pharmaceutical Preparations
PITA,Heramba Electric plc Ordinary Shares,$1.10,-0.03,-2.655%,51747748.00,Germany,,126986,Miscellaneous,Industrial Machinery/Components
PITAW,Heramba Electric plc Warrants,$0.088,0.00,0.00%,4139820.00,Germany,,675,Miscellaneous,Industrial Machinery/Components
PJT,PJT Partners Inc. Class A Common Stock,$141.08,1.44,1.031%,3356893354.00,United States,2015,266592,Finance,Investment Managers
PK,Park Hotels & Resorts Inc. Common Stock ,$13.96,0.07,0.504%,2916484894.00,United States,2016,2673983,Consumer Discretionary,Hotels/Resorts
PKBK,Parke Bancorp Inc. Common Stock,$21.31,0.57,2.748%,255238351.00,United States,,11865,Finance,Major Banks
PKE,Park Aerospace Corp. Common Stock,$14.29,0.24,1.708%,285254008.00,United States,,59722,Industrials,Military/Government/Technical
PKG,Packaging Corporation of America Common Stock,$227.45,1.59,0.704%,20427696185.00,United States,2000,687285,Consumer Discretionary,Containers/Packaging
PKOH,Park-Ohio Holdings Corp. Common Stock,$29.10,0.50,1.748%,383538815.00,United States,,21787,Industrials,Industrial Specialties
PKST,Peakstone Realty Trust Common Shares,$13.19,-0.03,-0.227%,479796050.00,United States,2023,96514,Real Estate,Real Estate Investment Trusts
PKX,POSCO HOLDINGS INC. American Depositary Shares (Each representing 1/4th of a share of Common Stock),$62.68,2.66,4.432%,19023682619.00,South Korea,1994,292809,Industrials,Steel/Iron Ore
PL,Planet Labs PBC Class A Common Stock,$2.36,0.06,2.609%,692604311.00,United States,2021,1710351,Technology,Radio And Television Broadcasting And Communications Equipment
PLAB,Photronics Inc. Common Stock,$23.92,0.32,1.356%,1515421987.00,United States,1987,326794,Technology,Semiconductors
PLAG,Planet Green Holdings Corp. Common Stock,$2.63,-0.0099,-0.375%,19153538.00,China,,5591,Consumer Staples,Packaged Foods
PLAO,Patria Latin American Opportunity Acquisition Corp. Class A Ordinary Shares,$11.61,-0.01,-0.086%,0.00,Cayman Islands,2022,477,Finance,Blank Checks
PLAOU,Patria Latin American Opportunity Acquisition Corp. Unit,$11.62,-0.38,-3.167%,0.00,Cayman Islands,2022,156,Finance,Blank Checks
PLAY,Dave & Buster's Entertainment Inc. Common Stock,$39.09,1.71,4.575%,1536287309.00,United States,2014,1257340,Consumer Discretionary,Restaurants
PLBC,Plumas Bancorp,$42.65,2.30,5.70%,251460135.00,United States,,17448,Finance,Finance Companies
PLBY,PLBY Group Inc. Common Stock,$0.8252,0.0486,6.258%,60975728.00,United States,2020,342919,Consumer Discretionary,Other Specialty Stores
PLCE,Children's Place Inc. (The) Common Stock,$12.83,1.31,11.372%,163175532.00,United States,1997,455930,Consumer Discretionary,Clothing/Shoe/Accessory Stores
PLD,Prologis Inc. Common Stock,$117.81,0.27,0.23%,109081574910.00,United States,,3648521,Real Estate,Real Estate Investment Trusts
PLG,Platinum Group Metals Ltd. Ordinary Shares (Canada),$2.05,-0.14,-6.393%,210084303.00,Canada,,959591,Basic Materials,Precious Metals
PLL,Piedmont Lithium Inc. Common Stock,$13.64,1.85,15.691%,264226114.00,United States,,1306554,Industrials,Mining & Quarrying of Nonmetallic Minerals (No Fuels)
PLMJ,Plum Acquisition Corp. III Class A Ordinary Shares,$11.05,0.03,0.272%,0.00,United States,2021,5375,,
PLMJU,Plum Acquisition Corp. III Unit,$11.11,0.00,0.00%,0.00,United States,2021,2,,
PLMR,Palomar Holdings Inc. Common stock,$90.97,-0.75,-0.818%,2275237570.00,United States,2019,156211,Finance,Property-Casualty Insurers
PLNT,Planet Fitness Inc. Common Stock,$81.25,-0.48,-0.587%,6919822488.00,United States,2015,1145737,Consumer Discretionary,Hotels/Resorts
PLOW,Douglas Dynamics Inc. Common Stock,$26.06,0.40,1.559%,601830865.00,United States,2010,143167,Industrials,Construction/Ag Equipment/Trucks
PLPC,Preformed Line Products Company Common Stock,$126.30,1.84,1.478%,620593616.00,United States,,5438,Industrials,Water Sewer Pipeline Comm & Power Line Construction
PLRX,Pliant Therapeutics Inc. Common Stock,$14.86,0.71,5.018%,903509176.00,United States,2020,470237,Health Care,Biotechnology: Pharmaceutical Preparations
PLSE,Pulse Biosciences Inc Common Stock (DE),$17.59,-0.03,-0.17%,1078096271.00,United States,2016,122152,Health Care,Medical/Dental Instruments
PLTK,Playtika Holding Corp. Common Stock,$7.91,0.28,3.67%,2942347752.00,Israel,2021,1044225,Technology,EDP Services
PLTR,Palantir Technologies Inc. Class A Common Stock,$44.97,0.11,0.245%,100708236666.00,United States,2020,36643610,Technology,Computer Software: Prepackaged Software
PLUG,Plug Power Inc. Common Stock,$2.24,0.09,4.186%,1970384696.00,United States,1999,31463499,Energy,Industrial Machinery/Components
PLUR,Pluri Inc. Common Stock,$4.32,-0.05,-1.144%,23631104.00,Israel,,10889,Health Care,Biotechnology: Biological Products (No Diagnostic Substances)
PLUS,ePlus inc. Common Stock,$97.32,-0.27,-0.277%,2614592210.00,United States,1996,109314,Technology,Retail: Computer Software & Peripheral Equipment
PLX,Protalix BioTherapeutics Inc. (DE) Common Stock,$1.13,0.05,4.63%,83103222.00,Israel,,236046,Health Care,Biotechnology: Biological Products (No Diagnostic Substances)
PLXS,Plexus Corp. Common Stock,$143.32,2.13,1.509%,3902056691.00,United States,,215635,Technology,Electrical Products
PLYA,Playa Hotels & Resorts N.V. Ordinary Shares,$8.72,0.02,0.23%,1129474324.00,Netherlands,,2817787,Consumer Discretionary,Hotels/Resorts
PLYM,Plymouth Industrial REIT Inc. Common Stock,$20.52,-0.22,-1.061%,931531789.00,United States,2017,246001,Real Estate,Real Estate Investment Trusts
PM,Philip Morris International Inc Common Stock,$130.50,0.64,0.493%,202905760005.00,United States,,5525724,Health Care, Medicinal Chemicals and Botanical Products 
PMAX,Powell Max Limited Class A Ordinary Shares,$3.45,-0.51,-12.879%,50880103.00,Hong Kong,2024,74856,Consumer Discretionary,Other Consumer Services
PMCB,PharmaCyte  Biotech Inc. Common Stock,$1.79,-0.01,-0.556%,13745491.00,United States,,15227,Health Care,Biotechnology: Biological Products (No Diagnostic Substances)
PMD,Psychemedics Corporation,$2.32,-0.01,-0.429%,13511764.00,United States,,56285,Health Care,Medical Specialities
PMEC,Primech Holdings Ltd. Ordinary Shares,$0.72,0.005,0.699%,27396000.00,Singapore,2023,14004,Finance,Diversified Commercial Services
PMF,PIMCO Municipal Income Fund Common Stock,$9.71,-0.09,-0.918%,0.00,United States,2001,67659,Finance,Finance/Investors Services
PML,Pimco Municipal Income Fund II Common Shares of Beneficial Interest,$8.93,0.02,0.224%,0.00,United States,2002,107792,Finance,Investment Managers
PMM,Putnam Managed Municipal Income Trust Common Stock,$6.22,-0.01,-0.161%,303155392.00,United States,1989,168467,Finance,Investment Managers
PMN,ProMIS Neurosciences Inc. Common Shares (ON),$1.06,0.0381,3.728%,31678579.00,Canada,,19282,Health Care,Biotechnology: Pharmaceutical Preparations
PMNT,Perfect Moment Ltd. Common Stock,$0.947,0.0119,1.273%,14880864.00,United Kingdom,2024,4312,,
PMO,Putnam Municipal Opportunities Trust Common Stock,$10.45,0.03,0.288%,355107375.00,United States,1993,112434,Finance,Finance Companies
PMT,PennyMac Mortgage Investment Trust Common Shares of Beneficial Interest,$13.67,0.07,0.515%,1187389323.00,United States,2009,502046,Real Estate,Real Estate Investment Trusts
PMT^A,PennyMac Mortgage Investment Trust 8.125% Series A Fixed-to-Floating Rate Cumulative Redeemable Preferred Shares of Beneficial Interest,$25.01,-0.0201,-0.08%,,United States,,1300,,
PMT^B,PennyMac Mortgage Investment Trust 8.00% Series B Fixed-to-Floating Rate Cumulative Redeemable Preferred Shares of Beneficial Interest,$24.7655,0.0155,0.063%,,United States,,6071,,
PMT^C,PennyMac Mortgage Investment Trust 6.75% Series C Cumulative Redeemable Preferred Shares of Beneficial Interest,$20.66,0.00,0.00%,,United States,,30457,,
PMTS,CPI Card Group Inc. Common Stock,$23.80,0.57,2.454%,263611918.00,United States,,26992,Consumer Discretionary,Publishing
PMTU,PennyMac Mortgage Investment Trust 8.50% Senior Notes due 2028,$25.74,0.00,0.00%,2235801110.00,United States,2023,4192,Real Estate,Real Estate Investment Trusts
PMVP,PMV Pharmaceuticals Inc. Common Stock,$1.66,0.00,0.00%,85522787.00,United States,2020,90248,Health Care,Biotechnology: Pharmaceutical Preparations
PMX,PIMCO Municipal Income Fund III Common Shares of Beneficial Interest,$7.92,-0.02,-0.252%,0.00,United States,2002,70836,Finance,Trusts Except Educational Religious and Charitable
PNBK,Patriot National Bancorp Inc. Common Stock,$1.74,0.17,10.828%,6918367.00,United States,,37595,Finance,Major Banks
PNC,PNC Financial Services Group Inc. (The) Common Stock,$189.83,4.01,2.158%,75456715985.00,United States,,1189005,Finance,Major Banks
PNF,PIMCO New York Municipal Income Fund Common Stock,$8.03,0.06,0.753%,0.00,United States,2001,19780,Finance,Finance Companies
PNFP,Pinnacle Financial Partners Inc. Common Stock,$103.95,3.19,3.166%,8028668583.00,United States,,342194,Finance,Major Banks
PNFPP,Pinnacle Financial Partners Inc. Depositary shares of Pinnacle Financial Partners Inc. each representing a 1/40th Interest in a share of its 6.75% Fixed-Rate Non-Cumulative Perpetual Preferred Stock Series B,$24.76,-0.13,-0.522%,1912360116.00,United States,,21076,Finance,Major Banks
PNI,Pimco New York Municipal Income Fund II Common Shares of Beneficial Interest,$7.43,-0.01,-0.134%,0.00,United States,2002,102467,Finance,Trusts Except Educational Religious and Charitable
PNNT,PennantPark Investment Corporation Common Stock,$7.03,0.04,0.572%,459031541.00,United States,2022,294974,Finance,Finance: Consumer Services
PNR,Pentair plc. Ordinary Share,$98.99,0.03,0.03%,16356232330.00,Switzerland,,1100717,Industrials,Industrial Machinery/Components
PNRG,PrimeEnergy Resources Corporation Common Stock,$163.01,-4.99,-2.97%,285556191.00,United States,,4662,Energy,Oil & Gas Production
PNST,Pinstripes Holdings Inc. Class A Common Stock,$0.95,0.0155,1.659%,48374000.00,,2022,54320,Consumer Discretionary,Restaurants
PNTG,The Pennant Group Inc. Common Stock ,$33.40,-0.13,-0.388%,1008905149.00,United States,,195380,Health Care,Medical/Nursing Services
PNW,Pinnacle West Capital Corporation Common Stock,$88.23,0.03,0.034%,10023943174.00,United States,,575089,Utilities,Electric Utilities: Central
POAI,Predictive Oncology Inc. Common Stock,$0.8361,0.0001,0.012%,5574273.00,United States,,240589,Health Care,Industrial Specialties
POCI,Precision Optics Corporation Inc. Common stock,$3.86,-0.04,-1.026%,24511656.00,United States,,10217,Health Care,Biotechnology: Electromedical & Electrotherapeutic Apparatus
PODC,PodcastOne Inc. Common Stock,$1.44,0.1001,7.471%,34584144.00,United States,,30082,Technology,Computer Software: Programming Data Processing
PODD,Insulet Corporation Common Stock,$233.37,-0.26,-0.111%,16362850034.00,United States,2007,321730,Health Care,Medical/Dental Instruments
POET,POET Technologies Inc. Common Shares,$3.82,-0.02,-0.521%,268782745.00,Canada,,773236,Technology,Semiconductors
POLA,Polar Power Inc. Common Stock,$0.4348,0.0057,1.328%,7635789.00,United States,2016,113078,Miscellaneous,Industrial Machinery/Components
POLE,Andretti Acquisition Corp. II Class A Ordinary Shares,$9.95,-0.07,-0.699%,0.00,United States,,446056,,
POLEU,Andretti Acquisition Corp. II Unit,$9.99,-0.01,-0.10%,0.00,United States,2024,1574,,
POLEW,Andretti Acquisition Corp. II Warrant,$0.0852,-0.0248,-22.545%,0.00,United States,,604617,,
POOL,Pool Corporation Common Stock,$369.89,3.89,1.063%,14151224988.00,United States,1995,260104,Consumer Discretionary,Industrial Specialties
POR,Portland General Electric Co Common Stock,$48.70,0.36,0.745%,5019347462.00,United States,,1035750,Utilities,Electric Utilities: Central
POST,Post Holdings Inc. Common Stock,$111.46,0.25,0.225%,6512332048.00,United States,2012,500642,Consumer Staples,Packaged Foods
POWI,Power Integrations Inc. Common Stock,$64.81,1.86,2.955%,3683119636.00,United States,1997,316376,Technology,Semiconductors
POWL,Powell Industries Inc. Common Stock,$259.44,5.13,2.017%,3110124691.00,United States,,264339,Energy,Electrical Products
POWW,AMMO Inc. Common Stock,$1.21,0.05,4.31%,143695647.00,United States,,522377,Industrials,Ordnance And Accessories
POWWP,AMMO Inc. 8.75% Series A Cumulative Redeemable Perpetual Preferred Stock,$20.23,-0.3201,-1.558%,2402448709.00,United States,,5840,Industrials,Ordnance And Accessories
PPBI,Pacific Premier Bancorp Inc,$26.19,1.10,4.384%,2525365748.00,United States,,626258,Finance,Major Banks
PPBT,Purple Biotech Ltd. American Depositary Shares,$3.07,-1.03,-25.122%,4340357.00,Israel,2015,112639,Health Care,Biotechnology: Pharmaceutical Preparations
PPC,Pilgrim's Pride Corporation Common Stock,$47.45,1.24,2.683%,11251489956.00,United States,,1395905,Consumer Staples,Meat/Poultry/Fish
PPG,PPG Industries Inc. Common Stock,$127.38,0.93,0.735%,29552160000.00,United States,,1255797,Consumer Discretionary,Paints/Coatings
PPIH,Perma-Pipe International Holdings Inc. Common Stock,$12.99,-0.20,-1.516%,103632310.00,United States,,58856,Industrials,Pollution Control Equipment
PPL,PPL Corporation Common Stock,$32.71,0.28,0.863%,24132564774.00,United States,,2711004,Utilities,Electric Utilities: Central
PPSI,Pioneer Power Solutions Inc. Common Stock,$6.36,0.10,1.597%,69432362.00,United States,,50744,Industrials,Electrical Products
PPT,Putnam Premier Income Trust Common Stock,$3.61,-0.01,-0.276%,359297029.00,United States,1988,176879,Finance,Finance Companies
PPTA,Perpetua Resources Corp. Common Shares,$9.78,0.165,1.716%,630912798.00,Canada,,165979,Basic Materials,Precious Metals
PR,Permian Resources Corporation Class A Common Stock,$13.61,-0.30,-2.157%,10922527046.00,United States,2022,15344146,Energy,Oil & Gas Production
PRA,ProAssurance Corporation Common Stock,$15.37,0.37,2.467%,786273607.00,United States,,153583,Finance,Property-Casualty Insurers
PRAA,PRA Group Inc. Common Stock,$19.07,0.23,1.221%,751687015.00,United States,2002,194326,Finance,Finance: Consumer Services
PRAX,Praxis Precision Medicines Inc. Common Stock,$71.73,0.19,0.266%,1273714559.00,United States,2020,281090,Health Care,Biotechnology: Pharmaceutical Preparations
PRCH,Porch Group Inc. Common Stock,$2.18,0.90,70.313%,258923507.00,United States,2020,23326042,Technology,Computer Software: Prepackaged Software
PRCT,PROCEPT BioRobotics Corporation Common Stock,$91.00,22.23,32.325%,4725835842.00,United States,2021,5054271,Health Care,Medical/Dental Instruments
PRDO,Perdoceo Education Corporation Common Stock,$21.54,0.37,1.748%,1414605682.00,United States,,281815,Real Estate,Other Consumer Services
PRE,Prenetics Global Limited Class A Ordinary Share,$4.77,0.11,2.361%,58218804.00,Hong Kong,,9714,Finance,Blank Checks
PRENW,Prenetics Global Limited Warrant,$0.011,0.00,0.00%,134257.00,Hong Kong,,325,Finance,Blank Checks
PRFX,PainReform Ltd. Ordinary Shares,$0.60,-0.0379,-5.941%,702625.00,Israel,2020,205262,Health Care,Biotechnology: Pharmaceutical Preparations
PRG,PROG Holdings Inc. Common Stock,$42.91,0.82,1.948%,1782627551.00,United States,,335522,Consumer Discretionary,Diversified Commercial Services
PRGO,Perrigo Company plc Ordinary Shares,$25.77,0.68,2.71%,3515425322.00,United States,,1631124,Health Care,Biotechnology: Pharmaceutical Preparations
PRGS,Progress Software Corporation Common Stock (DE),$64.70,-0.20,-0.308%,2775955118.00,United States,1991,468382,Technology,Computer Software: Prepackaged Software
PRH,Prudential Financial Inc. 5.950% Junior Subordinated Notes due 2062,$26.35,0.00,0.00%,9406950000.00,United States,2022,9746,Finance,Life Insurance
PRI,Primerica Inc. Common Stock,$277.99,2.30,0.834%,9403718123.00,United States,2010,120265,Finance,Life Insurance
PRIF^D,Priority Income Fund Inc. 7.00% Series D Term Preferred Stock due 2029,$24.69,-0.02,-0.081%,,,,1179,,
PRIF^F,Priority Income Fund Inc. 6.625% Series F Term Preferred Stock due 2027,$24.47,0.17,0.70%,,,,1188,,
PRIF^G,Priority Income Fund Inc. 6.25% Series G Preferred Stock Due 2026,$24.3401,0.00,0.00%,,,,120,,
PRIF^H,Priority Income Fund Inc. 6.00% Series H Term Preferred Stock due 2026,$24.30,0.2202,0.914%,,,,138,,
PRIF^I,Priority Income Fund Inc. 6.125% Series I Term Preferred Stock due 2028,$23.7854,0.0536,0.226%,,,,2552,,
PRIF^J,Priority Income Fund Inc. 6.000% Series J Term Preferred Stock due 2028,$23.25,0.165,0.715%,,,,1244,,
PRIF^K,Priority Income Fund Inc. 7.000% Series K Cumulative Preferred Stock,$22.6616,-0.0984,-0.432%,,,,835,,
PRIF^L,Priority Income Fund Inc. 6.375% Series L Term Preferred Stock Due 2029,$23.99,0.19,0.798%,,,,891,,
PRIM,Primoris Services Corporation Common Stock,$63.56,2.53,4.146%,3411439354.00,United States,,1409330,Industrials,Water Sewer Pipeline Comm & Power Line Construction
PRK,Park National Corporation Common Stock,$172.83,6.21,3.727%,2791487941.00,United States,1994,42589,Finance,Major Banks
PRKS,United Parks & Resorts Inc. Common Stock,$54.65,1.43,2.687%,3167053847.00,United States,2013,742392,Health Care,Biotechnology: Electromedical & Electrotherapeutic Apparatus
PRLB,Proto Labs Inc. Common stock,$27.44,0.73,2.733%,690050583.00,United States,2012,126537,Industrials,Metal Fabrications
PRLD,Prelude Therapeutics Incorporated Common Stock,$1.50,-0.02,-1.316%,82536705.00,United States,2020,265333,Health Care,Biotechnology: Pharmaceutical Preparations
PRLH,Pearl Holdings Acquisition Corp Class A Ordinary Shares,$11.21,0.02,0.179%,0.00,United States,2022,496,Finance,Blank Checks
PRLHW,Pearl Holdings Acquisition Corp Warrant,$0.025,-0.0009,-3.475%,0.00,United States,2022,1150,Finance,Blank Checks
PRM,Perimeter Solutions SA Ordinary Shares,$13.47,0.15,1.126%,1956129268.00,Luxembourg,2021,390128,Industrials,Major Chemicals
PRME,Prime Medicine Inc. Common Stock,$4.21,0.18,4.467%,505329723.00,United States,2022,783814,Health Care,Biotechnology: Biological Products (No Diagnostic Substances)
PRMW,Primo Water Corporation Common Stock,$27.09,-0.51,-1.848%,4342878791.00,Canada,,689864,Consumer Staples,Beverages (Production/Distribution)
PRO,PROS Holdings Inc. Common Stock,$19.07,0.51,2.748%,900224332.00,United States,2007,333540,Technology,EDP Services
PROC,Procaps Group S.A. Ordinary Shares,$1.89,0.04,2.162%,213237706.00,Luxembourg,,214,Health Care,Biotechnology: Pharmaceutical Preparations
PROCW,Procaps Group S.A. Warrants,$0.0271,0.0031,12.917%,3057535.00,Luxembourg,,405,Health Care,Biotechnology: Pharmaceutical Preparations
PROF,Profound Medical Corp. Common Stock,$7.54,0.23,3.146%,184593036.00,Canada,,21639,Health Care,Medical/Dental Instruments
PROK,ProKidney Corp. Class A Ordinary Shares,$1.79,0.04,2.286%,518518638.00,United States,2021,280593,Health Care,Biotechnology: Biological Products (No Diagnostic Substances)
PROP,Prairie Operating Co. Common Stock,$8.64,0.05,0.582%,108560399.00,United States,,65891,Finance,Finance: Consumer Services
PROV,Provident Financial Holdings Inc. Common Stock,$15.51,0.01,0.065%,106443393.00,United States,,7830,Finance,Savings Institutions
PRPH,ProPhase Labs Inc. Common Stock (DE),$2.40,0.01,0.418%,45788470.00,United States,,25876,Health Care,Biotechnology: Pharmaceutical Preparations
PRPL,Purple Innovation Inc. Common Stock,$0.9149,0.0584,6.818%,98541939.00,United States,2015,225047,Consumer Discretionary,Home Furnishings
PRPO,Precipio Inc.  Common Stock,$6.355,0.035,0.554%,9418955.00,United States,,3128,Industrials,Biotechnology: Laboratory Analytical Instruments
PRQR,ProQR Therapeutics N.V. Ordinary Shares,$3.31,-0.15,-4.335%,269283700.00,Netherlands,2014,344009,Health Care,Biotechnology: Pharmaceutical Preparations
PRS,Prudential Financial Inc. 5.625% Junior Subordinated Notes due 2058,$24.98,0.01,0.04%,8917860000.00,United States,2018,30129,Finance,Life Insurance
PRSO,Peraso Inc. Common Stock,$1.97,0.11,5.914%,5580752.00,United States,,757708,Technology,Semiconductors
PRT,PermRock Royalty Trust Trust Units,$4.06,0.00,0.00%,49392872.00,United States,2018,88428,Energy,Oil & Gas Production
PRTA,Prothena Corporation plc Ordinary Shares,$17.59,2.29,14.967%,945996269.00,United States,,1131078,Health Care,Biotechnology: Pharmaceutical Preparations
PRTC,PureTech Health plc American Depositary Shares,$20.165,0.175,0.875%,482793072.00,United States,,1855,Health Care,Biotechnology: Pharmaceutical Preparations
PRTG,Portage Biotech Inc. Common Stock,$5.80,-0.56,-8.805%,6081961.00,Canada,,39315,Energy,Oil & Gas Production
PRTH,Priority Technology Holdings Inc. Common Stock,$5.46,0.20,3.802%,419500804.00,United States,2016,35758,Consumer Discretionary,Business Services
PRTS,CarParts.com Inc. Common Stock,$0.76,0.0515,7.269%,43540389.00,United States,2007,592039,Consumer Discretionary,Auto & Home Supply Stores
PRU,Prudential Financial Inc. Common Stock,$125.60,2.14,1.733%,44839200000.00,United States,2001,1335772,Finance,Life Insurance
PRVA,Privia Health Group Inc. Common Stock,$17.73,0.08,0.453%,2119886954.00,United States,2021,861708,Health Care,Medical/Nursing Services
PRZO,ParaZero Technologies Ltd. Ordinary Shares,$0.625,0.00,0.00%,6975000.00,Israel,2023,177144,Industrials,Military/Government/Technical
PSA,Public Storage Common Stock,$336.61,0.27,0.08%,58912952039.00,United States,,465449,Real Estate,Real Estate Investment Trusts
PSA^F,Public Storage Depositary Shares Each Representing 1/1000 of a 5.15% Cumulative Preferred Share of Beneficial Interest Series F par value $0.01 per share,$24.40,0.00,0.00%,,United States,,13202,,
PSA^G,Public Storage Depositary Shares Each Representing 1/1000 of a 5.05% Cumulative Preferred Share of Beneficial Interest Series G,$24.31,0.00,0.00%,,United States,,14832,,
PSA^H,Public Storage Depositary Shares Each Representing 1/1000 of a  5.60% Cumulative Preferred  Share of Beneficial Interest Series H,$25.00,-0.05,-0.20%,,United States,,54254,,
PSA^I,Public Storage Depositary Shares Each Representing 1/1000 of a 4.875% Cumulative Preferred Share of Beneficial Interest Series I par value $0.01 per share,$23.06,-0.07,-0.303%,,United States,,5834,,
PSA^J,Public Storage Depositary Shares Each Representing 1/1000 of a 4.700% Cumulative Preferred Share of Beneficial Interest Series J par value $0.01 per share,$22.33,-0.16,-0.711%,,United States,,7320,,
PSA^K,Public Storage Depositary Shares Each Representing 1/1000 of a 4.75% Cumulative Preferred Share of Beneficial Interest Series K,$22.24,-0.21,-0.935%,,United States,,11540,,
PSA^L,Public Storage Depositary Shares Each Representing 1/1000 of a 4.625% Cumulative Preferred Share of Beneficial Interest Series L par value $0.01 per share,$21.90,0.13,0.597%,,United States,,16113,,
PSA^M,Public Storage Depositary Shares Each Representing 1/1000 of a 4.125% Cumulative Preferred Share of Beneficial Interest Series M,$19.98,0.10,0.503%,,United States,,9828,,
PSA^N,Public Storage Depositary Shares Each Representing 1/1000 of a 3.875% Cumulative Preferred Share of Beneficial Interest Series N,$18.45,0.14,0.765%,,United States,,4772,,
PSA^O,Public Storage Depositary Shares Each Representing 1/1000 of a 3.900% Cumulative Preferred Share of Beneficial Interest Series O,$18.33,-0.07,-0.38%,,United States,,8044,,
PSA^P,Public Storage Depositary Shares Each Representing 1/1000 of a 4.000% Cumulative Preferred Share of Bene cial Interest Series P,$18.98,0.08,0.423%,,United States,,58912,,
PSA^Q,Public Storage Depositary Shares Each Representing 1/1000 of a 3.950% Cumulative Preferred Share of Beneficial Interest Series Q par value $0.01 per share,$18.80,0.02,0.106%,,United States,,7162,,
PSA^R,Public Storage Depositary Shares Each Representing 1/1000 of a 4.00% Cumulative Preferred Share of Bene cial Interest Series R,$19.19,-0.09,-0.467%,,United States,,37746,,
PSA^S,Public Storage Depositary Shares Each Representing 1/1000 of a 4.100% Cumulative Preferred Share of Beneficial Interest Series S,$19.79,0.09,0.457%,,United States,,25484,,
PSBD,Palmer Square Capital BDC Inc. Common Stock,$15.99,-0.26,-1.60%,0.00,,2024,28302,,
PSEC,Prospect Capital Corporation Common Stock,$5.33,0.02,0.377%,2286507197.00,United States,2004,1906767,Finance,Finance: Consumer Services
PSEC^A,Prospect Capital Corporation 5.35% Series A Fixed Rate Cumulative Perpetual Preferred Stock,$19.99,0.55,2.829%,,United States,,6864,,
PSF,Cohen & Steers Select Preferred and Income Fund Inc. Common Stock,$20.60,-0.05,-0.242%,1012255737.00,,2010,21168,Finance,Investment Managers
PSFE,Paysafe Limited Common Shares,$21.96,0.05,0.228%,1355358968.00,,2021,221841,Consumer Discretionary,Business Services
PSHG,Performance Shipping Inc. Common Shares,$2.07,0.00,0.00%,25418929.00,Greece,,62111,Consumer Discretionary,Marine Transportation
PSIG,PS International Group Ltd. Ordinary Shares,$0.8025,0.0034,0.425%,19487057.00,Hong Kong,,48548,Consumer Discretionary,Oil Refining/Marketing
PSMT,PriceSmart Inc. Common Stock,$91.15,-0.55,-0.60%,2792744212.00,United States,,136227,Consumer Discretionary,Department/Specialty Retail Stores
PSN,Parsons Corporation Common Stock,$104.69,0.48,0.461%,11116521469.00,United States,2019,673659,Technology,EDP Services
PSNL,Personalis Inc. Common Stock,$5.17,0.46,9.766%,340806400.00,United States,2019,641670,Health Care,Medical Specialities
PSNY,Polestar Automotive Holding UK PLC Class A ADS,$1.38,0.05,3.759%,2946590197.00,Sweden,,3744062,Consumer Discretionary,Auto Manufacturing
PSNYW,Polestar Automotive Holding UK PLC Class C-1 ADS (ADW),$0.2168,-0.0057,-2.562%,462913590.00,Sweden,,79257,Consumer Discretionary,Auto Manufacturing
PSO,Pearson Plc Common Stock,$13.90,0.38,2.811%,9260205910.00,United Kingdom,,419107,Consumer Discretionary,Books
PSQH,PSQ Holdings Inc. Class A Common Stock,$2.86,0.19,7.116%,89779962.00,,2021,231362,Consumer Discretionary,Advertising
PSTG,Pure Storage Inc. Class A Common Stock,$54.07,0.02,0.037%,17718300709.00,United States,2015,1095908,Technology,Electronic Components
PSTL,Postal Realty Trust Inc. Class A Common Stock,$14.64,0.33,2.306%,337207893.00,United States,2019,83164,Real Estate,Real Estate Investment Trusts
PSTV,PLUS THERAPEUTICS Inc. Common Stock ,$1.3457,-0.0043,-0.319%,7934695.00,United States,,13884,Health Care,Medical/Dental Instruments
PSTX,Poseida Therapeutics Inc. Common Stock,$2.48,0.07,2.905%,240858034.00,United States,2020,338022,Health Care,Biotechnology: Biological Products (No Diagnostic Substances)
PSX,Phillips 66 Common Stock,$128.89,0.72,0.562%,53949381997.00,United States,,2509709,Energy,Integrated oil Companies
PT,Pintec Technology Holdings Limited American Depositary Shares,$1.00,0.00,0.00%,15947961.00,China,2018,3561,Technology,Computer Software: Programming Data Processing
PTA,Cohen & Steers Tax-Advantaged Preferred Securities and Income Fund Common Shares of Beneficial Interest,$20.33,-0.25,-1.215%,1123709381.00,United States,2020,137568,Finance,Trusts Except Educational Religious and Charitable
PTC,PTC Inc. Common Stock,$185.25,-1.76,-0.941%,22255051543.00,United States,,680266,Technology,Computer Software: Prepackaged Software
PTCT,PTC Therapeutics Inc. Common Stock,$40.48,-0.27,-0.663%,3113890402.00,United States,2013,489395,Health Care,Biotechnology: Pharmaceutical Preparations
PTEN,Patterson-UTI Energy Inc. Common Stock,$7.98,-0.19,-2.326%,3136537444.00,United States,1993,10733995,Energy,Oil & Gas Production
PTGX,Protagonist Therapeutics Inc. Common Stock,$48.20,0.94,1.989%,2839200997.00,United States,2016,355946,Health Care,Biotechnology: Pharmaceutical Preparations
PTHL,Pheton Holdings Ltd Class A Ordinary Shares,$4.61,0.06,1.319%,66845000.00,China,2024,118914,Health Care,Biotechnology: Electromedical & Electrotherapeutic Apparatus
PTIX,Protagenic Therapeutics Inc. Common Stock,$0.5601,-0.0529,-8.63%,2502116.00,United States,,67014,Health Care,Biotechnology: Pharmaceutical Preparations
PTIXW,Protagenic Therapeutics Inc. Warrant,$0.009,0.00,0.00%,40205.00,United States,,13572,Health Care,Biotechnology: Pharmaceutical Preparations
PTLE,PTL LTD Ordinary Shares,$4.14,0.03,0.73%,51750000.00,Singapore,2024,37372,Energy,Oil Refining/Marketing
PTLO,Portillo's Inc. Class A Common Stock,$13.32,0.43,3.336%,823104365.00,United States,2021,1093350,Consumer Discretionary,Restaurants
PTMN,Portman Ridge Finance Corporation Common Stock,$18.34,-0.01,-0.054%,169535400.00,United States,2006,21341,Finance,Finance: Consumer Services
PTN,Palatin Technologies Inc. Common Stock,$1.21,0.12,11.009%,23653282.00,United States,1999,222235,Health Care,Biotechnology: Pharmaceutical Preparations
PTON,Peloton Interactive Inc. Class A Common Stock,$6.40,0.12,1.911%,2409084224.00,United States,2019,14688338,Consumer Discretionary,Recreational Games/Products/Toys
PTPI,Petros Pharmaceuticals Inc. Common Stock,$0.3988,-0.0089,-2.183%,3831143.00,United States,,165624,Health Care,Biotechnology: Pharmaceutical Preparations
PTSI,P.A.M. Transportation Services Inc. Common Stock,$15.49,-0.66,-4.087%,336985120.00,United States,1986,13441,Industrials,Trucking Freight/Courier Services
PTVE,Pactiv Evergreen Inc. Common stock,$11.69,0.15,1.30%,2095486707.00,United States,2020,156037,Consumer Discretionary,Containers/Packaging
PTY,Pimco Corporate & Income Opportunity Fund,$14.50,-0.02,-0.138%,0.00,United States,2002,395325,Finance,Investment Managers
PUBM,PubMatic Inc. Class A Common Stock,$15.22,0.43,2.907%,754670169.00,United States,2020,198843,Technology,Computer Software: Programming Data Processing
PUK,Prudential Public Limited Company Common Stock,$16.90,0.25,1.502%,22854524807.00,United Kingdom,,2768891,Finance,Life Insurance
PULM,Pulmatrix Inc. Common Stock,$2.09,0.0701,3.47%,7633276.00,United States,2014,8985,Health Care,Biotechnology: Pharmaceutical Preparations
PUMP,ProPetro Holding Corp. Common Stock,$7.56,-0.19,-2.452%,787466058.00,United States,2017,704602,Energy,Oilfield Services/Equipment
PVBC,Provident Bancorp Inc. (MD) Common Stock,$10.33,-0.03,-0.29%,182503488.00,United States,2015,16549,Finance,Banks
PVH,PVH Corp. Common Stock,$95.60,2.34,2.509%,5335827769.00,United States,,632950,Consumer Discretionary,Apparel
PVL,Permianville Royalty Trust Trust Units ,$1.57,-0.02,-1.258%,51810000.00,United States,2011,87699,Energy,Oil & Gas Production
PW,Power REIT (MD) Common Stock,$1.14,0.03,2.703%,3864214.00,United States,1998,38524,Real Estate,Real Estate Investment Trusts
PW^A,Power REIT 7.75% Series A Cumulative Perpetual Preferred Stock,$3.50,0.04,1.156%,,United States,,200,,
PWM,Prestige Wealth Inc. Class A Ordinary Shares,$0.91,0.10,12.346%,8326500.00,Hong Kong,2023,323204,Finance,Finance: Consumer Services
PWOD,Penns Woods Bancorp Inc. Common Stock,$25.94,0.34,1.328%,195705134.00,United States,,9984,Finance,Major Banks
PWP,Perella Weinberg Partners Class A Common Stock,$20.76,0.34,1.665%,1782022166.00,United States,2020,240388,Finance,Finance: Consumer Services
PWR,Quanta Services Inc. Common Stock,$313.36,5.19,1.684%,46167259547.00,United States,,767794,Industrials,Engineering & Construction
PWUP,PowerUp Acquisition Corp. Class A Ordinary Shares,$11.69,0.00,0.00%,0.00,United States,2022,127,Finance,Blank Checks
PWUPU,PowerUp Acquisition Corp. Unit,$11.44,-0.01,-0.087%,0.00,United States,2022,543,Finance,Blank Checks
PWUPW,PowerUp Acquisition Corp. Warrant,$0.032,0.0029,9.966%,0.00,United States,2022,13600,Finance,Blank Checks
PX,P10 Inc. Class A Common Stock,$11.20,0.08,0.719%,1250803658.00,United States,2021,264571,Finance,Investment Managers
PXDT,Pixie Dust Technologies Inc. American Depositary Shares ,$0.81,0.14,20.896%,12043944.00,Japan,2023,5036867,Health Care,Biotechnology: Electromedical & Electrotherapeutic Apparatus
PXLW,Pixelworks Inc.  Common Stock,$0.7794,0.0334,4.477%,45635183.00,United States,2000,158919,Technology,Semiconductors
PXS,Pyxis Tankers Inc. Common Stock,$4.49,-0.18,-3.854%,47336036.00,Greece,,47195,Consumer Discretionary,Marine Transportation
PXSAW,Pyxis Tankers Inc. Warrant,$0.7499,0.00,0.00%,7905856.00,Greece,,2,Consumer Discretionary,Marine Transportation
PYCR,Paycor HCM Inc. Common Stock,$14.63,0.28,1.951%,2616167542.00,United States,2021,489912,Technology,Computer Software: Prepackaged Software
PYN,PIMCO New York Municipal Income Fund III Common Shares of Beneficial Interest,$6.0103,-0.0297,-0.492%,0.00,United States,2002,21699,Finance,Investment Managers
PYPD,PolyPid Ltd. Ordinary Shares,$3.4194,0.0994,2.994%,23263813.00,Israel,2020,27883,Health Care,Biotechnology: Pharmaceutical Preparations
PYPL,PayPal Holdings Inc. Common Stock,$83.59,1.89,2.313%,85456848321.00,United States,,15148966,Consumer Discretionary,Business Services
PYT,PPlus Tr GSC-2 Tr Ctf Fltg Rate,$23.00,0.00,0.00%,0.00,United States,,106,Finance,Finance: Consumer Services
PYXS,Pyxis Oncology Inc. Common Stock,$3.79,0.13,3.552%,223391101.00,United States,2021,355847,Health Care,Biotechnology: Pharmaceutical Preparations
PZC,PIMCO California Municipal Income Fund III Common Shares of Beneficial Interest,$7.32,-0.03,-0.408%,0.00,United States,2002,21374,Finance,Investment Managers
PZG,Paramount Gold Nevada Corp. Common Stock,$0.415,0.0018,0.436%,27041078.00,United States,2015,27162,Basic Materials,Metal Mining
PZZA,Papa John's International Inc. Common Stock,$53.08,2.06,4.038%,1731782029.00,United States,1993,679046,Consumer Discretionary,Restaurants
QBTS,D-Wave Quantum Inc. Common Shares,$1.20,0.16,15.385%,241715156.00,,2022,10030551,Technology,EDP Services
QCOM,QUALCOMM Incorporated Common Stock,$172.22,1.95,1.145%,191853080000.00,United States,1991,5023617,Technology,Radio And Television Broadcasting And Communications Equipment
QCRH,QCR Holdings Inc. Common Stock,$81.46,2.80,3.56%,1371943048.00,United States,,73166,Finance,Major Banks
QD,Qudian Inc. American Depositary Shares each representing one Class A Ordinary Share,$2.45,0.10,4.255%,464039435.00,China,2017,772918,Finance,Finance: Consumer Services
QDEL,QuidelOrtho Corporation Common Stock,$38.73,0.05,0.129%,2604026810.00,United States,,442749,Health Care,Biotechnology: In Vitro & In Vivo Diagnostic Substances
QETA,Quetta Acquisition Corporation Common Stock,$10.47,0.0054,0.052%,0.00,United States,2023,7814,Finance,Blank Checks
QETAR,Quetta Acquisition Corporation Right,$1.41,-0.115,-7.541%,0.00,United States,2023,905,Finance,Blank Checks
QETAU,Quetta Acquisition Corporation Unit,$10.54,0.00,0.00%,0.00,United States,2023,23,Finance,Blank Checks
QFIN,Qifu Technology Inc. American Depositary Shares,$34.98,0.16,0.46%,5430801536.00,China,2018,759041,Finance,Finance: Consumer Services
QGEN,Qiagen N.V. Common Shares,$41.80,0.25,0.602%,9538875159.00,Netherlands,,615925,Health Care,Biotechnology: Biological Products (No Diagnostic Substances)
QH,Quhuo Limited American Depository Shares,$1.42,0.03,2.158%,8758022.00,China,2020,135974,Consumer Discretionary,Business Services
QIPT,Quipt Home Medical Corp. Common Shares,$2.78,0.07,2.583%,119790200.00,United States,,177419,Health Care,Misc Health and Biotechnology Services
QLGN,Qualigen Therapeutics Inc. Common Stock,$0.1122,-0.0093,-7.654%,1363884.00,United States,2015,11047617,Health Care,Biotechnology: Pharmaceutical Preparations
QLYS,Qualys Inc. Common Stock,$121.91,0.79,0.652%,4487631204.00,United States,2012,344529,Technology,Computer Software: Prepackaged Software
QMCO,Quantum Corporation Common Stock,$5.33,0.37,7.46%,25545038.00,United States,,60955,Technology,Electronic Components
QMMM,QMMM Holdings Limited Ordinary Shares,$8.89,-0.47,-5.021%,152241250.00,Hong Kong,2024,459961,Consumer Discretionary,Advertising
QNCX,Quince Therapeutics Inc. Common Stock,$0.9916,-0.0884,-8.185%,42913083.00,United States,2019,408793,Health Care,Biotechnology: Biological Products (No Diagnostic Substances)
QNRX,Quoin Pharmaceuticals Ltd. American Depositary Shares,$0.879,0.071,8.787%,3498394.00,Israel,2016,1167900,Health Care,Medical/Dental Instruments
QNST,QuinStreet Inc. Common Stock,$18.83,0.26,1.40%,1054029850.00,United States,2010,213463,Consumer Discretionary,Business Services
QNTM,Quantum Biopharma Ltd. Class B Subordinate Voting Shares,$5.54,-0.124,-2.189%,7204659.00,Canada,,211411,Health Care,Biotechnology: Pharmaceutical Preparations
QOMOW,Qomolangma Acquisition Corp. Warrant,$0.026,-0.0001,-0.383%,0.00,United States,2022,1204,Finance,Blank Checks
QQQX,Nuveen NASDAQ 100 Dynamic Overwrite Fund Shares of Beneficial Interest,$25.44,-0.01,-0.039%,0.00,United States,,54771,Finance,Finance Companies
QRHC,Quest Resource Holding Corporation Common Stock,$7.97,-0.07,-0.871%,162456120.00,United States,,35422,Utilities,Environmental Services
QRTEA,Qurate Retail Inc. Series A Common Stock ,$0.539,-0.0036,-0.663%,213940713.00,United States,,1793266,Consumer Discretionary,Catalog/Specialty Distribution
QRTEB,Qurate Retail Inc. Series B Common Stock ,$3.48,0.08,2.353%,1381286980.00,United States,,3025,Consumer Discretionary,Catalog/Specialty Distribution
QRTEP,Qurate Retail Inc. 8.0% Fixed Rate Cumulative Redeemable Preferred Stock,$38.76,-0.19,-0.488%,15384679123.00,United States,,39275,Consumer Discretionary,Catalog/Specialty Distribution
QRVO,Qorvo Inc. Common Stock,$100.26,1.25,1.262%,9510798550.00,United States,,1305816,Technology,Semiconductors
QS,QuantumScape Corporation Class A Common Stock,$5.69,-0.50,-8.078%,2879786230.00,United States,2020,21432822,Miscellaneous,Industrial Machinery/Components
QSG,QuantaSing Group Limited American Depositary Shares,$3.45,0.77,28.731%,176339860.00,China,2023,271718,Real Estate,Other Consumer Services
QSI,Quantum-Si Incorporated Class A Common Stock,$0.7699,0.0249,3.342%,109603966.00,United States,2020,647552,Industrials,Industrial Machinery/Components
QSIAW,Quantum-Si Incorporated Warrant,$0.0675,-0.0012,-1.747%,9609388.00,United States,2020,2263,Industrials,Industrial Machinery/Components
QSR,Restaurant Brands International Inc. Common Shares,$71.10,0.56,0.794%,32037781083.00,Canada,2014,1295805,Consumer Discretionary,Restaurants
QTI,QT Imaging Holdings Inc. Common Stock,$0.84,0.131,18.477%,18010789.00,United States,,59956,Health Care,Biotechnology: Electromedical & Electrotherapeutic Apparatus
QTRX,Quanterix Corporation Common Stock,$12.56,0.09,0.722%,482040654.00,United States,2017,298505,Industrials,Biotechnology: Laboratory Analytical Instruments
QTTB,Q32 Bio Inc. Common Stock,$46.74,-3.85,-7.61%,563674398.00,United States,2018,54074,Health Care,Biotechnology: Pharmaceutical Preparations
QTWO,Q2 Holdings Inc. Common Stock,$84.50,1.14,1.368%,5093928034.00,United States,2014,393719,Technology,Computer Software: Prepackaged Software
QUAD,Quad Graphics Inc Class A Common Stock,$5.24,0.13,2.544%,273323954.00,United States,,200692,Consumer Discretionary,Publishing
QUBT,Quantum Computing Inc. Common Stock,$1.28,0.19,17.431%,116921779.00,United States,,5138792,Technology,Computer Software: Prepackaged Software
QUIK,QuickLogic Corporation Common Stock,$8.24,-0.33,-3.851%,119196618.00,United States,1999,265778,Technology,Semiconductors
QURE,uniQure N.V. Ordinary Shares,$6.68,0.145,2.219%,325300095.00,Netherlands,2014,705614,Health Care,Biotechnology: Pharmaceutical Preparations
QVCC,QVC Inc. 6.250% Senior Secured Notes due 2068,$13.75,0.08,0.585%,14.00,United States,2019,15234,Consumer Discretionary,Catalog/Specialty Distribution
QVCD,QVC Inc. 6.375% Senior Secured Notes due 2067,$13.80,-0.07,-0.505%,14.00,United States,2018,6630,Consumer Discretionary,Catalog/Specialty Distribution
QXO,QXO Inc. Common Stock,$15.50,0.41,2.717%,6346168023.00,United States,,661100,Technology,EDP Services
R,Ryder System Inc. Common Stock,$144.39,4.63,3.313%,6106283855.00,United States,,365660,Consumer Discretionary,Rental/Leasing Companies
RA,Brookfield Real Assets Income Fund Inc. Common Stock,$13.45,0.07,0.523%,0.00,United States,2016,201567,Finance,Investment Managers
RACE,Ferrari N.V. Common Shares,$490.48,5.75,1.186%,119554971842.00,Italy,2015,144799,Consumer Discretionary,Auto Manufacturing
RAIL,FreightCar America Inc. Common Stock,$14.32,-0.25,-1.716%,270273532.00,United States,2005,460400,Industrials,Railroads
RAMP,LiveRamp Holdings Inc. Common Stock,$25.01,0.27,1.091%,1665957266.00,United States,2018,369534,Technology,EDP Services
RAND,Rand Capital Corporation Common Stock,$16.125,-0.2851,-1.737%,41618964.00,United States,,4951,Finance,Finance: Consumer Services
RANI,Rani Therapeutics Holdings Inc. Class A Common Stock,$2.31,-0.03,-1.282%,123369033.00,United States,2021,1872368,Health Care,Biotechnology: Pharmaceutical Preparations
RAPP,Rapport Therapeutics Inc. Common Stock,$25.23,1.01,4.17%,922824010.00,United States,2024,27818,Health Care,Biotechnology: Pharmaceutical Preparations
RAPT,RAPT Therapeutics Inc. Common Stock,$1.93,0.04,2.116%,67363709.00,United States,2019,128093,Health Care,Biotechnology: Pharmaceutical Preparations
RARE,Ultragenyx Pharmaceutical Inc. Common Stock,$53.07,-0.75,-1.394%,4891206633.00,United States,2014,922887,Health Care,Biotechnology: Pharmaceutical Preparations
RAVE,Rave Restaurant Group Inc. Common Stock,$2.80,0.03,1.083%,40842385.00,United States,,36569,Consumer Discretionary,Food Distributors
RAY,Raytech Holding Limited Ordinary Shares,$1.506,0.106,7.571%,26525303.00,Hong Kong,2024,37235,Consumer Discretionary,Consumer Electronics/Appliances
RAYA,Erayak Power Solution Group Inc. Class A Ordinary Shares,$1.35,-0.015,-1.099%,16807500.00,China,2022,45399,Consumer Discretionary,Metal Fabrications
RBA,RB Global Inc. Common Stock,$86.09,1.15,1.354%,15862427290.00,Canada,,576320,Consumer Discretionary,Business Services
RBB,RBB Bancorp Common Stock,$22.98,0.85,3.841%,409154028.00,United States,2017,26867,Finance,Major Banks
RBBN,Ribbon Communications Inc. Common Stock,$3.69,-0.01,-0.27%,647165805.00,United States,,356624,Technology,EDP Services
RBC,RBC Bearings Incorporated Common Stock,$288.57,-0.27,-0.093%,8434861566.00,United States,2022,101791,Industrials,Metal Fabrications
RBCAA,Republic Bancorp Inc. Class A Common Stock,$69.57,2.54,3.789%,1352028598.00,United States,1998,18051,Finance,Major Banks
RBKB,Rhinebeck Bancorp Inc. Common Stock,$8.99,0.18,2.043%,99677587.00,United States,2019,1043,Finance,Banks
RBLX,Roblox Corporation Class A Common Stock,$42.30,0.16,0.38%,27376560000.00,United States,2021,5828490,Technology,Computer Software: Prepackaged Software
RBOT,Vicarious Surgical Inc. Class A Common Stock,$8.36,0.4194,5.282%,49301453.00,Hong Kong,2020,10287,Health Care,Industrial Specialties
RBRK,Rubrik Inc. Class A Common Stock,$40.58,1.18,2.995%,7371487302.00,United States,2024,1002064,Technology,Computer Software: Prepackaged Software
RC,Ready Capital Corporation Common Stock,$6.91,0.04,0.582%,1162364537.00,United States,2013,1098140,Real Estate,Real Estate Investment Trusts
RC^C,Ready Capital Corporation 6.25% Series C Cumulative Convertible Preferred Stock,$19.00,0.00,0.00%,,United States,,51,,
RC^E,Ready Capital Corporation 6.50% Series E Cumulative Redeemable Preferred Stock,$19.18,-0.095,-0.493%,,United States,,6004,,
RCAT,Red Cat Holdings Inc. Common Stock,$3.06,0.37,13.755%,230751656.00,United States,,1633351,Technology,Computer Software: Prepackaged Software
RCB,Ready Capital Corporation 6.20% Senior Notes due 2026,$24.4599,0.0145,0.059%,4114518140.00,United States,2019,1852,Real Estate,Real Estate Investment Trusts
RCC,Ready Capital Corporation 5.75% Senior Notes due 2026,$24.3256,-0.0344,-0.141%,4091926888.00,United States,2021,2207,Real Estate,Real Estate Investment Trusts
RCEL,Avita Medical Inc. Common Stock,$10.52,0.39,3.85%,273411633.00,United States,,72817,Health Care,Medical/Dental Instruments
RCFA,Perception Capital Corp. IV Class A Ordinary Shares,$11.51,0.004,0.035%,0.00,,2021,48600,Finance,Blank Checks
RCG,RENN Fund Inc Common Stock,$2.19,0.03,1.389%,0.00,United States,,15035,Finance,Investment Managers
RCI,Rogers Communication Inc. Common Stock,$37.31,0.17,0.458%,19821481069.00,Canada,,1016284,Telecommunications,Cable & Other Pay Television Services
RCKT,Rocket Pharmaceuticals Inc. Common Stock,$17.49,0.45,2.641%,1591167774.00,United States,2015,554624,Health Care,Biotechnology: Pharmaceutical Preparations
RCKTW,Rocket Pharmaceuticals Inc. Warrant,$0.0665,0.00,0.00%,6049895.00,United States,,2,Health Care,Biotechnology: Pharmaceutical Preparations
RCKY,Rocky Brands Inc. Common Stock,$27.62,0.22,0.803%,205741932.00,United States,1993,24300,Consumer Discretionary,Shoe Manufacturing
RCL,Royal Caribbean Cruises Ltd. Common Stock,$203.52,2.61,1.299%,52390187800.00,United States,1993,2827913,Consumer Discretionary,Marine Transportation
RCM,R1 RCM Inc. Common Stock,$14.25,0.00,0.00%,6015052723.00,United States,,1799707,Consumer Discretionary,Other Consumer Services
RCMT,RCM Technologies Inc. Common Stock,$21.64,0.67,3.195%,165090868.00,United States,,19040,Consumer Discretionary,Professional Services
RCON,Recon Technology Ltd. Class A Ordinary Shares,$2.94,-0.53,-15.274%,44035191.00,China,2009,29332,Energy,Oilfield Services/Equipment
RCS,PIMCO Strategic Income Fund Inc.,$7.63,0.13,1.733%,0.00,United States,1994,127832,Finance,Investment Managers
RCUS,Arcus Biosciences Inc. Common Stock,$16.66,0.34,2.083%,1523182233.00,United States,2018,684152,Health Care,Biotechnology: Pharmaceutical Preparations
RDACU,Rising Dragon Acquisition Corp. Unit,$10.0281,0.0181,0.181%,0.00,China,2024,1079,Finance,Blank Checks
RDCM,Radcom Ltd. Ordinary Shares,$10.08,-0.02,-0.198%,154301939.00,Israel,1997,13767,Technology,Computer peripheral equipment
RDDT,Reddit Inc. Class A Common Stock,$79.68,-1.68,-2.065%,13217003983.00,United States,2024,6561827,Technology,EDP Services
RDFN,Redfin Corporation Common Stock,$10.14,0.15,1.502%,1234790996.00,United States,2017,3580853,Finance,Real Estate
RDHL,Redhill Biopharma Ltd. American Depositary Shares,$8.21,0.01,0.122%,10513225.00,Israel,,24943,Health Care,Biotechnology: Pharmaceutical Preparations
RDI,Reading International Inc Class A Common Stock,$1.44,-0.01,-0.69%,32293705.00,United States,,6902,Consumer Discretionary,Movies/Entertainment
RDIB,Reading International Inc Class B Common Stock,$7.17,0.25,3.613%,160795739.00,United States,,14625,Consumer Discretionary,Movies/Entertainment
RDN,Radian Group Inc. Common Stock,$34.11,0.55,1.639%,5130787144.00,United States,,354326,Finance,Property-Casualty Insurers
RDNT,RadNet Inc. Common Stock,$67.09,0.72,1.085%,4961792573.00,United States,,278710,Health Care,Medical Specialities
RDUS,Radius Recycling Inc. Class A Common Stock,$16.77,0.83,5.207%,470221644.00,United States,,194301,Consumer Discretionary,Industrial Specialties
RDVT,Red Violet Inc. Common Stock ,$28.71,0.14,0.49%,394231824.00,United States,,34106,Technology,Computer Software: Prepackaged Software
RDW,Redwire Corporation Common Stock,$9.19,0.60,6.985%,611461585.00,United States,2021,457208,Industrials,Military/Government/Technical
RDWR,Radware Ltd. Ordinary Shares,$22.62,0.24,1.072%,943228575.00,Israel,1999,342757,Consumer Discretionary,Business Services
RDY,Dr. Reddy's Laboratories Ltd Common Stock,$78.44,2.06,2.697%,13085224785.00,India,,181338,Health Care,Biotechnology: Pharmaceutical Preparations
RDZN,Roadzen Inc. Ordinary Shares,$1.03,0.1416,15.939%,70494054.00,United States,2022,179140,Finance,Specialty Insurers
REAL,The RealReal Inc. Common Stock,$2.98,0.05,1.706%,323324651.00,United States,2019,4295877,Consumer Discretionary,Other Specialty Stores
REAX,The Real Brokerage Inc. Common Shares,$5.39,0.26,5.068%,1053206000.00,Canada,,565907,Finance,Real Estate
REBN,Reborn Coffee Inc. Common Stock,$2.07,0.17,8.947%,7767696.00,United States,2022,11777,Consumer Discretionary,Restaurants
RECT,Rectitude Holdings Ltd Ordinary Shares,$3.3499,0.1599,5.013%,48573550.00,Singapore,2024,6780,Consumer Discretionary,Industrial Machinery/Components
REE,REE Automotive Ltd. Class A Ordinary Shares,$7.82,-0.445,-5.384%,87840731.00,Israel,,59760,Consumer Discretionary,Auto Manufacturing
REFI,Chicago Atlantic Real Estate Finance Inc. Common Stock,$15.27,0.05,0.329%,299665474.00,United States,2021,72101,Real Estate,Real Estate Investment Trusts
REFR,Research Frontiers Incorporated Common Stock,$2.185,-0.005,-0.228%,73236365.00,United States,,35364,Miscellaneous,Multi-Sector Companies
REG,Regency Centers Corporation Common Stock,$71.75,0.74,1.042%,13022387795.00,United States,1993,740088,Real Estate,Real Estate Investment Trusts
REGCO,Regency Centers Corporation 5.875% Series B Cumulative Redeemable Preferred Stock,$24.22,-0.0414,-0.171%,4395849929.00,United States,,13065,Real Estate,Real Estate Investment Trusts
REGCP,Regency Centers Corporation 6.25% Series A Cumulative Redeemable Preferred Stock,$24.77,-0.18,-0.721%,4495673110.00,United States,,1359,Real Estate,Real Estate Investment Trusts
REGN,Regeneron Pharmaceuticals Inc. Common Stock,$928.61,-4.41,-0.473%,102364885975.00,United States,1991,578674,Health Care,Biotechnology: Pharmaceutical Preparations
REI,Ring Energy Inc. Common Stock,$1.54,0.03,1.987%,305185453.00,United States,,2412450,Energy,Oil & Gas Production
REKR,Rekor Systems Inc. Common Stock,$1.09,0.02,1.869%,96468820.00,United States,,464996,Telecommunications,Telecommunications Equipment
RELI,Reliance Global Group Inc. Common Stock,$2.40,0.07,3.004%,2974577.00,United States,,68069,Finance,Specialty Insurers
RELIW,Reliance Global Group Inc. Series A Warrants,$0.065,0.0148,29.482%,80561.00,United States,,3405,Finance,Specialty Insurers
RELL,Richardson Electronics Ltd. Common Stock,$14.20,0.19,1.356%,204203924.00,United States,1983,68597,Technology,Electronic Components
RELX,RELX PLC PLC American Depositary Shares (Each representing One Ordinary Share),$48.16,0.74,1.561%,89778557665.00,United Kingdom,2015,494928,Consumer Discretionary,Business Services
RELY,Remitly Global Inc. Common Stock,$15.15,0.38,2.573%,2956318611.00,United States,2021,1708634,Consumer Discretionary,Business Services
RENB,Renovaro Inc. Common Stock,$0.533,0.022,4.305%,83251355.00,United States,,219182,Health Care,Biotechnology: Pharmaceutical Preparations
RENE,Cartesian Growth Corporation II Class A Ordinary Shares,$11.55,0.00,0.00%,0.00,United States,2022,138,Finance,Blank Checks
RENEW,Cartesian Growth Corporation II Warrant,$0.07,0.00,0.00%,0.00,United States,2022,1000,Finance,Blank Checks
RENT,Rent the Runway Inc. Class A Common Stock,$10.15,0.20,2.01%,38652418.00,United States,2021,45282,Consumer Discretionary,Other Specialty Stores
REPL,Replimune Group Inc. Common Stock,$12.05,0.32,2.728%,823272822.00,United States,2018,283527,Health Care,Biotechnology: Biological Products (No Diagnostic Substances)
REPX,Riley Exploration Permian Inc. Common Stock,$26.95,0.22,0.823%,581453688.00,United States,1999,92584,Energy,Oil & Gas Production
RERE,ATRenew Inc. American Depositary Shares (every three of which representing two Class A ordinary shares),$2.62,0.04,1.55%,580854000.00,Cayman Islands,2021,831357,Consumer Discretionary,Other Specialty Stores
RES,RPC Inc. Common Stock,$5.76,-0.21,-3.518%,1238240742.00,United States,,2117040,Energy,Oilfield Services/Equipment
RETO,ReTo Eco-Solutions Inc. Class A Shares,$1.095,-0.005,-0.455%,4100982.00,China,2017,1001461,Industrials,Industrial Machinery/Components
REVB,Revelation Biosciences Inc. Common Stock,$0.83,-0.0045,-0.539%,1364018.00,United States,2020,34460,Health Care,Biotechnology: Pharmaceutical Preparations
REVBW,Revelation Biosciences Inc. Warrant,$0.0129,0.0017,15.179%,21200.00,United States,2020,3245,Health Care,Biotechnology: Pharmaceutical Preparations
REVG,REV Group Inc. Common Stock,$28.20,1.61,6.055%,1466359138.00,United States,2017,406168,Consumer Discretionary,Auto Manufacturing
REX,REX American Resources Corporation,$45.75,0.66,1.464%,803697204.00,United States,,61241,Industrials,Major Chemicals
REXR,Rexford Industrial Realty Inc. Common Stock,$44.25,0.90,2.076%,9840833831.00,United States,2013,2137178,Real Estate,Real Estate Investment Trusts
REXR^B,Rexford Industrial Realty Inc. 5.875% Series B Cumulative Redeemable Preferred Stock,$23.20,0.29,1.266%,,United States,,14022,,
REXR^C,Rexford Industrial Realty Inc. 5.625% Series C Cumulative Redeemable Preferred Stock par value $0.01 per share,$23.375,-0.125,-0.532%,,United States,,16326,,
REYN,Reynolds Consumer Products Inc. Common Stock,$29.81,0.00,0.00%,6264223349.00,United States,2020,400965,Consumer Discretionary,Containers/Packaging
REZI,Resideo Technologies Inc. Common Stock ,$20.28,0.13,0.645%,2969242782.00,United States,2018,421230,Industrials,Wholesale Distributors
RF,Regions Financial Corporation Common Stock,$24.06,0.56,2.383%,22017904565.00,United States,,7344258,Finance,Major Banks
RF^C,Regions Financial Corporation Depositary Shares each Representing a 1/40th Interest in a  Share of 5.700% Fixed-to-Floating Rate Non-Cumulative  Perpetual Preferred Stock Series C,$25.00,0.08,0.321%,,United States,,23997,,
RF^E,Regions Financial Corporation Depositary Shares Each Representing a 1/40th Interest in a Share of 4.45% Non-Cumulative Perpetual Preferred Stock Series E,$19.48,0.06,0.309%,,United States,,16765,,
RF^F,Regions Financial Corporation Depositary Shares Each Representing a 1/40th Interest in a Share of Non-Cumulative Perpetual Preferred Stock Series F,$26.10,0.15,0.578%,,United States,,54940,,
RFAC,RF Acquisition Corp. Class A Common Stock,$11.23,0.00,0.00%,0.00,Singapore,2022,1,Finance,Blank Checks
RFAI,RF Acquisition Corp II Ordinary Shares,$10.1613,0.00,0.00%,0.00,Singapore,2024,98,,
RFAIU,RF Acquisition Corp II Unit,$10.22,-0.07,-0.68%,0.00,Singapore,2024,505,Finance,Blank Checks
RFI,Cohen & Steers Total Return Realty Fund Inc. Common Stock,$13.10,-0.02,-0.152%,643716027.00,United States,1993,114036,Finance,Investment Managers
RFIL,RF Industries Ltd. Common Stock,$4.25,0.05,1.19%,44597311.00,United States,,4739,Technology,Electrical Products
RFL,Rafael Holdings Inc. Class B Common Stock,$1.92,0.13,7.263%,47167999.00,United States,2018,24815,Finance,Real Estate
RFM,RiverNorth Flexible Municipal Income Fund Inc. Common Stock,$15.75,-0.01,-0.063%,96306509.00,,2020,17234,Finance,Finance/Investors Services
RFMZ,RiverNorth Flexible Municipal Income Fund II Inc. Common Stock,$13.95,-0.02,-0.143%,339706996.00,,2021,64171,Finance,Trusts Except Educational Religious and Charitable
RGA,Reinsurance Group of America Incorporated Common Stock,$212.78,2.35,1.117%,14013190341.00,United States,,356384,Finance,Life Insurance
RGC,Regencell Bioscience Holdings Limited Ordinary Shares,$6.10,1.45,31.183%,79378483.00,Hong Kong,2021,2738744,Health Care, Medicinal Chemicals and Botanical Products 
RGCO,RGC Resources Inc. Common Stock,$20.35,0.10,0.494%,207954493.00,United States,,6732,Utilities,Oil & Gas Production
RGEN,Repligen Corporation Common Stock,$137.21,1.76,1.299%,7684651591.00,United States,1986,389630,Health Care,Biotechnology: Biological Products (No Diagnostic Substances)
RGF,The Real Good Food Company Inc. Class A Common Stock,$0.3334,0.0102,3.156%,11230314.00,United States,2021,57774,Consumer Staples,Packaged Foods
RGLD,Royal Gold Inc. Common Stock,$151.03,0.69,0.459%,9928841482.00,United States,,234328,Industrials,Precious Metals
RGLS,Regulus Therapeutics Inc. Common Stock,$1.50,0.06,4.167%,98198814.00,United States,2012,1283287,Health Care,Biotechnology: Pharmaceutical Preparations
RGNX,REGENXBIO Inc. Common Stock,$9.38,0.03,0.321%,463589503.00,United States,2015,437604,Health Care,Biotechnology: Biological Products (No Diagnostic Substances)
RGP,Resources Connection Inc. Common Stock,$8.31,0.16,1.963%,278146736.00,United States,,297996,Consumer Discretionary,Business Services
RGR,Sturm Ruger & Company Inc. Common Stock,$41.03,0.36,0.885%,691566763.00,United States,,93768,Industrials,Ordnance And Accessories
RGS,Regis Corporation Common Stock,$24.90,1.11,4.666%,56770705.00,United States,1991,39135,Consumer Discretionary,Other Consumer Services
RGT,Royce Global Trust Inc. Common Stock,$11.5834,0.0234,0.202%,72592508.00,,2013,7429,Finance,Trusts Except Educational Religious and Charitable
RGTI,Rigetti Computing Inc. Common Stock,$1.50,0.28,22.951%,286865238.00,United States,,15568937,Technology,EDP Services
RGTIW,Rigetti Computing Inc. Warrants,$0.2299,0.064,38.577%,43966879.00,United States,,131617,Technology,EDP Services
RH,RH Common Stock,$324.32,-1.37,-0.421%,5994308291.00,United States,2012,397391,Consumer Discretionary,Other Specialty Stores
RHE,Regional Health Properties Inc. Common Stock,$1.80,-0.0152,-0.837%,3427250.00,,2017,9329,Real Estate,Real Estate
RHE^A,Regional Health Properties Inc. 10.875% Series A Cumulative Redeemable Preferred Stock,$0.541,0.06,12.474%,,,,200,,
RHI,Robert Half Inc. Common Stock,$69.14,1.46,2.157%,7194466963.00,United States,,842749,Consumer Discretionary,Professional Services
RHP,Ryman Hospitality Properties Inc. (REIT),$109.89,1.31,1.206%,6582414407.00,United States,,454469,Real Estate,Real Estate Investment Trusts
RICK,RCI Hospitality Holdings Inc. Common Stock,$44.70,1.57,3.64%,402145606.00,United States,1995,67967,Consumer Discretionary,Restaurants
RIG,Transocean Ltd (Switzerland) Common Stock,$4.03,-0.11,-2.657%,3528144902.00,Switzerland,,18613663,Energy,Oil & Gas Production
RIGL,Rigel Pharmaceuticals Inc. Common Stock,$14.52,0.36,2.542%,255479066.00,United States,2000,204475,Health Care,Biotechnology: Pharmaceutical Preparations
RILY,B. Riley Financial Inc. Common Stock,$5.63,-0.28,-4.738%,170562556.00,United States,,1914645,Finance,Investment Managers
RILYG,B. Riley Financial Inc. 5.00% Senior Notes due 2026,$11.54,-0.45,-3.753%,349607797.00,United States,,23899,Finance,Investment Managers
RILYK,B. Riley Financial Inc. 5.50% Senior Notes Due 2026,$17.61,-0.03,-0.17%,533500286.00,United States,,4957,Finance,Investment Managers
RILYL,B. Riley Financial Inc. Depositary Shares each representing 1/1000th in a share of 7.375% Series B Cumulative Perpetual Preferred Stock par value $0.0001,$9.2537,-0.1654,-1.756%,280343645.00,United States,,17229,Finance,Investment Managers
RILYM,B. Riley Financial Inc. 6.375% Senior Notes due 2025,$23.60,-0.30,-1.255%,714969151.00,United States,,40417,Finance,Investment Managers
RILYN,B. Riley Financial Inc. 6.50% Senior Notes Due 2026,$12.03,-0.22,-1.796%,364452495.00,United States,,21403,Finance,Investment Managers
RILYP,B. Riley Financial Inc. Depositary Shares each representing a 1/1000th fractional interest in a share of Series A Cumulative Perpetual Preferred Stock,$8.59,-0.1303,-1.494%,260236653.00,United States,,28751,Finance,Investment Managers
RILYT,B. Riley Financial Inc. 6.00% Senior Notes Due 2028,$10.18,0.00,0.00%,308406185.00,United States,,7565,Finance,Investment Managers
RILYZ,B. Riley Financial Inc. 5.25% Senior Notes due 2028,$9.85,0.02,0.203%,298408735.00,United States,,67920,Finance,Investment Managers
RIME,Algorhythm Holdings Inc. Common Stock,$0.3399,-0.0431,-11.253%,3309555.00,United States,,813207,Consumer Staples,Diversified Electronic Products
RIO,Rio Tinto Plc Common Stock,$66.18,0.90,1.379%,82904922176.00,Australia,2002,1705997,Basic Materials,Metal Mining
RIOT,Riot Platforms Inc. Common Stock ,$10.56,0.92,9.544%,3205214148.00,United States,,31131934,Finance,Finance: Consumer Services
RITM,Rithm Capital Corp. Common Stock,$10.47,-0.01,-0.095%,5127498458.00,United States,,4711743,Real Estate,Real Estate Investment Trusts
RITM^A,Rithm Capital Corp. 7.50% Series A Fixed-to-Floating Rate Cumulative Redeemable Preferred Stock,$25.275,-0.065,-0.257%,,United States,,25331,,
RITM^B,Rithm Capital Corp. 7.125% Series B Fixed-to-Floating Rate Cumulative Redeemable Preferred Stock,$25.23,0.0819,0.326%,,United States,,34337,,
RITM^C,Rithm Capital Corp. 6.375% Series C Fixed-to-Floating Rate Cumulative Redeemable Preferred Stock,$24.09,0.01,0.042%,,United States,,21735,,
RITM^D,Rithm Capital Corp. 7.00% Fixed-Rate Reset Series D Cumulative Redeemable Preferred Stock,$23.835,-0.045,-0.188%,,United States,,50572,,
RITR,Reitar Logtech Holdings Limited Ordinary shares,$7.36,-0.90,-10.896%,604440000.00,Hong Kong,2024,131599,Finance,Real Estate
RIV,RiverNorth Opportunities Fund Inc. Common Stock,$12.53,-0.044,-0.35%,0.00,United States,2015,45127,Finance,Finance Companies
RIV^A,RiverNorth Opportunities Fund Inc. 6.00% Series A Perpetual Preferred Stock,$24.05,-0.0601,-0.249%,,United States,,15486,,
RIVN,Rivian Automotive Inc. Class A Common Stock,$10.86,0.41,3.923%,10949851730.00,United States,2021,31778685,Consumer Discretionary,Auto Manufacturing
RJF,Raymond James Financial Inc. Common Stock,$148.16,3.25,2.243%,30512580070.00,United States,,930210,Finance,Investment Bankers/Brokers/Service
RJF^B,Raymond James Financial Inc. Depositary Shares each representing a 1/40th interest in a share of 6.375% Fixed-to-Floating Rate Series B Non-Cumulative Perpetual Preferred Stock,$25.1701,0.0101,0.04%,,United States,,3654,,
RKDA,Arcadia Biosciences Inc. Common Stock,$4.97,0.27,5.745%,6773315.00,United States,2015,43841,Consumer Staples,Farming/Seeds/Milling
RKLB,Rocket Lab USA Inc. Common Stock,$11.26,0.08,0.716%,5592168033.00,United States,2020,8428112,Industrials,Military/Government/Technical
RKT,Rocket Companies Inc. Class A Common Stock,$16.32,0.03,0.184%,32467795032.00,United States,2020,2762210,Finance,Finance: Consumer Services
RL,Ralph Lauren Corporation Common Stock,$203.03,5.44,2.753%,12575551915.00,United States,1997,509666,Consumer Discretionary,Apparel
RLAY,Relay Therapeutics Inc. Common Stock,$6.03,0.01,0.166%,807356495.00,United States,2020,2588821,Health Care,Biotechnology: Biological Products (No Diagnostic Substances)
RLGT,Radiant Logistics Inc. Common Stock,$6.77,-0.06,-0.878%,316155507.00,United States,,117162,Consumer Discretionary,Oil Refining/Marketing
RLI,RLI Corp. Common Stock (DE),$156.50,1.20,0.773%,7171059429.00,United States,,120051,Finance,Property-Casualty Insurers
RLJ,RLJ Lodging Trust Common Shares of Beneficial Interest $0.01 par value,$9.07,0.03,0.332%,1406069068.00,United States,2011,1598885,Real Estate,Real Estate Investment Trusts
RLJ^A,RLJ Lodging Trust $1.95 Series A Cumulative Convertible  Preferred Shares,$25.66,0.0187,0.073%,,United States,,22345,,
RLMD,Relmada Therapeutics Inc. Common Stock,$3.64,0.02,0.552%,109834095.00,United States,,416376,Health Care,Biotechnology: Pharmaceutical Preparations
RLTY,Cohen & Steers Real Estate Opportunities and Income Fund Common Shares of Beneficial Interest,$16.67,0.02,0.12%,0.00,,2022,58447,Finance,Investment Managers
RLX,RLX Technology Inc. American Depositary Shares each representing the right to receive one (1) Class A ordinary share,$1.70,0.09,5.59%,2670343969.00,Cayman Islands,2021,3365270,Health Care, Medicinal Chemicals and Botanical Products 
RLYB,Rallybio Corporation Common Stock,$1.04,0.01,0.971%,43147089.00,United States,2021,81469,Health Care,Biotechnology: Pharmaceutical Preparations
RM,Regional Management Corp. Common Stock,$29.12,0.45,1.57%,295731072.00,United States,2012,22055,Finance,Finance: Consumer Services
RMAX,RE/MAX Holdings Inc. Class A Common Stock,$12.34,0.49,4.135%,232694997.00,United States,2013,244263,Finance,Real Estate
RMBI,Richmond Mutual Bancorporation Inc. Common Stock,$12.98,-0.02,-0.154%,142674953.00,United States,2019,1507,Finance,Major Banks
RMBL,RumbleOn Inc. Class B Common Stock,$5.425,0.265,5.136%,191624481.00,United States,,113625,Technology,EDP Services
RMBS,Rambus Inc. Common Stock,$44.80,1.30,2.989%,4824071795.00,United States,1997,2009141,Technology,Semiconductors
RMCF,Rocky Mountain Chocolate Factory Inc. Common Stock,$3.22,0.04,1.258%,24464977.00,United States,,69008,Consumer Staples,Specialty Foods
RMCO,Royalty Management Holding Corporation Class A Common Stock,$0.975,-0.002,-0.205%,14580641.00,United States,2023,11676,Miscellaneous,Multi-Sector Companies
RMCOW,Royalty Management Holding Corporation Warrant,$0.0161,0.002,14.184%,240768.00,United States,2023,1090,Miscellaneous,Multi-Sector Companies
RMD,ResMed Inc. Common Stock,$246.83,-9.24,-3.608%,36267254933.00,United States,,1795057,Health Care,Medical/Dental Instruments
RMI,RiverNorth Opportunistic Municipal Income Fund Inc. Common Stock,$15.82,-0.0901,-0.566%,100825100.00,,2018,41770,Finance,Finance/Investors Services
RMM,RiverNorth Managed Duration Municipal Income Fund Inc. Common Stock,$15.32,-0.19,-1.225%,302411101.00,,2019,99399,Finance,Trusts Except Educational Religious and Charitable
RMMZ,RiverNorth Managed Duration Municipal Income Fund II Inc. Common Stock,$15.86,-0.01,-0.063%,313070500.00,,2022,58275,Finance,Investment Managers
RMNI,Rimini Street Inc. (DE) Common Stock,$1.73,0.01,0.581%,156911000.00,United States,2015,196440,Consumer Discretionary,Business Services
RMPL^,RiverNorth Capital and Income Fund 5.875%% Series A Term Preferred Stock $0.0001 par value per share,$25.28,0.00,0.00%,,,,206,,
RMR,The RMR Group Inc. Class A Common Stock,$24.41,0.19,0.784%,774402441.00,United States,,79045,Consumer Discretionary,Professional Services
RMT,Royce Micro-Cap Trust Inc. Common Stock,$9.52,0.11,1.169%,440481899.00,United States,,89924,Finance,Investment Managers
RMTI,Rockwell Medical Inc. Common Stock,$3.83,0.08,2.133%,118845735.00,United States,1998,643988,Health Care,Biotechnology: Pharmaceutical Preparations
RNA,Avidity Biosciences Inc. Common Stock,$45.72,0.61,1.352%,5405018400.00,United States,2020,629602,Health Care,Biotechnology: Pharmaceutical Preparations
RNAC,Cartesian Therapeutics Inc. Common Stock,$22.30,1.72,8.358%,476829416.00,United States,2016,55570,Health Care,Biotechnology: Pharmaceutical Preparations
RNAZ,TransCode Therapeutics Inc. Common Stock,$0.597,0.0095,1.617%,10307598.00,United States,2021,620050,Health Care,Biotechnology: Pharmaceutical Preparations
RNG,RingCentral Inc. Class A Common Stock,$34.09,0.27,0.798%,3130143016.00,United States,2013,762742,Technology,EDP Services
RNGR,Ranger Energy Services Inc. Class A Common Stock,$12.63,0.30,2.433%,280671387.00,United States,2017,108393,Energy,Oilfield Services/Equipment
RNP,Cohen & Steers REIT and Preferred and Income Fund Inc. Common Shares,$23.38,-0.03,-0.128%,1148861123.00,United States,2003,74551,Finance,Investment Managers
RNR,RenaissanceRe Holdings Ltd. Common Stock,$269.28,0.92,0.343%,14044478010.00,Bermuda,,194342,Finance,Property-Casualty Insurers
RNR^F,RenaissanceRe Holdings Ltd. Depositary Shares each Representing a 1/1000th Interest in a 5.750% Series F Preference Share,$24.26,0.08,0.331%,,Bermuda,,6554,,
RNR^G,RenaissanceRe Holdings Ltd. Depositary Shares each representing a 1/1000th interest in a share of 4.20% Series G Preference Shares,$18.30,0.03,0.164%,,Bermuda,,11156,,
RNST,Renasant Corporation Common Stock,$34.74,1.30,3.888%,2207983485.00,United States,2023,420819,Finance,Major Banks
RNW,ReNew Energy Global plc Class A Ordinary Shares,$5.96,-0.07,-1.161%,480134441.00,United Kingdom,,1126994,Utilities,Electric Utilities: Central
RNWWW,ReNew Energy Global plc Warrant,$0.2716,-0.0196,-6.731%,21879952.00,United Kingdom,,2272,Utilities,Electric Utilities: Central
RNXT,RenovoRx Inc. Common Stock,$0.98,0.08,8.889%,23506975.00,United States,2021,42828,Health Care,Biotechnology: Pharmaceutical Preparations
ROAD,Construction Partners Inc. Class A Common Stock,$79.33,1.84,2.374%,4185587565.00,United States,2018,394088,Industrials,Military/Government/Technical
ROCK,Gibraltar Industries Inc. Common Stock,$65.72,0.39,0.597%,2003082312.00,United States,1993,129493,Industrials,Steel/Iron Ore
ROCL,Roth CH Acquisition V Co. Common Stock,$11.3199,0.0699,0.621%,0.00,United States,2022,504,Finance,Blank Checks
ROCLU,Roth CH Acquisition V Co. Unit,$11.90,0.56,4.938%,0.00,United States,2021,100,Finance,Blank Checks
ROCLW,Roth CH Acquisition V Co. Warrant,$0.0465,-0.0001,-0.215%,0.00,United States,2022,800,Finance,Blank Checks
ROG,Rogers Corporation Common Stock,$102.90,1.58,1.559%,1913873527.00,United States,1960,179284,Industrials,Major Chemicals
ROIC,Retail Opportunity Investments Corp. Common Stock (MD),$15.66,0.03,0.192%,2014641304.00,United States,,363229,Real Estate,Real Estate Investment Trusts
ROIV,Roivant Sciences Ltd. Common Shares,$11.84,-0.08,-0.671%,8755938396.00,United Kingdom,,3726528,Health Care,Biotechnology: Pharmaceutical Preparations
ROK,Rockwell Automation Inc. Common Stock,$271.33,1.47,0.545%,30787105029.00,United States,,588938,Industrials,Industrial Machinery/Components
ROKU,Roku Inc. Class A Common Stock,$76.05,0.78,1.036%,11003574722.00,United States,2017,2026818,Telecommunications,Cable & Other Pay Television Services
ROL,Rollins Inc. Common Stock,$47.26,0.72,1.547%,22888255056.00,United States,,2341162,Finance,Diversified Commercial Services
ROLR,High Roller Technologies Inc. Common Stock,$7.94,0.19,2.452%,65634160.00,,2024,21153,Consumer Discretionary,Services-Misc. Amusement & Recreation
ROMA,Roma Green Finance Limited Ordinary Shares,$1.03,0.01,0.98%,16026800.00,Hong Kong,2024,164294,Consumer Discretionary,Professional Services
ROOT,Root Inc. Class A Common Stock,$40.47,2.66,7.035%,607050000.00,United States,2020,221988,Finance,Property-Casualty Insurers
ROP,Roper Technologies Inc. Common Stock,$545.13,3.13,0.577%,58437208251.00,United States,1992,282834,Industrials,Industrial Machinery/Components
ROST,Ross Stores Inc. Common Stock,$143.16,-1.06,-0.735%,47495120073.00,United States,1985,2094356,Consumer Discretionary,Clothing/Shoe/Accessory Stores
RPAY,Repay Holdings Corporation Class A Common Stock,$7.72,-0.02,-0.258%,754615741.00,United States,2018,805617,Consumer Discretionary,Business Services
RPD,Rapid7 Inc. Common Stock,$40.55,1.64,4.215%,2543870066.00,United States,2015,2858740,Technology,Computer Software: Prepackaged Software
RPID,Rapid Micro Biosystems Inc. Class A Common Stock,$1.07,0.15,16.304%,45918142.00,United States,2021,488360,Industrials,Biotechnology: Laboratory Analytical Instruments
RPM,RPM International Inc. Common Stock,$129.45,1.00,0.779%,16660466780.00,United States,,328132,Consumer Discretionary,Paints/Coatings
RPRX,Royalty Pharma plc Class A Ordinary Shares ,$27.26,0.31,1.15%,16177696374.00,United States,2020,1985413,Health Care,Biotechnology: Pharmaceutical Preparations
RPTX,Repare Therapeutics Inc. Common Shares,$3.66,0.18,5.172%,155350651.00,Canada,2020,67002,Health Care,Biotechnology: Pharmaceutical Preparations
RQI,Cohen & Steers Quality Income Realty Fund Inc Common Shares,$13.76,-0.08,-0.578%,1847973614.00,United States,2002,215213,Finance,Trusts Except Educational Religious and Charitable
RR,Richtech Robotics Inc. Class B Common Stock,$0.7496,0.1195,18.965%,0.00,United States,2023,5939501,Industrials,Industrial Machinery/Components
RRAC,Rigel Resource Acquisition Corp. Class A Ordinary Shares,$11.52,-0.01,-0.087%,0.00,,2021,104,Finance,Blank Checks
RRBI,Red River Bancshares Inc. Common Stock,$52.87,1.72,3.363%,364081483.00,United States,2019,4734,Consumer Discretionary,Hotels/Resorts
RRC,Range Resources Corporation Common Stock,$30.98,-0.35,-1.117%,7475772864.00,United States,,2095173,Energy,Oil & Gas Production
RRGB,Red Robin Gourmet Burgers Inc. Common Stock,$6.075,0.225,3.846%,95702683.00,United States,2002,205416,Consumer Discretionary,Restaurants
RRR,Red Rock Resorts Inc. Class A Common Stock,$54.17,1.57,2.985%,5720602699.00,United States,2016,635139,Consumer Discretionary,Hotels/Resorts
RRX,Regal Rexnord Corporation Common Stock,$170.86,4.43,2.662%,11369214909.00,United States,1976,336344,Consumer Discretionary,Metal Fabrications
RS,Reliance Inc. Common Stock,$297.54,14.00,4.938%,16369320201.00,United States,1994,372504,Industrials,Metal Fabrications
RSF,RiverNorth Capital and Income Fund Common Stock,$15.40,-0.03,-0.194%,51460286.00,,2019,33746,Finance,Investment Managers
RSG,Republic Services Inc. Common Stock,$200.42,0.59,0.295%,62945566081.00,United States,1998,707943,Utilities,Environmental Services
RSI,Rush Street Interactive Inc. Class A Common Stock,$10.40,0.08,0.775%,2345328669.00,United States,2020,1394677,Consumer Discretionary,Services-Misc. Amusement & Recreation
RSKD,Riskified Ltd. Class A Ordinary Shares,$4.46,0.04,0.905%,796349596.00,,2021,215876,Consumer Discretionary,Business Services
RSLS,ReShape Lifesciences Inc. Common Stock,$5.74,0.26,4.745%,2908315.00,United States,2016,95079,Health Care,Medical/Dental Instruments
RSSS,Research Solutions Inc Common Stock,$2.615,0.00,0.00%,85130195.00,United States,,20836,Consumer Discretionary,Business Services
RSVR,Reservoir Media Inc. Common Stock,$8.65,0.10,1.17%,562932814.00,United States,2021,16864,Consumer Discretionary,Services-Misc. Amusement & Recreation
RSVRW,Reservoir Media Inc. Warrant,$1.15,0.00,0.00%,74840779.00,United States,2021,47,Consumer Discretionary,Services-Misc. Amusement & Recreation
RTC,Baijiayun Group Ltd. Class A Ordinary Shares,$8.14,0.227,2.869%,142763740.00,China,2006,5922,Technology,Computer Software: Prepackaged Software
RTO,Rentokil Initial plc American Depositary Shares (each representing five (5) Ordinary Shares),$25.19,0.48,1.943%,12718631941.00,United States,2022,522040,Consumer Discretionary,Other Consumer Services
RTX,RTX Corporation Common Stock,$125.43,0.27,0.216%,166949386676.00,United States,,4453175,Industrials,Aerospace
RUM,Rumble Inc. Class A Common Stock,$6.48,0.80,14.085%,2520806359.00,United States,2021,6081865,Technology,Computer Software: Programming Data Processing
RUMBW,Rumble Inc. Warrant,$1.51,0.15,11.029%,587410124.00,United States,2021,126750,Technology,Computer Software: Programming Data Processing
RUN,Sunrun Inc. Common Stock,$14.43,0.06,0.418%,3225677741.00,United States,2015,11334340,Miscellaneous,Industrial Machinery/Components
RUSHA,Rush Enterprises Inc. Common Stock Cl A,$55.31,1.80,3.364%,4355982302.00,United States,,384808,Consumer Discretionary,Retail-Auto Dealers and Gas Stations
RUSHB,Rush Enterprises Inc. Class B,$47.07,0.69,1.488%,3707034659.00,United States,,22101,Consumer Discretionary,Retail-Auto Dealers and Gas Stations
RVLV,Revolve Group Inc. Class A Common Stock,$25.71,0.84,3.378%,1815825415.00,United States,2019,566734,Consumer Discretionary,Catalog/Specialty Distribution
RVMD,Revolution Medicines Inc. Common Stock,$47.75,1.33,2.865%,7976109528.00,United States,2020,1167931,Health Care,Biotechnology: Biological Products (No Diagnostic Substances)
RVMDW,Revolution Medicines Inc. Warrant,$0.1103,0.0002,0.182%,18424395.00,United States,,634,,
RVNC,Revance Therapeutics Inc. Common Stock,$5.90,1.20,25.532%,618457653.00,United States,2014,8946181,Health Care,Biotechnology: Pharmaceutical Preparations
RVP,Retractable Technologies Inc. Common Stock,$0.74,0.0065,0.886%,22153498.00,United States,2001,26476,Health Care,Medical/Dental Instruments
RVPH,Reviva Pharmaceuticals Holdings Inc. Common Stock ,$1.20,0.06,5.263%,39708000.00,United States,2020,223526,Health Care,Biotechnology: Pharmaceutical Preparations
RVPHW,Reviva Pharmaceuticals Holdings Inc. Warrants,$0.0979,-0.0121,-11.00%,3239511.00,United States,2018,7266,Health Care,Biotechnology: Pharmaceutical Preparations
RVSB,Riverview Bancorp Inc Common Stock,$4.70,-0.01,-0.212%,99155750.00,United States,,27804,Finance,Savings Institutions
RVSN,Rail Vision Ltd. Ordinary Share,$0.4601,-0.0072,-1.541%,9253055.00,Israel,2022,164463,Industrials,Railroads
RVSNW,Rail Vision Ltd. Warrant,$0.0261,-0.0139,-34.75%,524896.00,Israel,2022,19315,Industrials,Railroads
RVT,Royce Small-Cap Trust Inc. Common Stock,$15.45,0.07,0.455%,1667931247.00,United States,1986,206043,Finance,Trusts Except Educational Religious and Charitable
RVTY,Revvity Inc. Common Stock,$117.49,1.16,0.997%,14490829823.00,United States,,772743,Industrials,Biotechnology: Laboratory Analytical Instruments
RVYL,Ryvyl Inc. Common Stock,$1.67,-0.29,-14.796%,11281182.00,United States,,363248,Consumer Discretionary,Professional Services
RWAY,Runway Growth Finance Corp. Common Stock,$10.41,-0.04,-0.383%,401277341.00,United States,2021,401924,Finance,Finance: Consumer Services
RWAYL,Runway Growth Finance Corp. 7.50% Notes due 2027,$25.21,0.00,0.00%,971777307.00,United States,,1698,Finance,Finance: Consumer Services
RWAYZ,Runway Growth Finance Corp. 8.00% Notes due 2027,$25.41,0.0095,0.037%,979486766.00,United States,,3466,Finance,Finance: Consumer Services
RWT,Redwood Trust Inc. Common Stock,$7.54,0.02,0.266%,996906808.00,United States,1995,587116,Real Estate,Real Estate Investment Trusts
RWT^A,Redwood Trust Inc. 10.00% Series A Fixed-Rate Reset Cumulative Redeemable Preferred Stock,$25.8668,-0.3832,-1.46%,,United States,,3943,,
RWTN,Redwood Trust Inc. 9.125% Senior Notes Due 2029,$25.39,-0.1599,-0.626%,3356958070.00,United States,2024,1152,Real Estate,Real Estate Investment Trusts
RWTO,Redwood Trust Inc. 9.00% Senior Notes Due 2029,$25.5999,-0.0001,0.00%,3384710158.00,United States,2024,1048,Real Estate,Real Estate Investment Trusts
RXO,RXO Inc. Common Stock,$28.78,0.62,2.202%,3385290181.00,United States,2022,930593,Consumer Discretionary,Transportation Services
RXRX,Recursion Pharmaceuticals Inc. Class A Common Stock,$6.87,0.39,6.019%,1931216041.00,United States,2021,4542475,Health Care,Biotechnology: Biological Products (No Diagnostic Substances)
RXST,RxSight Inc. Common Stock,$50.25,-0.13,-0.258%,1994060901.00,United States,2021,324504,Health Care,Ophthalmic Goods
RXT,Rackspace Technology Inc. Common Stock,$2.56,0.07,2.811%,578644344.00,United States,2020,468189,Technology,Computer Software: Programming Data Processing
RY,Royal Bank Of Canada Common Stock,$124.03,1.57,1.282%,175434953618.00,Canada,,731550,Finance,Commercial Banks
RYAAY,Ryanair Holdings plc American Depositary Shares,$45.43,0.37,0.821%,24963663157.00,Ireland,1997,974870,Consumer Discretionary,Air Freight/Delivery Services
RYAM,Rayonier Advanced Materials Inc. Common Stock,$8.10,0.14,1.759%,533730854.00,United States,2014,542275,Basic Materials,Paper
RYAN,Ryan Specialty Holdings Inc. Class A Common Stock,$69.74,0.99,1.44%,18233397329.00,United States,2021,547818,Finance,Specialty Insurers
RYDE,Ryde Group Ltd. Class A Ordinary Shares,$0.624,-0.0052,-0.826%,12094537.00,,2024,362067,Consumer Discretionary,Business Services
RYI,Ryerson Holding Corporation Common Stock,$22.62,0.97,4.48%,751021346.00,United States,2014,221121,Industrials,Metal Fabrications
RYN,Rayonier Inc. REIT Common Stock,$31.43,-0.04,-0.127%,4682494925.00,United States,,457712,Real Estate,Real Estate Investment Trusts
RYTM,Rhythm Pharmaceuticals Inc. Common Stock,$49.43,0.88,1.813%,3021842004.00,United States,2017,460682,Health Care,Biotechnology: Pharmaceutical Preparations
RZB,Reinsurance Group of America Incorporated 5.75% Fixed-To-Floating Rate Subordinated Debentures due 2056,$25.00,0.07,0.281%,1646441200.00,United States,2016,12624,Finance,Life Insurance
RZC,Reinsurance Group of America Incorporated 7.125% Fixed-Rate Reset Subordinated Debentures due 2052,$26.75,0.06,0.225%,1761692084.00,United States,2022,13813,Finance,Life Insurance
RZLT,Rezolute Inc. Common Stock (NV),$5.63,-0.15,-2.595%,311731771.00,United States,,312176,Health Care,Biotechnology: Pharmaceutical Preparations
RZLV,Rezolve AI Limited Ordinary Shares,$5.00,-0.08,-1.575%,860913845.00,United Kingdom,,109470,Technology,Computer Software: Programming Data Processing
RZLVW,Rezolve AI Limited Warrants,$0.136,0.00,0.00%,23416857.00,United Kingdom,,107,Technology,Computer Software: Programming Data Processing
S,SentinelOne Inc. Class A Common Stock,$26.09,-0.17,-0.647%,8276382378.00,United States,2021,2727380,Technology,Computer Software: Prepackaged Software
SA,Seabridge Gold Inc. Ordinary Shares (Canada),$18.59,-0.10,-0.535%,1663556024.00,Canada,,462237,Basic Materials,Precious Metals
SABA,Saba Capital Income & Opportunities Fund II Shares of Beneficial Interest,$8.45,0.00,0.00%,0.00,United States,,75853,,
SABR,Sabre Corporation Common Stock,$4.01,0.02,0.501%,1546642331.00,United States,2014,2633430,Technology,Computer Software: Programming Data Processing
SABS,SAB Biotherapeutics Inc. Common Stock,$2.92,0.15,5.415%,26949480.00,United States,2021,43809,Health Care,Biotechnology: Biological Products (No Diagnostic Substances)
SABSW,SAB Biotherapeutics Inc. Warrant,$0.0501,0.00,0.00%,462387.00,United States,2021,12095,Health Care,Biotechnology: Biological Products (No Diagnostic Substances)
SACC,Sachem Capital Corp. 6.875% Notes due 2024,$25.08,0.0391,0.156%,1189592604.00,United States,2019,604,Real Estate,Real Estate Investment Trusts
SACH,Sachem Capital Corp. Common Shares,$2.42,0.03,1.255%,114785251.00,United States,2017,155233,Real Estate,Real Estate Investment Trusts
SACH^A,Sachem Capital Corp. 7.75% Series A Cumulative Redeemable Preferred Stock,$22.24,-0.18,-0.803%,,United States,,3514,,
SAFE,Safehold Inc. New Common Stock ,$23.52,0.51,2.216%,1680173568.00,United States,2023,350265,Real Estate,Real Estate Investment Trusts
SAFT,Safety Insurance Group Inc. Common Stock,$79.19,0.13,0.164%,1174980120.00,United States,2002,55075,Finance,Property-Casualty Insurers
SAG,SAG Holdings Limited Ordinary Shares,$5.55,-0.45,-7.50%,0.00,Singapore,2024,497330,,
SAGE,Sage Therapeutics Inc. Common Stock,$8.54,0.53,6.617%,521370570.00,United States,2014,992053,Health Care,Biotechnology: Pharmaceutical Preparations
SAH,Sonic Automotive Inc. Common Stock,$59.66,2.79,4.906%,2035613936.00,United States,1997,272302,Consumer Discretionary,Retail-Auto Dealers and Gas Stations
SAIA,Saia Inc. Common Stock,$479.38,17.73,3.841%,12746672494.00,United States,,573491,Industrials,Trucking Freight/Courier Services
SAIC,Science Applications International Corporation Common Stock,$144.83,1.10,0.765%,7171996517.00,United States,,191189,Technology,EDP Services
SAIH,SAIHEAT Limited Class A Ordinary Shares,$1.13,0.1971,21.128%,16287028.00,Singapore,2021,1160360,Technology,EDP Services
SAIHW,SAIHEAT Limited Warrant,$0.158,0.00,0.00%,2277301.00,Singapore,2021,55,Technology,EDP Services
SAJ,Saratoga Investment Corp 8.00% Notes due 2027,$25.34,0.04,0.158%,349711461.00,United States,2022,1635,Finance,Investment Managers
SAM,Boston Beer Company Inc. (The) Common Stock,$304.33,8.37,2.828%,3565425286.00,United States,,171792,Consumer Staples,Beverages (Production/Distribution)
SAMG,Silvercrest Asset Management Group Inc. Class A Common Stock,$17.51,0.46,2.698%,244974618.00,United States,2013,30682,Finance,Investment Managers
SAN,Banco Santander S.A. Sponsored ADR (Spain),$5.00,0.08,1.626%,77323272395.00,Spain,,3146300,Finance,Commercial Banks
SANA,Sana Biotechnology Inc. Common Stock,$3.92,0.16,4.255%,872066461.00,United States,2021,1171280,Health Care,Biotechnology: Biological Products (No Diagnostic Substances)
SAND          ,Sandstorm Gold Ltd. Ordinary Shares (Canada),$6.07,-0.09,-1.461%,1805143825.00,Canada,,4454512,Basic Materials,Precious Metals
SANG,Sangoma Technologies Corporation Common Shares,$5.99,0.23,3.993%,199663873.00,Canada,,3956,Technology,Computer Software: Programming Data Processing
SANM,Sanmina Corporation Common Stock,$68.51,1.01,1.496%,3743841717.00,United States,1993,364586,Technology,Electrical Products
SANW,S&W Seed Company Common Stock (NV),$2.465,-0.085,-3.333%,5627053.00,United States,,12263,Consumer Staples,Farming/Seeds/Milling
SAP,SAP  SE ADS,$240.28,2.59,1.09%,280461797576.00,Germany,,874575,Technology,Computer Software: Prepackaged Software
SAR,Saratoga Investment Corp New,$23.97,0.18,0.757%,330804409.00,United States,,48806,Finance,Investment Managers
SARO,StandardAero Inc. Common Stock,$29.71,-0.54,-1.785%,9936855027.00,,2024,1773467,Industrials,Aerospace
SASR,Sandy Spring Bancorp Inc. Common Stock,$33.69,1.27,3.917%,1519744816.00,United States,,590376,Finance,Major Banks
SAT,Saratoga Investment Corp 6.00% Notes due 2027,$24.63,-0.11,-0.445%,339912916.00,United States,2022,4084,Finance,Investment Managers
SATL,Satellogic Inc. Class A Ordinary Shares,$1.01,0.0258,2.621%,91207025.00,Uruguay,,10635,Technology,Radio And Television Broadcasting And Communications Equipment
SATS,EchoStar  Corporation Common Stock,$25.28,0.15,0.597%,6868091130.00,United States,,994213,Consumer Discretionary,Telecommunications Equipment
SATX,SatixFy Communications Ltd. Ordinary Share,$0.7198,-0.0057,-0.786%,59825596.00,,2022,330107,Technology,Radio And Television Broadcasting And Communications Equipment
SAVA,Cassava Sciences Inc. Common Stock,$26.73,0.18,0.678%,1282402917.00,United States,,925141,Health Care,Biotechnology: Pharmaceutical Preparations
SAVE,Spirit Airlines Inc. Common Stock,$2.87,0.08,2.867%,314317510.00,United States,,20833588,Consumer Discretionary,Air Freight/Delivery Services
SAY,Saratoga Investment Corp 8.125% Notes due 2027,$25.44,0.00,0.00%,351091538.00,United States,2022,495,Finance,Investment Managers
SAZ,Saratoga Investment Corp 8.50% Notes due 2028,$25.56,0.05,0.196%,352747630.00,United States,2023,1630,Finance,Investment Managers
SB,Safe Bulkers Inc Common Stock ($0.001 par value),$4.21,-0.05,-1.174%,449503468.00,Monaco,2008,519975,Consumer Discretionary,Marine Transportation
SB^C,Safe Bulkers Inc Cumulative Redeemable Perpetual Preferred Series C (Marshall Islands),$25.585,0.025,0.098%,,Monaco,,662,,
SB^D,Safe Bulkers Inc Perpetual Preferred Series D (Marshall Islands),$25.60,-0.07,-0.273%,,Monaco,,824,,
SBAC,SBA Communications Corporation Class A Common Stock,$239.94,-1.85,-0.765%,25786942772.00,United States,1999,1324248,Real Estate,Real Estate Investment Trusts
SBBA,Scorpio Tankers Inc. 7.00% Senior Notes due 2025,$25.1967,-0.0232,-0.092%,1338140422.00,Monaco,2020,2356,Consumer Discretionary,Marine Transportation
SBC,SBC Medical Group Holdings Incorporated Common Stock,$7.09,-0.06,-0.839%,714269664.00,United States,2022,87630,Health Care,Medical/Nursing Services
SBCF,Seacoast Banking Corporation of Florida Common Stock,$27.22,0.89,3.38%,2321842972.00,United States,,328263,Finance,Major Banks
SBCWW,SBC Medical Group Holdings Incorporated Warrants,$0.28,0.025,9.804%,28208111.00,United States,2022,239737,Health Care,Medical/Nursing Services
SBET,SharpLink Gaming Inc. Common Stock,$0.745,0.02,2.759%,2615211.00,Israel,,4435,Technology,Computer Software: Prepackaged Software
SBEV,Splash Beverage Group Inc. (NV) Common Stock,$0.2101,-0.0224,-9.634%,12073977.00,,2021,1512035,Consumer Staples,Beverages (Production/Distribution)
SBFG,SB Financial Group Inc. Common Stock,$19.635,0.634,3.337%,132103612.00,United States,,16800,Finance,Major Banks
SBFM,Sunshine Biopharma Inc. Common Stock,$2.95,-0.07,-2.318%,3611806.00,Canada,,185497,Health Care,Biotechnology: Pharmaceutical Preparations
SBFMW,Sunshine Biopharma Inc. Warrant,$0.077,-0.0081,-9.518%,94274.00,Canada,,6963,Health Care,Biotechnology: Pharmaceutical Preparations
SBGI,Sinclair Inc. Class A Common Stock,$16.83,0.43,2.622%,1116877559.00,United States,1995,221576,Industrials,Broadcasting
SBH,Sally Beauty Holdings Inc. (Name to be changed from Sally Holdings Inc.) Common Stock,$13.40,0.87,6.943%,1375410800.00,United States,,2112291,Consumer Discretionary,Other Specialty Stores
SBI,Western Asset Intermediate Muni Fund Inc Common Stock,$8.02,0.00,0.00%,0.00,United States,1992,37792,Finance,Finance/Investors Services
SBLK,Star Bulk Carriers Corp. Common Shares,$19.03,-0.32,-1.654%,2173226000.00,Greece,,1700323,Consumer Discretionary,Marine Transportation
SBR,Sabine Royalty Trust Common Stock,$60.93,-0.15,-0.246%,888319491.00,United States,,38533,Energy,Oil & Gas Production
SBRA,Sabra Health Care REIT Inc. Common Stock,$19.07,0.27,1.436%,4467410018.00,United States,,2002796,Real Estate,Real Estate Investment Trusts
SBS,Companhia de saneamento Basico Do Estado De Sao Paulo - Sabesp American Depositary Shares (Each repstg 250 Common Shares),$16.06,0.07,0.438%,10977168496.00,Brazil,2002,666500,Utilities,Water Supply
SBSI,Southside Bancshares Inc. Common Stock,$32.85,0.35,1.077%,994246510.00,United States,,101802,Finance,Major Banks
SBSW,D/B/A Sibanye-Stillwater Limited ADS,$5.04,0.11,2.231%,3566266518.00,South Africa,,6875876,Basic Materials,Precious Metals
SBT,Sterling Bancorp Inc. Common Stock,$4.73,0.07,1.502%,247509671.00,United States,2017,9635,Finance,Savings Institutions
SBUX,Starbucks Corporation Common Stock,$98.02,0.71,0.73%,111076264000.00,United States,1992,6789382,Consumer Discretionary,Restaurants
SBXC,SilverBox Corp III Class A Common Stock,$10.79,0.00,0.00%,0.00,,2023,701,Finance,Blank Checks
SBXD,SilverBox Corp IV Class A Ordinary Shares,$10.01,0.01,0.10%,0.00,,2024,68869,,
SCCC,Sachem Capital Corp. 7.75% Notes due 2025,$24.87,0.0573,0.231%,1179631900.00,United States,2020,4830,Real Estate,Real Estate Investment Trusts
SCCD,Sachem Capital Corp. 6.00% Notes due 2026,$22.41,0.001,0.004%,1062949372.00,United States,,1770,Real Estate,Real Estate Investment Trusts
SCCE,Sachem Capital Corp. 6.00% Notes due 2027,$22.10,-0.02,-0.09%,1048245476.00,United States,2022,3931,Real Estate,Real Estate Investment Trusts
SCCF,Sachem Capital Corp. 7.125% Notes due 2027,$22.57,0.09,0.40%,1070538480.00,United States,2022,7411,Real Estate,Real Estate Investment Trusts
SCCG,Sachem Capital Corp. 8.00% Notes due 2027,$23.59,0.00,0.00%,1118919040.00,United States,2022,630,Real Estate,Real Estate Investment Trusts
SCCO,Southern Copper Corporation Common Stock,$114.81,-0.60,-0.52%,89684894755.00,United States,,768855,Basic Materials,Metal Mining
SCD,LMP Capital and Income Fund Inc. Common Stock,$17.03,-0.04,-0.234%,0.00,United States,2004,52606,Finance,Trusts Except Educational Religious and Charitable
SCE^G,SCE Trust II Trust Preferred Securities,$21.29,0.22,1.044%,,United States,,8723,,
SCE^H,SCE Trust III Fixed/Floating Rate Trust Preference Securities,$25.29,0.04,0.158%,,United States,,20283,,
SCE^J,Southern California Edison Company 5.375% Fixed-to-Floating Rate Trust Preference Securities,$24.60,0.11,0.449%,,United States,,5095,,
SCE^K,Southern California Edison Company 5.45% Fixed-to-Floating Rate Trust Preference Securities,$25.07,0.13,0.521%,,United States,,5137,,
SCE^L,SCE TRUST VI,$20.55,0.15,0.735%,,United States,,16188,,
SCE^M,SCE Trust VII 7.50% Trust Preference Securities,$26.85,-0.01,-0.037%,,United States,,18698,,
SCE^N,SCE Trust VIII 6.95% Trust Preference Securities,$26.55,0.08,0.302%,,United States,,9285,,
SCHL,Scholastic Corporation Common Stock,$25.02,0.45,1.832%,703997598.00,United States,1992,139832,Consumer Discretionary,Books
SCHW,Charles Schwab Corporation (The) Common Stock,$72.04,0.22,0.306%,131785555842.00,United States,,5758728,Finance,Investment Bankers/Brokers/Service
SCHW^D,The Charles Schwab Corporation Depositary Shares each representing 1/40th interest in a share of 5.95% Non-Cumulative Perpetual Preferred Stock Series D,$25.27,0.01,0.04%,,United States,,41099,,
SCHW^J,The Charles Schwab Corporation Depositary Shares Each Representing a 1/40th Interest in a Share of 4.450% Non-Cumulative Perpetual Preferred Stock Series J,$21.64,0.04,0.185%,,United States,,35493,,
SCI,Service Corporation International Common Stock,$76.23,0.83,1.101%,11007878957.00,United States,,647779,Consumer Discretionary,Other Consumer Services
SCKT,Socket Mobile Inc. Common Stock,$1.11,-0.02,-1.77%,8434722.00,United States,,70663,Technology,Computer Manufacturing
SCL,Stepan Company Common Stock,$73.87,1.27,1.749%,1661608954.00,United States,,54518,Consumer Discretionary,Package Goods/Cosmetics
SCLX,Scilex Holding Company Common Stock,$0.9824,0.121,14.047%,188415007.00,United States,2021,3485947,Health Care,Biotechnology: Biological Products (No Diagnostic Substances)
SCLXW,Scilex Holding Company Warrant,$0.2763,-0.0237,-7.90%,52991721.00,United States,2021,2842,Health Care,Biotechnology: Biological Products (No Diagnostic Substances)
SCM,Stellus Capital Investment Corporation Common Stock,$14.33,0.09,0.632%,372324181.00,United States,2012,98864,Finance,Finance/Investors Services
SCNI,Scinai Immunotherapeutics Ltd. American Depositary Shares,$3.47,0.02,0.58%,2905466.00,Israel,2015,13666,Health Care,Biotechnology: Biological Products (No Diagnostic Substances)
SCNX,Scienture Holdings Inc. Common Stock,$8.20,0.80,10.811%,70329719.00,United States,,36029,Health Care,Other Pharmaceuticals
SCOR,comScore Inc. Common Stock,$6.14,0.07,1.153%,30022426.00,United States,2018,11570,Consumer Discretionary,Business Services
SCPH,scPharmaceuticals Inc. Common Stock,$4.37,0.17,4.048%,218625799.00,United States,2017,193856,Health Care,Biotechnology: Pharmaceutical Preparations
SCPX,Scorpius Holdings Inc. Common Stock,$0.73,0.01,1.389%,2274876.00,United States,,77682,Health Care,Biotechnology: Pharmaceutical Preparations
SCS,Steelcase Inc. Common Stock,$12.59,0.08,0.639%,1434882539.00,United States,1998,374157,Consumer Discretionary,Office Equipment/Supplies/Services
SCSC,ScanSource Inc. Common Stock,$45.45,0.58,1.293%,1092200860.00,United States,,150891,Technology,Retail: Computer Software & Peripheral Equipment
SCVL,Shoe Carnival Inc. Common Stock,$35.83,0.80,2.284%,973633492.00,United States,1993,273122,Consumer Discretionary,Clothing/Shoe/Accessory Stores
SCWO,374Water Inc. Common Stock,$1.85,0.12,6.936%,245542456.00,United States,,63571,Consumer Discretionary,Metal Fabrications
SCWX,SecureWorks Corp. Class A Common Stock,$8.38,0.01,0.119%,744379403.00,United States,2016,235615,Technology,Computer Software: Prepackaged Software
SCYX,SCYNEXIS Inc. Common Stock,$1.42,-0.05,-3.401%,53756177.00,United States,2014,250516,Health Care,Biotechnology: Pharmaceutical Preparations
SD,SandRidge Energy Inc. Common Stock,$11.17,-0.09,-0.799%,415318807.00,United States,2016,320141,Energy,Oil & Gas Production
SDA,SunCar Technology Group Inc. Class A Ordinary Shares,$10.37,0.92,9.735%,930241451.00,Hong Kong,2021,333205,Consumer Discretionary,Automotive Aftermarket
SDAWW,SunCar Technology Group Inc. Warrant,$0.185,0.0049,2.721%,16595436.00,Hong Kong,2021,7665,Consumer Discretionary,Automotive Aftermarket
SDGR,Schrodinger Inc. Common Stock,$18.37,0.69,3.903%,1337272311.00,United States,2020,508328,Health Care,Biotechnology: Pharmaceutical Preparations
SDHC,Smith Douglas Homes Corp. Class A Common Stock,$34.07,-0.02,-0.059%,1747179478.00,United States,2024,27188,Consumer Discretionary,Homebuilding
SDHY,PGIM Short Duration High Yield Opportunities Fund Common Shares,$16.57,0.03,0.181%,408832538.00,,2020,37663,Finance,Finance/Investors Services
SDIG,Stronghold Digital Mining Inc. Class A Common Stock,$5.135,0.645,14.365%,74370770.00,United States,2021,500705,Technology,EDP Services
SDOT,Sadot Group Inc. Common Stock,$2.52,-0.32,-11.268%,14464800.00,United States,2020,112405,Consumer Discretionary,Restaurants
SDRL,Seadrill Limited Common Shares,$37.93,-1.17,-2.992%,2512103900.00,,2022,1068191,Energy,Oil & Gas Production
SDST,Stardust Power Inc. Common Stock,$7.70,0.20,2.667%,367286982.00,United States,2021,27580,Industrials,Major Chemicals
SDSTW,Stardust Power Inc. Warrant,$0.3599,0.0458,14.581%,0.00,United States,2021,8667,,
SE,Sea Limited American Depositary Shares each representing one Class A Ordinary Share,$99.26,0.11,0.111%,57008989095.00,United States,2017,1503454,Consumer Discretionary,Other Consumer Services
SEAL^A,Seapeak LLC 9.00% Series A Cumulative Redeemable Perpetual Preferred Units,$25.7278,-0.0122,-0.047%,,Bermuda,,4408,,
SEAL^B,Seapeak LLC 8.50% Series B Fixed-to-Floating Rate Cumulative Redeemable Perpetual Preferred Units,$25.63,-0.01,-0.039%,,Bermuda,,5468,,
SEAT,Vivid Seats Inc. Class A Common Stock,$3.95,0.03,0.765%,821928593.00,United States,,822278,Consumer Discretionary,Services-Misc. Amusement & Recreation
SEATW,Vivid Seats Inc. Warrant,$0.21,0.0175,9.091%,43697469.00,United States,,10000,Consumer Discretionary,Services-Misc. Amusement & Recreation
SEB,Seaboard Corporation Common Stock,$2948.15,-20.62,-0.695%,2862815798.00,United States,1996,2308,Industrials,Farming/Seeds/Milling
SEDA,SDCL EDGE Acquisition Corporation Class A Ordinary Shares,$11.30,0.00,0.00%,0.00,,2021,272,Finance,Blank Checks
SEDG,SolarEdge Technologies Inc. Common Stock,$17.46,1.35,8.38%,1000447594.00,Israel,2015,5036953,Technology,Semiconductors
SEE,Sealed Air Corporation Common Stock,$36.66,0.61,1.692%,5340357406.00,United States,,690477,Industrials,Major Chemicals
SEED,Origin Agritech Limited Common Stock,$2.6399,-0.0201,-0.756%,16723761.00,China,,12756,Consumer Staples,Farming/Seeds/Milling
SEER,Seer Inc. Class A Common Stock,$1.94,0.07,3.743%,119172537.00,United States,2020,243018,Industrials,Biotechnology: Laboratory Analytical Instruments
SEG,Seaport Entertainment Group Inc. Common Stock,$28.93,1.38,5.009%,159748104.00,United States,2024,91147,Consumer Discretionary,Services-Misc. Amusement & Recreation
SEI,Solaris Energy Infrastructure Inc. Class A Common Stock,$13.33,-0.09,-0.671%,586558190.00,United States,2017,164578,Industrials,Metal Fabrications
SEIC,SEI Investments Company Common Stock,$75.81,0.71,0.945%,9847179839.00,United States,1981,1004895,Finance,Investment Bankers/Brokers/Service
SELF,Global Self Storage Inc. Common Stock,$5.015,-0.045,-0.889%,56502806.00,United States,,5083,Real Estate,Real Estate Investment Trusts
SELX,Semilux International Ltd. Ordinary Shares,$1.50,-0.30,-16.667%,56142531.00,Taiwan,,12874,Technology,Semiconductors
SEM,Select Medical Holdings Corporation Common Stock,$32.16,0.42,1.323%,4181474331.00,United States,2009,483844,Health Care,Hospital/Nursing Management
SEMR,SEMrush Holdings Inc. Class A Common Stock,$12.93,0.23,1.811%,1893449650.00,United States,2021,187648,Technology,Computer Software: Prepackaged Software
SENEA,Seneca Foods Corp. Class A Common Stock,$63.20,1.59,2.581%,438086347.00,United States,,19465,Consumer Staples,Packaged Foods
SENEB,Seneca Foods Corp. Class B Common Stock,$63.4174,-0.9826,-1.526%,439593309.00,United States,,1892,Consumer Staples,Packaged Foods
SENS,Senseonics Holdings Inc. Common Stock,$0.3448,0.0068,2.012%,184665946.00,United States,,4369494,Industrials,Industrial Machinery/Components
SEPN,Septerna Inc. Common Stock,$20.75,-0.65,-3.037%,766511101.00,United States,2024,431714,Health Care,Biotechnology: Pharmaceutical Preparations
SER,Serina Therapeutics Inc. Common Stock,$7.10,0.2228,3.24%,63058125.00,,2018,27036,Health Care,Biotechnology: Pharmaceutical Preparations
SERA,Sera Prognostics Inc. Class A Common Stock,$7.00,0.04,0.575%,233580137.00,United States,2021,35578,Health Care,Medical Specialities
SERV,Serve Robotics Inc. Common Stock,$11.80,2.06,21.15%,467276531.00,United States,,17150553,Consumer Discretionary,Industrial Specialties
SES,SES AI Corporation Class A Common Stock,$0.5794,0.0083,1.453%,207157279.00,United States,2021,1697537,Miscellaneous,Industrial Machinery/Components
SEVN,Seven Hills Realty Trust Common Stock,$13.57,-0.38,-2.724%,201234944.00,United States,,152819,Real Estate,Real Estate Investment Trusts
SEZL,Sezzle Inc. Common Stock,$220.92,7.96,3.738%,1237108258.00,United States,,56389,Consumer Discretionary,Business Services
SF,Stifel Financial Corporation Common Stock,$105.14,1.65,1.594%,10778191692.00,United States,,649269,Finance,Investment Bankers/Brokers/Service
SF^B,Stifel Financial Corporation Depositary Shares Each Representing 1/1000th  Interest in a Share of 6.25% Non-Cumulative  Preferred Stock Series B,$25.11,0.03,0.12%,,United States,,7132,,
SF^C,Stifel Financial Corporation Depositary Shares Each Representing 1/1000th Interest in a Share of 6.125% Non Cumulative Preferred Stock Series C,$25.10,-0.01,-0.04%,,United States,,7147,,
SF^D,Stifel Financial Corporation Depositary Shares Each Representing 1/1000th Interest in a Share of 4.50% Non-Cumulative Preferred Stock Series D,$20.77,0.03,0.145%,,United States,,10966,,
SFB,Stifel Financial Corporation 5.20% Senior Notes due 2047,$22.48,-0.09,-0.399%,2304486867.00,United States,2017,11031,Finance,Investment Bankers/Brokers/Service
SFBC,Sound Financial Bancorp Inc. Common Stock,$54.015,-0.185,-0.341%,138499591.00,United States,,570,Finance,Savings Institutions
SFBS,ServisFirst Bancshares Inc. Common Stock,$85.80,3.11,3.761%,4678659071.00,United States,,181031,Finance,Major Banks
SFHG,Samfine Creation Holdings Group Limited Ordinary Share,$10.78,1.18,12.292%,215600000.00,Hong Kong,2024,1980809,Consumer Discretionary,Publishing
SFIX,Stitch Fix Inc. Class A Common Stock,$3.12,0.29,10.247%,395734051.00,United States,2017,3560568,Consumer Discretionary,Catalog/Specialty Distribution
SFL,SFL Corporation Ltd,$10.77,-0.06,-0.554%,1569296700.00,Bermuda,,522582,Consumer Discretionary,Marine Transportation
SFM,Sprouts Farmers Market Inc. Common Stock,$120.18,0.86,0.721%,12033683370.00,United States,2013,1226263,Consumer Staples,Food Chains
SFNC,Simmons First National Corporation Class A Common Stock,$23.58,0.59,2.566%,2960490552.00,United States,,400971,Finance,Major Banks
SFST,Southern First Bancshares Inc. Common Stock,$37.62,0.58,1.566%,306794749.00,United States,,25883,Finance,Major Banks
SFWL,Shengfeng Development Limited Class A Ordinary Shares,$1.50,0.05,3.448%,123746270.00,China,2023,138075,Industrials,Trucking Freight/Courier Services
SG,Sweetgreen Inc. Class A Common Stock,$38.83,1.35,3.602%,4432155372.00,United States,2021,3273759,Consumer Discretionary,Restaurants
SGA,Saga Communications Inc. Class A Common Stock (FL),$14.45,0.20,1.404%,90478400.00,United States,,17165,Consumer Discretionary,Broadcasting
SGBX,Safe & Green Holdings Corp. Common Stock,$1.09,-0.17,-13.492%,2210271.00,United States,2017,908989,Consumer Discretionary,RETAIL: Building Materials
SGC,Superior Group of Companies Inc. Common Stock,$15.01,0.11,0.738%,251778400.00,United States,,44213,Consumer Discretionary,Apparel
SGD,Safe and Green Development Corporation Common Stock,$3.68,0.52,16.456%,3447004.00,United States,,1474631,Finance,Real Estate
SGHC,Super Group (SGHC) Limited Ordinary Shares,$4.17,0.02,0.482%,2076404984.00,,2022,302255,Consumer Discretionary,Services-Misc. Amusement & Recreation
SGHT,Sight Sciences Inc. Common Stock,$5.39,0.19,3.654%,271156342.00,United States,2021,94053,Health Care,Medical/Dental Instruments
SGLY,Singularity Future Technology Ltd. Common Stock,$1.69,0.05,3.049%,5920901.00,United States,2008,13787,Consumer Discretionary,Oil Refining/Marketing
SGMA,SigmaTron International Inc. Common Stock,$2.8328,-0.0228,-0.798%,17334719.00,United States,1994,24742,Technology,Electrical Products
SGML,Sigma Lithium Corporation Common Shares,$14.86,0.67,4.722%,1647237865.00,Canada,,947111,Basic Materials,Metal Mining
SGMO,Sangamo Therapeutics Inc. Common Stock,$2.04,0.54,36.00%,424770167.00,United States,2000,18198424,Health Care,Biotechnology: Biological Products (No Diagnostic Substances)
SGMT,Sagimet Biosciences Inc. Series A Common Stock,$5.99,0.40,7.156%,183742381.00,United States,2023,773307,Health Care,Biotechnology: Pharmaceutical Preparations
SGN,Signing Day Sports Inc. Common Stock,$0.221,-0.006,-2.643%,3727718.00,,2023,236873,Technology,EDP Services
SGRP,SPAR Group Inc. Common Stock,$2.44,-0.02,-0.813%,57144175.00,United States,,122937,Consumer Discretionary,Business Services
SGRY,Surgery Partners Inc. Common Stock,$29.79,0.32,1.086%,3787022173.00,United States,2015,499079,Health Care,Hospital/Nursing Management
SGU,Star Group L.P. Common Stock,$11.38,-0.35,-2.984%,394447233.00,United States,,11847,Consumer Discretionary,Other Specialty Stores
SHAK,Shake Shack Inc. Class A Common Stock,$114.26,3.81,3.45%,4852708695.00,United States,2015,2022567,Consumer Discretionary,Restaurants
SHBI,Shore Bancshares Inc Common Stock,$14.74,0.40,2.789%,491081554.00,United States,,138390,Finance,Major Banks
SHC,Sotera Health Company Common Stock,$15.83,0.44,2.859%,4483283034.00,United States,2020,702001,Health Care,Misc Health and Biotechnology Services
SHCO,Soho House & Co Inc. Class A Common Stock,$5.33,0.03,0.566%,1038743473.00,,2021,79812,Consumer Discretionary,Hotels/Resorts
SHEL,Shell PLC American Depositary Shares (each representing two (2) Ordinary Shares) ,$66.04,-0.81,-1.212%,205525687561.00,Netherlands,2022,4784799,Energy,Oil & Gas Production
SHEN,Shenandoah Telecommunications Co Common Stock,$14.96,-0.01,-0.067%,816397120.00,United States,,159964,Telecommunications,Telecommunications Equipment
SHFS,SHF Holdings Inc. Class A Common Stock,$0.4462,-0.0081,-1.783%,24733313.00,United States,2021,36524,Finance,Finance: Consumer Services
SHFSW,SHF Holdings Inc. Warrants,$0.0266,0.0008,3.101%,1474465.00,United States,2021,104054,Finance,Finance: Consumer Services
SHG,Shinhan Financial Group Co Ltd American Depositary Shares,$40.47,-0.85,-2.057%,20751375791.00,South Korea,,103651,Finance,Major Banks
SHIM,Shimmick Corporation Common Stock,$1.79,-0.12,-6.283%,60124373.00,United States,2023,50613,Industrials,Military/Government/Technical
SHIP,Seanergy Maritime Holdings Corp. Common Stock,$9.62,-0.13,-1.333%,198286709.00,Greece,,210007,Consumer Discretionary,Marine Transportation
SHLS,Shoals Technologies Group Inc. Class A Common Stock,$5.36,0.17,3.276%,893223916.00,United States,2021,2628715,Technology,Semiconductors
SHLT,SHL Telemedicine Ltd American Depositary Shares,$2.8642,0.0942,3.401%,46952126.00,Israel,,6677,Health Care,Medical/Nursing Services
SHMD,SCHMID Group N.V. Class A Ordinary Shares,$2.87,-0.04,-1.375%,123337854.00,Cayman Islands,,10726,Technology,Industrial Machinery/Components
SHMDW,SCHMID Group N.V. Warrants,$0.2525,0.00,0.00%,10851153.00,Cayman Islands,,50,Technology,Industrial Machinery/Components
SHO,Sunstone Hotel Investors Inc. Sunstone Hotel Investors Inc. Common Shares,$10.32,0.06,0.585%,2098504445.00,United States,2004,932368,Consumer Discretionary,Hotels/Resorts
SHO^H,Sunstone Hotel Investors Inc. 6.125% Series H Cumulative Redeemable Preferred Stock,$22.98,0.25,1.10%,,United States,,413,,
SHO^I,Sunstone Hotel Investors Inc. 5.70% Series I Cumulative Redeemable Preferred Stock,$21.385,-0.0578,-0.27%,,United States,,3571,,
SHOO,Steven Madden Ltd. Common Stock,$45.89,0.59,1.302%,3332378803.00,United States,1993,541844,Consumer Discretionary,Shoe Manufacturing
SHOP,Shopify Inc. Class A Subordinate Voting Shares,$79.87,0.82,1.037%,103063170074.00,Canada,2015,3323570,Technology,Computer Software: Prepackaged Software
SHOT,Safety Shot Inc. Common Stock,$1.09,0.01,0.926%,56697440.00,United States,2020,305881,Consumer Discretionary,Package Goods/Cosmetics
SHOTW,Safety Shot Inc. Warrant,$0.1208,-0.0699,-36.654%,6283533.00,United States,2020,9000,Consumer Discretionary,Package Goods/Cosmetics
SHPH,Shuttle Pharmaceuticals Holdings Inc. Common Stock,$1.33,0.08,6.40%,2961845.00,United States,2022,7356457,Health Care,Biotechnology: Pharmaceutical Preparations
SHW,Sherwin-Williams Company (The) Common Stock,$363.27,4.23,1.178%,91490745022.00,United States,,1002167,Consumer Discretionary,RETAIL: Building Materials
SHYF,The Shyft Group Inc. Common Stock,$12.90,0.65,5.306%,444978457.00,United States,,220149,Consumer Discretionary,Auto Manufacturing
SIBN,SI-BONE Inc. Common Stock,$12.27,-0.40,-3.157%,511587036.00,United States,2018,794101,Health Care,Medical/Dental Instruments
SID,Companhia Siderurgica Nacional S.A. Common Stock,$2.13,0.04,1.914%,2824580107.00,Brazil,,4408047,Industrials,Steel/Iron Ore
SIDU,Sidus Space Inc. Class A Common Stock,$2.55,-0.08,-3.042%,10662427.00,United States,2021,141839,Telecommunications,Telecommunications Equipment
SIEB,Siebert Financial Corp. Common Stock,$2.62,0.045,1.748%,104750052.00,United States,,51304,Finance,Investment Bankers/Brokers/Service
SIF,SIFCO Industries Inc. Common Stock,$3.86,-0.05,-1.279%,23854341.00,United States,1969,15061,Industrials,Aerospace
SIFY,Sify Technologies Limited American Depositary Shares,$3.49,0.07,2.047%,252054445.00,India,,124336,Technology,Computer Software: Programming Data Processing
SIG,Signet Jewelers Limited Common Shares,$92.47,0.61,0.664%,4073284359.00,Bermuda,,603246,Consumer Discretionary,Consumer Specialties
SIGA,SIGA Technologies Inc. Common Stock,$7.02,0.25,3.693%,501012303.00,United States,,540877,Health Care,Biotechnology: Pharmaceutical Preparations
SIGI,Selective Insurance Group Inc. Common Stock,$91.57,0.20,0.219%,5570490538.00,United States,,363120,Finance,Property-Casualty Insurers
SIGIP,Selective Insurance Group Inc. Depositary Shares each representing a 1/1000th interest in a share of 4.60% Non-Cumulative Preferred Stock Series B,$19.87,-0.03,-0.151%,1208754472.00,United States,,7767,Finance,Property-Casualty Insurers
SII,Sprott Inc. Common Shares,$46.07,0.38,0.832%,1193213000.00,,2020,47528,Finance,Finance: Consumer Services
SILA,Sila Realty Trust Inc. Common Stock,$25.20,-0.01,-0.04%,1386457834.00,United States,2024,294966,Real Estate,Real Estate Investment Trusts
SILC,Silicom Ltd Ordinary Shares,$13.15,0.22,1.701%,84232627.00,Israel,,16200,Telecommunications,Computer Communications Equipment
SILO,Silo Pharma Inc. Common Stock,$1.20,0.03,2.564%,5381347.00,United States,,41215,Consumer Discretionary,Apparel
SILV,SilverCrest Metals Inc. Common Shares,$10.66,-0.17,-1.57%,1583584041.00,Canada,2018,1047717,Basic Materials,Precious Metals
SIM,Grupo Simec S.A.B. de C.V. American Depositary Shares,$27.71,-1.74,-5.908%,4268595152.00,Mexico,1998,495,Industrials,Steel/Iron Ore
SIMA,SIM Acquisition Corp. I Class A Ordinary Shares,$9.98,0.01,0.10%,0.00,United States,2024,65061,Miscellaneous,Industrial Machinery/Components
SIMAU,SIM Acquisition Corp. I Unit,$10.01,-0.04,-0.398%,0.00,United States,2024,351,Finance,Blank Checks
SIMAW,SIM Acquisition Corp. I Warrant,$0.0806,-0.0462,-36.435%,0.00,United States,2024,3261,Finance,Blank Checks
SIMO,Silicon Motion Technology Corporation American Depositary Shares,$56.70,0.64,1.142%,1909747854.00,Taiwan,2005,233008,Technology,Semiconductors
SINT,SiNtx Technologies Inc. Common Stock,$3.26,0.05,1.558%,2436175.00,United States,2014,21052,Health Care,Medical/Dental Instruments
SIRI,SiriusXM Holdings Inc. Common Stock,$27.03,0.63,2.386%,10407531594.00,United States,,4796018,Consumer Discretionary,Broadcasting
SISI,Shineco Inc. Common Stock,$0.1502,-0.0018,-1.184%,5079404.00,China,2016,613096,Health Care, Medicinal Chemicals and Botanical Products 
SITC,SITE Centers Corp. Common Stock,$16.82,-0.06,-0.355%,881208462.00,United States,,1690462,Real Estate,Real Estate Investment Trusts
SITC^A,SITE Centers Corp. 6.375% Class A Preferred Shares,$25.07,-0.01,-0.04%,,United States,,37334,,
SITE,SiteOne Landscape Supply Inc. Common Stock,$145.63,4.19,2.962%,6571004725.00,United States,2016,406603,Consumer Discretionary,Professional and commerical equipment
SITM,SiTime Corporation Common Stock,$181.86,2.93,1.638%,4206838259.00,United States,2019,76970,Technology,Semiconductors
SJ,Scienjoy Holding Corporation Class A Ordinary Shares ,$0.85,-0.05,-5.556%,35225722.00,China,2019,13127,Technology,EDP Services
SJM,The J.M. Smucker Company Common Stock,$115.46,-0.61,-0.526%,12285662392.00,United States,,643148,Consumer Staples,Packaged Foods
SJT,San Juan Basin Royalty Trust Common Stock,$4.15,-0.03,-0.718%,193426503.00,United States,,97454,Energy,Oil & Gas Production
SJW,SJW Group Common Stock (DE),$57.76,1.34,2.375%,1889422016.00,United States,1972,229483,Utilities,Water Supply
SKE,Skeena Resources Limited Common Shares,$9.84,-0.13,-1.304%,1049431966.00,,2021,187659,Basic Materials,Precious Metals
SKGR,SK Growth Opportunities Corporation Class A Common Stock,$11.4589,0.0089,0.078%,0.00,United States,2022,1030,Finance,Blank Checks
SKGRW,SK Growth Opportunities Corporation Warrant,$0.25,0.00,0.00%,0.00,United States,2022,502,Finance,Blank Checks
SKIL,Skillsoft Corp. Class A Common Stock,$15.74,0.08,0.511%,129544277.00,United States,2019,49462,Technology,Computer Software: Prepackaged Software
SKIN,The Beauty Health Company Class A Common Stock,$1.77,0.12,7.273%,219515841.00,United States,2020,584643,Health Care,Medical/Dental Instruments
SKK,SKK Holdings Limited Common Stock,$5.25,0.59,12.661%,82031250.00,Singapore,2024,710257,Industrials,Water Sewer Pipeline Comm & Power Line Construction
SKLZ,Skillz Inc. Class A Common Stock,$5.75,0.12,2.131%,100229814.00,United States,2020,49111,Technology,EDP Services
SKM,SK Telecom Co. Ltd. Common Stock,$22.98,-0.08,-0.347%,8814668400.00,South Korea,,188195,Telecommunications,Telecommunications Equipment
SKT,Tanger Inc. Common Stock,$33.77,0.08,0.237%,3692868911.00,United States,1993,247715,Real Estate,Real Estate Investment Trusts
SKWD,Skyward Specialty Insurance Group Inc. Common Stock,$45.84,0.33,0.725%,1838006691.00,United States,2023,485425,Finance,Property-Casualty Insurers
SKX,Skechers U.S.A. Inc. Common Stock,$61.86,2.65,4.476%,9423968415.00,United States,1999,3917113,Consumer Discretionary,Shoe Manufacturing
SKY,Champion Homes Inc. Common Stock,$90.85,2.72,3.086%,5231118380.00,United States,,439062,Consumer Discretionary,Homebuilding
SKYE,Skye Bioscience Inc. Common Stock,$5.15,0.12,2.386%,156242194.00,United States,,102536,Health Care,Biotechnology: Pharmaceutical Preparations
SKYH,Sky Harbour Group Corporation Class A Common Stock,$10.90,0.24,2.251%,730573110.00,United States,2022,35360,Finance,Real Estate
SKYQ,Sky Quarry Inc. Common Stock,$2.34,-0.11,-4.49%,38196033.00,United States,2024,381625,Industrials,Environmental Services
SKYT,SkyWater Technology Inc. Common Stock,$11.05,0.57,5.439%,524647569.00,United States,2021,368081,Technology,Semiconductors
SKYW,SkyWest Inc. Common Stock,$94.82,0.81,0.862%,3802631696.00,United States,1986,232945,Consumer Discretionary,Air Freight/Delivery Services
SKYX,SKYX Platforms Corp. Common Stock,$1.41,0.00,0.00%,143241188.00,United States,2022,710993,Consumer Discretionary,Building Products
SLAB,Silicon Laboratories Inc. Common Stock,$115.11,1.42,1.249%,3716802330.00,United States,2000,133051,Technology,Semiconductors
SLB,Schlumberger N.V. Common Stock,$41.39,-0.35,-0.839%,58449066394.00,France,,10586630,Energy,Oilfield Services/Equipment
SLDB,Solid Biosciences Inc. Common Stock,$5.83,0.12,2.102%,225010232.00,United States,2018,229535,Health Care,Biotechnology: Biological Products (No Diagnostic Substances)
SLDP,Solid Power Inc. Class A Common Stock,$1.26,0.03,2.439%,225493201.00,United States,2021,1414206,Miscellaneous,Industrial Machinery/Components
SLDPW,Solid Power Inc. Warrant,$0.091,-0.019,-17.273%,16285620.00,United States,2021,36466,Miscellaneous,Industrial Machinery/Components
SLE,Super League Enterprise Inc. Common Stock,$0.9999,0.0799,8.685%,10562396.00,United States,2019,134476,Consumer Discretionary,Services-Misc. Amusement & Recreation
SLF,Sun Life Financial Inc. Common Stock,$56.96,0.56,0.993%,32916257944.00,Canada,,276482,Finance,Life Insurance
SLG,SL Green Realty Corp Common Stock,$76.79,0.18,0.235%,4977068058.00,United States,1997,417443,Real Estate,Real Estate Investment Trusts
SLG^I,SL Green Realty Corporation Preferred Series I,$24.19,0.00,0.00%,,United States,,8154,,
SLGL,Sol-Gel Technologies Ltd. Ordinary Shares,$0.6461,-0.0078,-1.193%,17998808.00,Israel,2018,20744,Health Care,Biotechnology: Pharmaceutical Preparations
SLGN,Silgan Holdings Inc. Common Stock,$51.16,0.26,0.511%,5462831853.00,United States,2022,366565,Industrials,Containers/Packaging
SLI,Standard Lithium Ltd. Common Shares,$2.30,0.12,5.505%,424538423.00,Canada,2021,4716836,Industrials,Major Chemicals
SLM,SLM Corporation Common Stock,$22.35,0.45,2.055%,4745585937.00,United States,,2102831,Finance,Finance: Consumer Services
SLMBP,SLM Corporation Floating Rate Non-Cumulative Preferred Stock Series B,$73.90,0.30,0.408%,15691221511.00,United States,,5560,Finance,Finance: Consumer Services
SLN,Silence Therapeutics Plc American Depository Share,$18.07,-0.01,-0.055%,845676000.00,United Kingdom,,125364,Health Care,Biotechnology: Pharmaceutical Preparations
SLND,Southland Holdings Inc. Common Stock,$3.35,0.20,6.349%,161153465.00,United States,,18880,Industrials,Military/Government/Technical
SLNG,Stabilis Solutions Inc. Common Stock,$4.58,-0.095,-2.032%,85119364.00,United States,,14582,Utilities,Oil/Gas Transmission
SLNH,Soluna Holdings Inc. Common Stock,$4.32,0.35,8.816%,24862408.00,United States,,200477,Finance,Finance: Consumer Services
SLNHP,Soluna Holdings Inc 9.0% Series A Cumulative Perpetual Preferred Stock ,$13.00,-0.10,-0.763%,74817431.00,United States,,69588,Finance,Finance: Consumer Services
SLNO,Soleno Therapeutics Inc. Common Stock,$55.31,0.39,0.71%,2149987864.00,United States,2014,723379,Health Care,Biotechnology: Electromedical & Electrotherapeutic Apparatus
SLP,Simulations Plus Inc. Common Stock,$30.90,0.22,0.717%,618239104.00,United States,,245153,Technology,EDP Services
SLQT,SelectQuote Inc. Common Stock,$2.03,0.03,1.50%,348030145.00,United States,2020,1004194,Finance,Specialty Insurers
SLRC,SLR Investment Corp. Common Stock,$15.57,0.15,0.973%,849415651.00,United States,2010,148264,Finance,Finance/Investors Services
SLRN,ACELYRIN INC. Common Stock,$6.28,0.31,5.193%,626795885.00,United States,2023,507839,Health Care,Biotechnology: Pharmaceutical Preparations
SLRX,Salarius Pharmaceuticals Inc. Common Stock,$1.67,0.00,0.00%,2406732.00,United States,2015,81288,Health Care,Biotechnology: Pharmaceutical Preparations
SLS,SELLAS Life Sciences Group Inc. Common Stock,$1.22,-0.01,-0.813%,78485648.00,United States,,628445,Health Care,Biotechnology: Pharmaceutical Preparations
SLSR,Solaris Resources Inc. Common Shares,$2.28,-0.035,-1.512%,369914936.00,,2024,34679,,
SLVM,Sylvamo Corporation Common Stock,$85.59,0.41,0.481%,3509304263.00,United States,2021,209358,Basic Materials,Paper
SLXN,Silexion Therapeutics Corp Ordinary Shares,$0.295,-0.0117,-3.815%,2881677.00,Israel,,565567,Health Care,Biotechnology: Biological Products (No Diagnostic Substances)
SLXNW,Silexion Therapeutics Corp Warrant,$0.04,-0.03,-42.857%,390736.00,Israel,,4025,Health Care,Biotechnology: Biological Products (No Diagnostic Substances)
SM,SM Energy Company Common Stock,$41.96,-1.52,-3.496%,4800996609.00,United States,,1161021,Energy,Oil & Gas Production
SMAR,Smartsheet Inc. Class A Common Stock,$56.39,-0.12,-0.212%,7835446777.00,United States,2018,2294097,Technology,Computer Software: Prepackaged Software
SMBC,Southern Missouri Bancorp Inc. Common Stock,$60.01,2.85,4.986%,676776997.00,United States,,28176,Finance,Banks
SMBK,SmartFinancial Inc. Common Stock,$33.06,1.37,4.323%,559512399.00,United States,,54617,Finance,Major Banks
SMC,Summit Midstream Corporation Common Stock,$35.00,0.08,0.229%,372703975.00,United States,2012,65553,Utilities,Natural Gas Distribution
SMCI,Super Micro Computer Inc. Common Stock,$47.72,0.45,0.952%,27943174684.00,United States,2020,27185274,Technology,Computer Manufacturing
SMFG,Sumitomo Mitsui Financial Group Inc Unsponsored American Depositary Shares (Japan),$12.48,0.19,1.546%,244926551451.00,Japan,,829864,Finance,Commercial Banks
SMG,Scotts Miracle-Gro Company (The) Common Stock,$88.28,1.54,1.775%,5016166708.00,United States,1992,271503,Industrials,Agricultural Chemicals
SMHI,SEACOR Marine Holdings Inc. Common Stock ,$8.57,-0.16,-1.833%,236842097.00,United States,2017,106393,Consumer Discretionary,Marine Transportation
SMID,Smith-Midland Corporation Common Stock,$33.38,0.58,1.768%,178441435.00,United States,,12130,Industrials,Building Materials
SMLR,Semler Scientific Inc. Common Stock,$29.57,2.15,7.841%,210946111.00,United States,,243438,Health Care,Biotechnology: Electromedical & Electrotherapeutic Apparatus
SMMT,Summit Therapeutics Inc. Common Stock ,$22.24,0.98,4.61%,16113719582.00,United States,2015,2720745,Health Care,Biotechnology: Pharmaceutical Preparations
SMP,Standard Motor Products Inc. Common Stock,$29.61,0.36,1.231%,642920094.00,United States,,109369,Consumer Discretionary,Auto Parts:O.E.M.
SMPL,The Simply Good Foods Company Common Stock,$33.84,0.38,1.136%,3388597299.00,United States,,818870,Consumer Staples,Packaged Foods
SMR,NuScale Power Corporation Class A Common Stock,$22.00,3.59,19.50%,5481969878.00,United States,2022,27157795,Industrials,Metal Fabrications
SMRT,SmartRent Inc. Class A Common Stock,$1.74,0.04,2.353%,352164702.00,United States,,2037831,Technology,EDP Services
SMSI,Smith Micro Software Inc. Common Stock,$0.83,0.0159,1.953%,9159158.00,United States,1995,167411,Technology,Computer Software: Prepackaged Software
SMTC,Semtech Corporation Common Stock,$44.97,-0.50,-1.10%,3382973570.00,United States,,652534,Technology,Semiconductors
SMTI,Sanara MedTech Inc. Common Stock,$32.86,1.16,3.659%,287425631.00,United States,,29845,Health Care,Industrial Specialties
SMTK,SmartKem Inc. Common Stock,$2.60,0.13,5.263%,4551227.00,United Kingdom,,7816,Technology,Semiconductors
SMWB,Similarweb Ltd. Ordinary Shares,$9.08,0.30,3.417%,714149972.00,,2021,231763,Technology,Computer Software: Programming Data Processing
SMX,SMX (Security Matters) Public Limited Company Class A Ordinary Shares,$0.48,-0.91,-65.468%,348470.00,Ireland,,13066356,Technology,Industrial Machinery/Components
SMXT,Solarmax Technology Inc. Common Stock,$0.9499,0.0258,2.792%,42763890.00,United States,2024,63775,Consumer Discretionary,Engineering & Construction
SMXWW,SMX (Security Matters) Public Limited Company Warrant,$0.0075,-0.0032,-29.907%,5445.00,Ireland,,48963,Technology,Industrial Machinery/Components
SN,SharkNinja Inc. Ordinary Shares,$111.13,1.81,1.656%,15456334797.00,United States,2023,992190,Consumer Discretionary,Consumer Electronics/Appliances
SNA,Snap-On Incorporated Common Stock,$332.59,6.01,1.84%,17463436831.00,United States,,379499,Consumer Discretionary,Industrial Machinery/Components
SNAL,Snail Inc. Class A Common Stock,$1.41,-0.04,-2.759%,51841363.00,United States,2022,189598,Technology,Computer Software: Prepackaged Software
SNAP,Snap Inc. Class A Common Stock,$10.71,0.26,2.488%,17773080248.00,United States,2017,25251228,Technology,Computer Software: Programming Data Processing
SNAX,Stryve Foods Inc. Class A Common Stock,$0.9426,0.0437,4.861%,3152952.00,United States,2019,3489341,Consumer Staples,Packaged Foods
SNAXW,Stryve Foods Inc. Warrant,$0.0065,0.0015,30.00%,21742.00,United States,2019,91705,Consumer Staples,Packaged Foods
SNBR,Sleep Number Corporation Common Stock,$13.55,0.05,0.37%,302910250.00,United States,,337965,Consumer Discretionary,Home Furnishings
SNCR,Synchronoss Technologies Inc. Common Stock,$11.14,0.52,4.896%,120514403.00,United States,2018,42353,Technology,EDP Services
SNCRL,Synchronoss Technologies Inc. 8.375% Senior Notes due 2026,$24.81,0.02,0.081%,268398773.00,United States,,841,Health Care,Biotechnology: Pharmaceutical Preparations
SNCY,Sun Country Airlines Holdings Inc. Common Stock,$13.04,0.42,3.328%,688604362.00,United States,2021,1038357,Consumer Discretionary,Air Freight/Delivery Services
SND,Smart Sand Inc. Common Stock,$2.15,0.04,1.896%,92292070.00,United States,2016,195951,Industrials,Mining & Quarrying of Nonmetallic Minerals (No Fuels)
SNDA,Sonida Senior Living Inc. Common Stock,$26.72,1.88,7.568%,495388800.00,United States,,52341,Health Care,Hospital/Nursing Management
SNDL,SNDL Inc. Common Shares,$2.21,0.03,1.376%,585871000.00,Canada,2019,2278542,Health Care, Medicinal Chemicals and Botanical Products 
SNDR,Schneider National Inc. Common Stock,$28.36,0.35,1.25%,4969102420.00,United States,2017,429417,Industrials,Trucking Freight/Courier Services
SNDX,Syndax Pharmaceuticals Inc. Common Stock,$19.21,0.46,2.453%,1634701037.00,United States,2016,661423,Health Care,Biotechnology: Pharmaceutical Preparations
SNES,SenesTech Inc. Common Stock,$2.84,0.05,1.792%,1463566.00,United States,2016,13172,Industrials,Agricultural Chemicals
SNEX,StoneX Group Inc. Common Stock,$89.91,4.28,4.998%,2858354704.00,United States,,216635,Finance,Investment Bankers/Brokers/Service
SNFCA,Security National Financial Corporation Class A Common Stock,$9.82,0.08,0.821%,207194900.00,United States,,41892,Finance,Finance: Consumer Services
SNGX,Soligenix Inc. Common Stock,$3.96,0.08,2.062%,9030467.00,United States,,51093,Health Care,Biotechnology: Pharmaceutical Preparations
SNN,Smith & Nephew SNATS Inc. Common Stock,$28.85,0.48,1.692%,12612846566.00,United Kingdom,,341316,Health Care,Industrial Specialties
SNOA,Sonoma Pharmaceuticals Inc. Common Stock,$3.00,0.01,0.334%,3077205.00,United States,2007,20089,Health Care,Biotechnology: Pharmaceutical Preparations
SNOW,Snowflake Inc. Class A Common Stock,$117.33,1.29,1.112%,39329016000.00,United States,2020,5236046,Technology,Computer Software: Prepackaged Software
SNPS,Synopsys Inc. Common Stock,$496.18,-5.40,-1.077%,76220067498.00,United States,1992,638056,Technology,Computer Software: Prepackaged Software
SNPX,Synaptogenix Inc. Common Stock,$3.22,0.139,4.512%,4232075.00,United States,,18354,Health Care,Biotechnology: Pharmaceutical Preparations
SNSE,Sensei Biotherapeutics Inc. Common Stock,$0.594,0.0341,6.09%,14939771.00,United States,2021,452329,Health Care,Biotechnology: Pharmaceutical Preparations
SNT,Senstar Technologies Corporation Common Shares,$1.46,-0.025,-1.684%,34032600.00,Israel,,8436,Telecommunications,Telecommunications Equipment
SNTG,Sentage Holdings Inc. Class A Ordinary Shares,$2.255,-0.065,-2.802%,6326008.00,China,2021,5329,Finance,Finance: Consumer Services
SNTI,Senti Biosciences Inc. Common Stock,$2.24,0.09,4.186%,10256913.00,United States,2021,6276,Health Care,Biotechnology: Biological Products (No Diagnostic Substances)
SNV,Synovus Financial Corp. Common Stock,$50.04,1.46,3.005%,7204374943.00,United States,,1411731,Finance,Major Banks
SNV^D,Synovus Financial Corp. Fixed-to-Floating Rate Non-Cumulative Perpetual Preferred Stock Series D Liquation Preference $25.00 per Share,$25.11,-0.06,-0.238%,,United States,,2841,,
SNV^E,Synovus Financial Corp. 5.875% Fixed-Rate Reset Non-Cumulative Perpetual Preferred Stock Series E,$26.46,-0.08,-0.301%,,United States,,7947,,
SNX,TD SYNNEX Corporation Common Stock,$122.00,1.42,1.178%,10380739050.00,United States,2003,478733,Technology,Retail: Computer Software & Peripheral Equipment
SNY,Sanofi ADS,$54.36,0.02,0.037%,137509052630.00,France,,3461899,Health Care,Biotechnology: Pharmaceutical Preparations
SNYR,Synergy CHC Corp. Common Stock,$7.62,-0.78,-9.286%,72799224.00,United States,2024,7333,Health Care,Other Pharmaceuticals
SO,Southern Company (The) Common Stock,$91.79,-0.09,-0.098%,100470188999.00,United States,,2772914,Utilities,Electric Utilities: Central
SOAR,Volato Group Inc. Class A Common Stock,$0.2688,-0.0137,-4.85%,7938830.00,,2022,140644,Consumer Discretionary,Transportation Services
SOBO,South Bow Corporation Common Shares,$24.07,0.24,1.007%,4996219745.00,Canada,2024,213545,,
SOBR,SOBR Safe Inc. Common Stock,$5.87,-1.21,-17.09%,1855167.00,United States,,113846,Consumer Discretionary,Newspapers/Magazines
SOC,Sable Offshore Corp. Common Stock,$21.40,0.71,3.432%,1387692330.00,United States,2021,809157,Energy,Oil & Gas Production
SOFI,SoFi Technologies Inc. Common Stock  ,$11.19,0.20,1.82%,11927922659.00,United States,,68985606,Finance,Finance: Consumer Services
SOGP,Sound Group Inc. American Depositary Shares,$1.90,0.04,2.151%,9846739.00,China,2020,5885,Technology,Computer Software: Programming Data Processing
SOHO,Sotherly Hotels Inc. Common Stock,$1.39,0.02,1.46%,27590339.00,United States,,87833,Real Estate,Real Estate Investment Trusts
SOHOB,Sotherly Hotels Inc. 8.0% Series B Cumulative Redeemable Perpetual Preferred Stock,$18.62,0.04,0.215%,369591452.00,United States,,190,Real Estate,Real Estate Investment Trusts
SOHON,Sotherly Hotels Inc. 8.25% Series D Cumulative Redeemable Perpetual Preferred Stock,$18.73,0.00,0.00%,371774860.00,United States,,34,Real Estate,Real Estate Investment Trusts
SOHOO,Sotherly Hotels Inc. 7.875% Series C Cumulative Redeemable Perpetual Preferred Stock,$18.40,0.25,1.377%,365224636.00,United States,,303,Real Estate,Real Estate Investment Trusts
SOHU,Sohu.com Limited American Depositary Shares,$13.89,0.10,0.725%,459046221.00,China,,80499,Technology,EDP Services
SOJC,Southern Company (The) Series 2017B 5.25% Junior Subordinated Notes due December 1 2077,$24.24,0.00,0.00%,26532273465.00,United States,2017,10578,Utilities,Electric Utilities: Central
SOJD,Southern Company (The) Series 2020A 4.95% Junior Subordinated Notes due January 30 2080,$22.87,-0.01,-0.044%,25032718405.00,United States,2020,91051,Utilities,Electric Utilities: Central
SOJE,Southern Company (The) Series 2020C 4.20% Junior Subordinated Notes due October 15 2060,$21.00,0.02,0.095%,22985880477.00,United States,2020,38947,Basic Materials,Metal Mining
SOL,Emeren Group Ltd American Depositary Shares each representing 10 shares,$2.46,0.07,2.929%,126087192.00,China,2008,127950,Technology,Semiconductors
SOLV,Solventum Corporation Common Stock,$73.36,0.17,0.232%,12670049102.00,United States,2024,822756,Health Care,Medical/Dental Instruments
SON,Sonoco Products Company Common Stock,$53.27,0.19,0.358%,5234190289.00,United States,,511848,Consumer Discretionary,Containers/Packaging
SOND,Sonder Holdings Inc. Class A Common Stock,$2.79,-0.04,-1.413%,32323894.00,United States,2021,43337,Consumer Discretionary,Hotels/Resorts
SONDW,Sonder Holdings Inc. Warrants,$0.0109,-0.0004,-3.54%,126283.00,United States,2021,15314,Consumer Discretionary,Hotels/Resorts
SONM,Sonim Technologies Inc. Common Stock,$3.66,0.01,0.274%,17701502.00,United States,2019,3529,Utilities,Telecommunications Equipment
SONN,Sonnet BioTherapeutics Holdings Inc. Common Stock,$4.97,-1.04,-17.304%,3232056.00,United States,,168542,Health Care,Biotechnology: Pharmaceutical Preparations
SONO,Sonos Inc. Common Stock,$13.06,0.28,2.191%,1580389163.00,United States,2018,1075088,Consumer Staples,Consumer Electronics/Appliances
SONY,Sony Group Corporation American Depositary Shares ,$17.75,0.13,0.738%,107653870611.00,Japan,,2567835,Consumer Staples,Consumer Electronics/Appliances
SOPA,Society Pass Incorporated Common Stock,$0.98,0.0267,2.801%,3087682.00,United States,2021,26419,Consumer Discretionary,Business Services
SOPH,SOPHiA GENETICS SA Ordinary Shares,$3.57,-0.03,-0.833%,232873096.00,Switzerland,2021,12914,Health Care,Biotechnology: Biological Products (No Diagnostic Substances)
SOR,Source Capital Inc. Common Stock,$43.8662,0.0962,0.22%,366040760.00,United States,,4083,Finance,Investment Managers
SOS,SOS Limited American Depositary Shares,$0.861,0.0113,1.33%,16516269.00,,2017,121574,Finance,Finance: Consumer Services
SOTK,Sono-Tek Corporation Common Stock,$4.47,-0.02,-0.445%,70407654.00,United States,,2189,Technology,Industrial Machinery/Components
SOUN,SoundHound AI Inc Class A Common Stock,$6.12,0.94,18.147%,2195444032.00,United States,,49521712,Technology,Computer Software: Prepackaged Software
SOUNW,SoundHound AI Inc. Warrant,$2.07,0.18,9.524%,742576658.00,United States,2021,84892,Technology,Computer Software: Prepackaged Software
SOWG,Sow Good Inc. Common Stock,$10.00,-0.09,-0.892%,102453880.00,United States,,40308,Consumer Staples,Packaged Foods
SPAI,Safe Pro Group Inc. Common Stock,$2.21,0.34,18.182%,30233350.00,United States,2024,211744,Health Care,Industrial Specialties
SPB,Spectrum Brands Holdings Inc. Common Stock,$90.12,0.60,0.67%,2526117402.00,United States,,175582,Miscellaneous,Industrial Machinery/Components
SPCB,SuperCom Ltd. Ordinary Shares (Israel),$3.40,-0.31,-8.356%,3439277.00,Israel,,66400,Technology,Semiconductors
SPCE,Virgin Galactic Holdings Inc. Common Stock,$7.74,0.69,9.787%,220462886.00,United States,2017,2537054,Consumer Discretionary,Transportation Services
SPE,Special Opportunities Fund Inc Common Stock,$14.31,0.08,0.562%,0.00,United States,,100404,Finance,Finance/Investors Services
SPE^C,Special Opportunities Fund Inc. 2.75% Convertible Preferred Stock Series C,$23.45,-0.0207,-0.088%,,United States,,300,,
SPFI,South Plains Financial Inc. Common Stock,$34.53,1.20,3.60%,565830230.00,United States,2019,21596,Finance,Major Banks
SPG,Simon Property Group Inc. Common Stock,$172.52,2.00,1.173%,56249004435.00,United States,,1101456,Real Estate,Real Estate Investment Trusts
SPG^J,Simon Property Group Inc. Simon Property Group 8 3/8% Series J Cumulative Redeemable Preferred Stock,$62.50,0.00,0.00%,,United States,,202,,
SPGC,Sacks Parente Golf Inc. Common Stock,$1.805,-0.025,-1.366%,2634555.00,United States,2023,1233790,Consumer Discretionary,Recreational Games/Products/Toys
SPGI,S&P Global Inc. Common Stock,$487.24,-3.37,-0.687%,152506120000.00,United States,,1303527,Finance,Finance: Consumer Services
SPH,Suburban Propane Partners L.P. Common Stock,$18.57,0.05,0.27%,1189814329.00,United States,1996,118196,Consumer Discretionary,Other Specialty Stores
SPHL,Springview Holdings Ltd Class A Ordinary Shares,$4.66,0.28,6.393%,99025000.00,Singapore,2024,365085,Consumer Discretionary,Homebuilding
SPHR,Sphere Entertainment Co. Class A Common Stock,$44.77,0.44,0.993%,1583072707.00,United States,2020,348274,Consumer Discretionary,Services-Misc. Amusement & Recreation
SPI,SPI Energy Co. Ltd. Ordinary Shares,$0.4206,0.0006,0.143%,13292268.00,China,,127442,Technology,Semiconductors
SPIR,Spire Global Inc. Class A Common Stock,$9.60,0.55,6.077%,247918896.00,United States,2020,92466,Consumer Discretionary,Telecommunications Equipment
SPKL,Spark I Acquisition Corp. Class A Ordinary Share,$10.54,-0.04,-0.378%,0.00,United States,2023,15000,,
SPLP,Steel Partners Holdings LP LTD PARTNERSHIP UNIT,$40.49,0.00,0.00%,829068543.00,United States,,93,Industrials,Industrial Specialties
SPLP^A,Steel Partners Holdings LP 6.0% Series A Preferred Units no par value,$24.45,0.0918,0.377%,,United States,,3490,,
SPMC,Sound Point Meridian Capital Inc. Common Stock,$18.95,-0.11,-0.577%,0.00,,2024,19583,,
SPNS,Sapiens International Corporation N.V. Common Shares (Cayman Islands),$37.45,0.81,2.211%,2087209613.00,Curacao,1992,54498,Technology,Computer Software: Prepackaged Software
SPNT,SiriusPoint Ltd. Common Shares,$13.59,0.11,0.816%,2322519666.00,Bermuda,2013,208148,Finance,Property-Casualty Insurers
SPNT^B,SiriusPoint Ltd. 8.00% Resettable Fixed Rate Preference Shares Series B $25.00 liquidation preference per share,$25.51,-0.02,-0.078%,,Bermuda,,9293,,
SPOK,Spok Holdings Inc. Common Stock,$15.14,0.25,1.679%,306797793.00,United States,,68244,Telecommunications,Telecommunications Equipment
SPOT,Spotify Technology S.A. Ordinary Shares,$384.36,5.20,1.371%,75774032996.00,Luxembourg,2018,1300165,Consumer Discretionary,Broadcasting
SPPL,SIMPPLE LTD. Ordinary Shares,$0.314,-0.026,-7.647%,5094952.00,Singapore,2023,127593,Consumer Discretionary,Diversified Commercial Services
SPR,Spirit Aerosystems Holdings Inc. Common Stock,$31.42,-0.02,-0.064%,3664213722.00,United States,2006,1911420,Industrials,Military/Government/Technical
SPRB,Spruce Biosciences Inc. Common Stock,$0.5884,0.0208,3.665%,24302449.00,United States,2020,733006,Health Care,Biotechnology: Pharmaceutical Preparations
SPRC,SciSparc Ltd. Ordinary Shares,$0.233,0.005,2.193%,629956.00,Israel,,521692,Health Care,Biotechnology: Pharmaceutical Preparations
SPRO,Spero Therapeutics Inc. Common Stock,$1.29,-0.04,-3.008%,69723389.00,United States,2017,119861,Health Care,Biotechnology: Pharmaceutical Preparations
SPRU,Spruce Power Holding Corporation Class A Common Stock,$2.56,0.06,2.40%,47506432.00,United States,2019,27566,Consumer Discretionary,Auto Parts:O.E.M.
SPRY,ARS Pharmaceuticals Inc. Common Stock,$14.99,0.22,1.49%,1453154719.00,United States,2020,789997,Health Care,Biotechnology: Pharmaceutical Preparations
SPSC,SPS Commerce Inc. Common Stock,$171.01,0.52,0.305%,6343758914.00,United States,2010,289890,Technology,Computer Software: Prepackaged Software
SPT,Sprout Social Inc Class A Common Stock,$27.10,0.29,1.082%,1546876862.00,United States,2019,471340,Technology,Computer Software: Prepackaged Software
SPTN,SpartanNash Company Common Stock,$21.27,0.12,0.567%,717758639.00,United States,,123233,Consumer Discretionary,Food Distributors
SPWH,Sportsman's Warehouse Holdings Inc. Common Stock,$2.64,0.22,9.091%,99919694.00,United States,2014,609238,Consumer Discretionary,Other Specialty Stores
SPXC,SPX Technologies Inc. Common Stock,$159.90,2.67,1.698%,7402607597.00,United States,,234754,Industrials,Industrial Machinery/Components
SPXX,Nuveen S&P 500 Dynamic Overwrite Fund,$16.91,0.05,0.297%,0.00,United States,,40505,Finance,Trusts Except Educational Religious and Charitable
SQ,Block Inc. Class A Common Stock,$74.48,1.87,2.575%,45853239600.00,United States,2015,4093053,Technology,Computer Software: Prepackaged Software
SQFT,Presidio Property Trust Inc. Class A Common Stock,$0.70,0.02,2.941%,10172099.00,United States,2020,73720,Real Estate,Real Estate Investment Trusts
SQFTP,Presidio Property Trust Inc. 9.375% Series D Cumulative Redeemable Perpetual Preferred Stock $0.01 par value per share,$14.62,0.32,2.238%,212451553.00,United States,,4206,Real Estate,Real Estate Investment Trusts
SQFTW,Presidio Property Trust Inc. Series A Common Stock Purchase Warrants,$0.045,0.0142,46.104%,653921.00,United States,,1817,Real Estate,Real Estate Investment Trusts
SQM,Sociedad Quimica y Minera S.A. Common Stock,$42.03,1.20,2.939%,12005384306.00,Chile,1993,750756,Industrials,Mining & Quarrying of Nonmetallic Minerals (No Fuels)
SQNS,Sequans Communications S.A. American Depositary Shares (each representing ten (10) Ordinary Shares),$2.34,-0.0183,-0.776%,58483313.00,France,,44841,Technology,Semiconductors
SR,Spire Inc. Common Stock,$65.27,0.44,0.679%,3769373438.00,United States,,239111,Utilities,Oil/Gas Transmission
SR^A,Spire Inc. Depositary Shares each representing a 1/1000th interest in a share of 5.90% Series A Cumulative Redeemable Perpetual Preferred Stock,$24.68,-0.07,-0.283%,,United States,,8996,,
SRAD,Sportradar Group AG Class A Ordinary Shares,$12.47,0.15,1.218%,13859967303.00,Switzerland,2021,583285,Technology,Computer Software: Programming Data Processing
SRBK,SR Bancorp Inc. Common stock,$11.04,0.04,0.364%,103890617.00,United States,2023,39293,Finance,Banks
SRCE,1st Source Corporation Common Stock,$60.23,2.76,4.803%,1476378419.00,United States,,65229,Finance,Major Banks
SRCL,Stericycle Inc. Common Stock,$60.88,-0.03,-0.049%,5651883076.00,United States,1996,266899,Industrials,Environmental Services
SRDX,Surmodics Inc. Common Stock,$37.80,0.21,0.559%,539292600.00,United States,1998,209516,Health Care,Medical/Dental Instruments
SRE,DBA Sempra Common Stock,$85.17,0.79,0.936%,53925034174.00,United States,,1924426,Utilities,Natural Gas Distribution
SREA,DBA Sempra 5.750% Junior Subordinated Notes due 2079,$25.07,0.09,0.36%,15872967086.00,United States,2019,19181,Utilities,Natural Gas Distribution
SRFM,Surf Air Mobility Inc. Common Stock,$1.74,-0.03,-1.695%,22318160.00,,2023,133120,Consumer Discretionary,Transportation Services
SRG,Seritage Growth Properties Class A Common Stock,$4.35,0.10,2.353%,244767179.00,United States,2015,215881,Finance,Real Estate
SRG^A,Seritage Growth Properties 7.00% Series A Cumulative Redeemable Preferred Shares of Beneficial Interest,$22.13,0.48,2.217%,,United States,,3961,,
SRI,Stoneridge Inc. Common Stock,$9.61,0.49,5.373%,265983158.00,United States,1997,192927,Consumer Discretionary,Auto Parts:O.E.M.
SRL,Scully Royalty Ltd.,$8.09,-0.09,-1.10%,119912011.00,Canada,,9911,Finance,Commercial Banks
SRM,SRM Entertainment Inc. Common Stock,$0.69,-0.0627,-8.33%,7186695.00,United States,2023,203393,Consumer Discretionary,Recreational Games/Products/Toys
SRPT,Sarepta Therapeutics Inc. Common Stock (DE),$130.26,-0.88,-0.671%,12422418667.00,United States,,514881,Health Care,Biotechnology: Pharmaceutical Preparations
SRRK,Scholar Rock Holding Corporation Common Stock,$30.43,0.52,1.739%,2746537733.00,United States,2018,942184,Health Care,Biotechnology: Biological Products (No Diagnostic Substances)
SRTS,Sensus Healthcare Inc. Common Stock,$6.77,0.40,6.279%,110953875.00,United States,2016,114890,Health Care,Medical/Dental Instruments
SRV,NXG Cushing Midstream Energy Fund Common Shares of Beneficial Interest,$43.861,-0.819,-1.833%,0.00,United States,,21962,Finance,Finance Companies
SRZN,Surrozen Inc. Common Stock,$9.70,-0.29,-2.903%,31096764.00,United States,,19637,Health Care,Biotechnology: Biological Products (No Diagnostic Substances)
SRZNW,Surrozen Inc. Warrant,$0.0094,-0.0019,-16.814%,30135.00,United States,,73685,Health Care,Biotechnology: Biological Products (No Diagnostic Substances)
SSB,SouthState Corporation Common Stock,$98.47,2.69,2.809%,7508014617.00,United States,,414687,Finance,Major Banks
SSBI,Summit State Bank Common Stock,$7.85,-0.085,-1.071%,52384071.00,United States,2006,5132,Finance,Major Banks
SSBK,Southern States Bancshares Inc. Common Stock,$32.24,1.17,3.766%,287467057.00,United States,2021,40950,Finance,Savings Institutions
SSD,Simpson Manufacturing Company Inc. Common Stock,$185.43,4.00,2.205%,7818236507.00,United States,,224354,Consumer Discretionary,Industrial Machinery/Components
SSKN,Strata Skin Sciences Inc. Common Stock,$3.1339,0.0139,0.446%,13072001.00,United States,2005,14043,Health Care,Medical/Dental Instruments
SSL,Sasol Ltd. American Depositary Shares,$5.76,-0.17,-2.867%,3698748040.00,South Africa,,1536820,Energy,Oil & Gas Production
SSNC,SS&C Technologies Holdings Inc. Common Stock,$70.13,0.09,0.128%,17211299551.00,United States,2010,1895963,Technology,Computer Software: Prepackaged Software
SSP,E.W. Scripps Company (The) Class A Common Stock,$2.72,0.25,10.121%,234240547.00,United States,,348061,Industrials,Broadcasting
SSRM,SSR Mining Inc. Common Stock,$6.345,0.195,3.171%,1282299647.00,Canada,,2122705,Industrials,Precious Metals
SSSS,SuRo Capital Corp. Common Stock,$4.56,-0.01,-0.219%,106603689.00,United States,2011,253417,Finance,Finance: Consumer Services
SSSSL,SuRo Capital Corp. 6.00% Notes due 2026,$24.25,0.00,0.00%,566916549.00,United States,,8550,Finance,Finance: Consumer Services
SST,System1 Inc. Class A Common Stock,$1.06,0.01,0.952%,96188144.00,United States,2020,116232,Technology,Computer Software: Programming Data Processing
SSTI,SoundThinking Inc. Common Stock,$11.50,0.41,3.697%,147003672.00,United States,2017,35886,Technology,Computer Software: Prepackaged Software
SSTK,Shutterstock Inc. Common Stock,$29.53,0.25,0.854%,1045902635.00,United States,2012,726482,Technology,EDP Services
SSY,SunLink Health Systems Inc. Common Stock,$0.9031,-0.0469,-4.937%,6358369.00,United States,1996,1881,Health Care,Hospital/Nursing Management
SSYS,Stratasys Ltd. Ordinary Shares (Israel),$7.70,0.695,9.921%,536351770.00,United States,1994,1394338,Technology,Computer peripheral equipment
ST,Sensata Technologies Holding plc Ordinary Shares,$35.55,0.45,1.282%,5366540654.00,Netherlands,2010,843523,Industrials,Industrial Machinery/Components
STAA,STAAR Surgical Company Common Stock,$30.69,0.30,0.987%,1509586196.00,United States,,555655,Health Care,Ophthalmic Goods
STAF,Staffing 360 Solutions Inc. Common Stock (DE),$1.87,-0.03,-1.579%,1697812.00,United States,,1189162,Consumer Discretionary,Professional Services
STAG,Stag Industrial Inc. Common Stock,$37.48,0.43,1.161%,6825495955.00,United States,2011,825410,Real Estate,Real Estate Investment Trusts
STBA,S&T Bancorp Inc. Common Stock,$38.73,0.88,2.325%,1481662781.00,United States,,210471,Finance,Major Banks
STBX,Starbox Group Holdings Ltd. Class A Ordinary Shares,$0.135,0.004,3.053%,9704475.00,Malaysia,2022,75158,Consumer Discretionary,Advertising
STC,Stewart Information Services Corporation Common Stock,$69.55,0.52,0.753%,1925077997.00,United States,,134534,Finance,Specialty Insurers
STCN,Steel Connect Inc. Common Stock,$10.11,-0.0001,-0.001%,63741023.00,United States,,3064,Consumer Discretionary,Business Services
STE,STERIS plc (Ireland) Ordinary Shares,$224.01,-0.11,-0.049%,22091136599.00,United States,,491131,Health Care,Industrial Specialties
STEC,Santech Holdings Limited American Depositary Shares,$0.95,0.00,0.00%,26600000.00,China,2021,140926,Finance,Investment Managers
STEL,Stellar Bancorp Inc. Common Stock,$27.81,1.45,5.501%,1489916106.00,United States,,241699,Finance,Major Banks
STEM,Stem Inc. Class A Common Stock,$0.5749,0.0338,6.247%,93493823.00,United States,2020,3479245,Miscellaneous,Industrial Machinery/Components
STEP,StepStone Group Inc. Class A Common Stock,$61.58,0.74,1.216%,7009097426.00,United States,2020,279252,Finance,Investment Managers
STER,Sterling Check Corp. Common Stock,$16.79,0.05,0.299%,1645243084.00,United States,2021,66156,Technology,EDP Services
STEW,SRH Total Return Fund Inc. Common Stock,$15.73,0.12,0.769%,0.00,United States,,84428,Finance,Investment Managers
STFS,Star Fashion Culture Holdings Limited Class A Ordinary Shares,$3.74,0.05,1.355%,47124000.00,China,2024,487687,Consumer Discretionary,Advertising
STG,Sunlands Technology Group American Depositary Shares representing Class A ordinary shares,$7.09,-0.11,-1.528%,97288611.00,,2018,723,Real Estate,Other Consumer Services
STGW,Stagwell Inc. Class A Common Stock,$6.27,0.12,1.951%,1651391622.00,Canada,,397488,Consumer Discretionary,Advertising
STHO,Star Holdings Shares of Beneficial Interest,$13.01,0.20,1.561%,173287372.00,United States,,23159,Real Estate,Real Estate
STI,Solidion Technology Inc. Common Stock,$0.376,0.0125,3.439%,34771895.00,United States,2022,286375,Miscellaneous,Industrial Machinery/Components
STIM,Neuronetics Inc. Common Stock,$0.9912,0.0012,0.121%,30028865.00,United States,2018,92500,Health Care,Medical/Dental Instruments
STK,Columbia Seligman Premium Technology Growth Fund Inc,$32.87,-0.02,-0.061%,0.00,United States,2009,18813,Finance,Investment Managers
STKH,Steakholder Foods Ltd. American Depositary Shares,$2.92,0.059,2.062%,7986550.00,Israel,2021,8962,Consumer Staples,Packaged Foods
STKL,SunOpta Inc. Common Stock,$5.98,0.22,3.819%,698708205.00,Canada,,617869,Industrials,Farming/Seeds/Milling
STKS,The ONE Group Hospitality Inc. Common Stock,$3.52,0.18,5.389%,109632322.00,United States,,59041,Consumer Discretionary,Restaurants
STLA,Stellantis N.V. Common Shares,$13.75,0.11,0.806%,41567611786.00,United Kingdom,2014,5898181,Consumer Discretionary,Auto Manufacturing
STLD,Steel Dynamics Inc.,$135.72,6.14,4.738%,20941939100.00,United States,1996,1132466,Industrials,Steel/Iron Ore
STM,STMicroelectronics N.V. Common Stock,$28.54,0.32,1.134%,25765086652.00,Switzerland,,7367568,Technology,Semiconductors
STN,Stantec Inc Common Stock,$82.67,0.89,1.088%,9429918477.00,Canada,,93947,Consumer Discretionary,Military/Government/Technical
STNE,StoneCo Ltd. Class A Common Shares,$11.59,0.13,1.134%,3580569387.00,Brazil,2018,2751057,Technology,EDP Services
STNG,Scorpio Tankers Inc. Common Shares,$60.95,-1.07,-1.725%,3236918277.00,Monaco,2010,885622,Consumer Discretionary,Marine Transportation
STOK,Stoke Therapeutics Inc. Common Stock,$12.31,0.40,3.359%,648094406.00,United States,2019,229707,Health Care,Biotechnology: Pharmaceutical Preparations
STR,Sitio Royalties Corp. Class A Common Stock,$22.08,-0.24,-1.075%,3405982858.00,United States,2022,390977,Energy,Oil & Gas Production
STRA,Strategic Education Inc. Common Stock,$86.74,0.89,1.037%,2135798500.00,United States,1996,63261,Real Estate,Other Consumer Services
STRL,Sterling Infrastructure Inc. Common Stock,$152.58,1.92,1.274%,4689236105.00,United States,,366957,Industrials,Military/Government/Technical
STRM,Streamline Health Solutions Inc. Common Stock,$2.09,0.1512,7.799%,8823159.00,United States,,74071,Technology,EDP Services
STRO,Sutro Biopharma Inc. Common Stock,$3.58,0.13,3.768%,293429899.00,United States,2018,940859,Health Care,Biotechnology: Biological Products (No Diagnostic Substances)
STRR,Star Equity Holdings Inc. Common Stock,$3.79,0.0376,1.002%,12257235.00,United States,2004,6111,Health Care,Biotechnology: Electromedical & Electrotherapeutic Apparatus
STRRP,Star Equity Holdings Inc. Series A Cumulative Perpetual Preferred Stock,$9.31,-0.03,-0.321%,30109462.00,United States,,304,Health Care,Biotechnology: Electromedical & Electrotherapeutic Apparatus
STRS,Stratus Properties Inc. Common Stock,$22.61,0.36,1.618%,182628544.00,United States,,4257,Real Estate,Homebuilding
STRT,STRATTEC SECURITY CORPORATION Common Stock,$38.99,-0.17,-0.434%,158613347.00,United States,,27000,Consumer Discretionary,Auto Parts:O.E.M.
STRW,Strawberry Fields REIT Inc. Common Stock,$12.65,0.15,1.20%,87017781.00,,2023,9102,Real Estate,Real Estate Investment Trusts
STSS,Sharps Technology Inc. Common Stock,$2.75,0.025,0.917%,4950000.00,United States,2022,45960,Health Care,Medical/Dental Instruments
STSSW,Sharps Technology Inc. Warrant,$0.0474,-0.0012,-2.469%,85320.00,United States,2022,300,Finance,Finance: Consumer Services
STT,State Street Corporation Common Stock,$92.98,2.60,2.877%,27765688716.00,United States,,2405845,Finance,Major Banks
STT^G,State Street Corporation Depositary shares each representing a 1/4000th ownership interest in a share of Fixed-to-Floating Rate Non-Cumulative,$24.90,0.02,0.08%,,United States,,39816,,
STTK,Shattuck Labs Inc. Common Stock,$1.355,0.045,3.435%,64670449.00,United States,2020,173481,Health Care,Biotechnology: Pharmaceutical Preparations
STVN,Stevanato Group S.p.A. Ordinary Shares,$18.00,0.73,4.227%,5319720648.00,,2021,973635,Health Care,Medical/Dental Instruments
STWD,STARWOOD PROPERTY TRUST INC. Starwood Property Trust Inc.,$19.95,0.06,0.302%,6318131045.00,United States,2009,1618997,Real Estate,Real Estate Investment Trusts
STX,Seagate Technology Holdings PLC Ordinary Shares (Ireland),$101.32,-1.69,-1.641%,21296981615.00,Ireland,2002,2766688,Technology,Electronic Components
STXS,Stereotaxis Inc. Common Stock,$1.96,0.07,3.704%,165926258.00,United States,,138898,Health Care,Biotechnology: Electromedical & Electrotherapeutic Apparatus
STZ,Constellation Brands Inc. Common Stock,$237.51,-1.87,-0.781%,43122774707.00,United States,,1038646,Consumer Staples,Beverages (Production/Distribution)
SU,Suncor Energy  Inc. Common Stock,$38.47,-0.49,-1.258%,48858154276.00,Canada,,2847084,Energy,Integrated oil Companies
SUGP,SU Group Holdings Limited Ordinary Shares,$1.11,0.02,1.835%,14707500.00,Hong Kong,2024,21048,Consumer Discretionary,Diversified Commercial Services
SUI,Sun Communities Inc. Common Stock,$131.95,-1.94,-1.449%,16450191458.00,United States,1993,1916940,Real Estate,Real Estate Investment Trusts
SUM,Summit Materials Inc. Class A Common Stock,$45.63,0.53,1.175%,8012010672.00,United States,2015,3253008,Industrials,Mining & Quarrying of Nonmetallic Minerals (No Fuels)
SUN,Sunoco LP Common Units representing limited partner interests,$51.84,-0.37,-0.709%,7900869185.00,United States,2012,285197,Energy,Integrated oil Companies
SUNS,Sunrise Realty Trust Inc. Common Stock,$13.95,-0.11,-0.782%,96609260.00,United States,,34185,Real Estate,Real Estate Investment Trusts
SUP,Superior Industries International Inc. Common Stock (DE),$2.84,-0.03,-1.045%,82036391.00,United States,,63858,Consumer Discretionary,Auto Parts:O.E.M.
SUPN,Supernus Pharmaceuticals Inc. Common Stock,$34.16,0.23,0.678%,1882400020.00,United States,2012,260459,Health Care,Biotechnology: Pharmaceutical Preparations
SUPV,Grupo Supervielle S.A. American Depositary Shares each Representing five Class B shares,$8.93,0.10,1.133%,815706064.00,,2016,1927366,Finance,Commercial Banks
SURG,SurgePays Inc. Common Stock,$1.77,0.03,1.724%,34948443.00,United States,,85661,Consumer Discretionary,Advertising
SURGW,SurgePays Inc. Warrant,$0.0095,0.001,11.765%,187576.00,United States,,3662,Consumer Discretionary,Advertising
SUUN,SolarBank Corporation Common Stock,$3.51,-0.129,-3.545%,116005500.00,Canada,,74937,Utilities,Power Generation
SUZ,Suzano S.A. American Depositary Shares (each representing One Ordinary Share),$10.41,0.00,0.00%,13575864372.00,Brazil,2018,1911819,Basic Materials,Paper
SVC,Service Properties Trust Common Stock,$3.41,-0.20,-5.54%,565682704.00,United States,,3422075,Real Estate,Real Estate Investment Trusts
SVCO,Silvaco Group Inc. Common Stock,$6.60,-0.04,-0.602%,173541832.00,United States,2024,263658,Technology,Computer Software: Prepackaged Software
SVII,Spring Valley Acquisition Corp. II Class A Ordinary Shares,$11.38,0.01,0.088%,0.00,United States,2022,18938,Finance,Blank Checks
SVIIR,Spring Valley Acquisition Corp. II Rights,$0.0619,0.0019,3.167%,0.00,United States,2022,90966,,
SVM,Silvercorp Metals Inc. Common Shares,$4.88,0.20,4.274%,1056481931.00,Canada,,3888935,Basic Materials,Precious Metals
SVMH,SRIVARU Holding Limited Ordinary Shares,$0.0675,-0.0069,-9.274%,1008874.00,Cayman Islands,,2536533,Consumer Discretionary,Auto Manufacturing
SVMHW,SRIVARU Holding Limited Warrant,$0.0078,-0.0028,-26.415%,116581.00,Cayman Islands,,39627,Consumer Discretionary,Auto Manufacturing
SVRA,Savara Inc. Common Stock,$3.52,0.04,1.149%,579394123.00,United States,,1192264,Health Care,Biotechnology: Pharmaceutical Preparations
SVRE,SaverOne 2014 Ltd. American Depositary Shares,$1.79,0.3374,23.227%,35710500.00,Israel,2022,1302597,Technology,EDP Services
SVREW,SaverOne 2014 Ltd. Warrant,$0.0321,0.00,0.00%,640395.00,Israel,2022,2047,Technology,EDP Services
SVT,Servotronics Inc. Common Stock,$11.50,0.00,0.00%,29416161.00,United States,1970,118,Consumer Discretionary,Industrial Machinery/Components
SVV,Savers Value Village Inc. Common Stock,$10.00,0.60,6.383%,1607046290.00,United States,2023,362793,Consumer Discretionary,Other Specialty Stores
SW,Smurfit WestRock plc Ordinary Shares,$45.29,-0.55,-1.20%,23553340044.00,,2024,3511034,Consumer Discretionary,Containers/Packaging
SWAG,Stran & Company Inc. Common Stock,$1.09,-0.02,-1.802%,20281989.00,United States,2021,13900,Consumer Discretionary,Advertising
SWAGW,Stran & Company Inc. Warrant,$0.0179,0.0057,46.721%,333071.00,United States,2021,5162,Consumer Discretionary,Advertising
SWBI,Smith & Wesson Brands Inc. Common Stock,$13.30,0.24,1.838%,596535377.00,United States,,485547,Industrials,Ordnance And Accessories
SWI,SolarWinds Corporation Common Stock,$12.46,-0.05,-0.40%,2110811382.00,United States,2018,351410,Technology,Computer Software: Prepackaged Software
SWIM,Latham Group Inc. Common Stock,$6.62,0.10,1.534%,765120422.00,United States,2021,483255,Industrials,Plastic Products
SWIN,Solowin Holdings Ordinary Share,$2.77,0.03,1.095%,44264600.00,Hong Kong,2023,32983,Finance,Investment Bankers/Brokers/Service
SWK,Stanley Black & Decker Inc. Common Stock,$102.92,0.94,0.922%,15845510093.00,United States,,1621211,Consumer Discretionary,Industrial Machinery/Components
SWKH,SWK Holdings Corporation Common Stock,$16.72,0.22,1.333%,206690132.00,United States,,5044,Finance,Diversified Financial Services
SWKHL,SWK Holdings Corporation 9.00% Senior Notes due 2027,$25.68,0.08,0.313%,317452308.00,United States,,2500,,
SWKS,Skyworks Solutions Inc. Common Stock,$96.14,0.94,0.987%,15355131908.00,United States,,1369813,Technology,Semiconductors
SWTX,SpringWorks Therapeutics Inc. Common Stock,$29.89,0.58,1.979%,2220020777.00,United States,2019,476217,Health Care,Biotechnology: Biological Products (No Diagnostic Substances)
SWVL,Swvl Holdings Corp Class A Common Shares,$3.47,0.12,3.582%,29564400.00,United Arab Emirates,,9129,Consumer Discretionary,Business Services
SWVLW,Swvl Holdings Corp Warrant,$0.0162,0.00,0.00%,138024.00,United Arab Emirates,,39,Consumer Discretionary,Business Services
SWX,Southwest Gas Holdings Inc. Common Stock (DE),$74.70,1.14,1.55%,5356847556.00,United States,,176417,Utilities,Oil & Gas Production
SWZ,Swiss Helvetia Fund Inc. (The) Common Stock,$8.46,0.025,0.296%,0.00,United States,,21969,Finance,Finance Companies
SXC,SunCoke Energy Inc. Common Stock,$8.66,0.12,1.405%,728239552.00,United States,2011,439223,Industrials,Steel/Iron Ore
SXI,Standex International Corporation Common Stock,$179.37,2.43,1.373%,2126348660.00,United States,,41483,Industrials,Industrial Machinery/Components
SXT,Sensient Technologies Corporation Common Stock,$79.21,1.66,2.141%,3356507591.00,United States,,249506,Industrials,Major Chemicals
SXTC,China SXT Pharmaceuticals Inc. Ordinary Shares,$0.59,0.015,2.609%,2050894.00,China,2019,380311,Health Care,Biotechnology: Pharmaceutical Preparations
SXTP,60 Degrees Pharmaceuticals Inc. Common Stock,$0.7811,-0.0309,-3.805%,1381248.00,United States,2023,58764,Health Care,Biotechnology: Pharmaceutical Preparations
SY,So-Young International Inc. American Depository Shares,$0.98,-0.025,-2.488%,96088184.00,China,2019,38596,Technology,EDP Services
SYBT,Stock Yards Bancorp Inc. Common Stock,$66.90,2.22,3.432%,1967232365.00,United States,,118108,Finance,Major Banks
SYBX,Synlogic Inc. Common Stock,$1.42,0.00,0.00%,16608475.00,United States,2015,5556,Health Care,Biotechnology: Pharmaceutical Preparations
SYF,Synchrony Financial Common Stock,$56.79,1.64,2.974%,22110867511.00,United States,2014,3541623,Finance,Finance: Consumer Services
SYF^A,Synchrony Financial Depositary Shares each Representing a 1/40th Interest in a Share of 5.625% Fixed Rate Non-Cumulative Perpetual Preferred Stock Series A,$20.69,0.24,1.174%,,United States,,52883,,
SYF^B,Synchrony Financial Depositary Shares Each Representing a 1/40th Interest in a Share of 8.250% Fixed Rate Reset Non-Cumulative Perpetual Preferred Stock Series B,$26.29,0.07,0.267%,,United States,,32161,,
SYK,Stryker Corporation Common Stock,$356.01,3.19,0.904%,135666640338.00,United States,,965942,Health Care,Medical/Dental Instruments
SYM,Symbotic Inc. Class A Common Stock,$28.41,0.99,3.611%,16636243053.00,United States,2021,810994,Industrials,Industrial Machinery/Components
SYNA,Synaptics Incorporated Common Stock $0.001 Par Value,$73.46,1.32,1.83%,2907746538.00,United States,2002,173984,Technology,Semiconductors
SYNX,Silynxcom Ltd. Ordinary Shares,$2.8064,0.0224,0.805%,14733600.00,,2024,6950,Consumer Staples,Consumer Electronics/Appliances
SYPR,Sypris Solutions Inc. Common Stock,$1.41,-0.06,-4.082%,32393147.00,United States,,13224,Industrials,Industrial Machinery/Components
SYRA,Syra Health Corp. Class A Common Stock,$0.408,0.004,0.99%,2697868.00,United States,2023,58518,Consumer Discretionary,Diversified Commercial Services
SYRE,Spyre Therapeutics Inc. Common Stock,$34.40,-0.41,-1.178%,1747257666.00,United States,2016,230308,Health Care,Biotechnology: Pharmaceutical Preparations
SYRS,Syros Pharmaceuticals Inc. Common Stock,$2.11,0.11,5.50%,56568602.00,United States,2016,198166,Health Care,Biotechnology: Pharmaceutical Preparations
SYT,SYLA Technologies Co. Ltd. American Depositary Shares,$1.56,-0.03,-1.887%,40698996.00,Japan,2023,8217,Finance,Real Estate
SYTA,Siyata Mobile Inc. Common Shares,$1.30,0.05,4.00%,1147185.00,Canada,2020,478309,Telecommunications,Telecommunications Equipment
SYTAW,Siyata Mobile Inc. Warrant,$0.05,-0.0093,-15.683%,44123.00,Canada,2020,11842,Telecommunications,Telecommunications Equipment
SYY,Sysco Corporation Common Stock,$75.10,1.18,1.596%,36913195858.00,United States,,3444543,Consumer Discretionary,Food Distributors
T,AT&T Inc.,$22.11,0.28,1.283%,158534092120.00,United States,,27914943,Telecommunications,Telecommunications Equipment
T^A,AT&T Inc. Depositary Shares each representing a 1/1000th interest in a share of 5.000% Perpetual Preferred Stock Series A,$22.26,-0.01,-0.045%,,United States,,62798,,
T^C,AT&T Inc. Depositary Shares each representing a 1/1000th interest in a share of 4.750% Perpetual Preferred Stock Series C,$20.88,-0.02,-0.096%,,United States,,81361,,
TAC,TransAlta Corporation Ordinary Shares,$10.21,0.05,0.492%,3047685000.00,Canada,,437372,Utilities,Electric Utilities: Central
TACT,TransAct Technologies Incorporated Common Stock,$4.10,-0.05,-1.205%,40993059.00,United States,1996,20590,Technology,Computer peripheral equipment
TAIT,Taitron Components Incorporated Class A Common Stock,$2.84,0.04,1.429%,17100151.00,United States,1995,8405,Technology,Electronic Components
TAK,Takeda Pharmaceutical Company Limited American Depositary Shares (each representing 1/2 of a share of Common Stock),$13.60,0.03,0.221%,42677166221.00,Japan,2018,1889392,Health Care,Biotechnology: Pharmaceutical Preparations
TAL,TAL Education Group American Depositary Shares,$11.00,0.02,0.182%,6661137978.00,China,,10683052,Real Estate,Other Consumer Services
TALK,Talkspace Inc. Common Stock,$2.69,-0.09,-3.237%,452490926.00,United States,2020,2596387,Health Care,Medical/Nursing Services
TALKW,Talkspace Inc. Warrant,$0.17,-0.0099,-5.503%,28596081.00,United States,2020,49515,Health Care,Medical/Nursing Services
TALO,Talos Energy Inc. Common Stock,$10.09,-0.39,-3.721%,1817752407.00,United States,2018,1756914,Energy,Oil & Gas Production
TANH,Tantech Holdings Ltd. Common Shares,$0.1684,-0.0056,-3.218%,1404456.00,China,2015,2977567,Industrials,Major Chemicals
TAOP,Taoping Inc. Ordinary Shares ,$0.4608,-0.0092,-1.957%,2082816.00,Hong Kong,,312736,Technology,Computer Software: Prepackaged Software
TAP,Molson Coors Beverage Company Class B Common Stock,$56.01,0.24,0.43%,10930560641.00,Canada,,891497,Consumer Staples,Beverages (Production/Distribution)
TARA,Protara Therapeutics Inc.  Common Stock,$2.40,0.14,6.195%,49511453.00,United States,2014,351862,Health Care,Biotechnology: Biological Products (No Diagnostic Substances)
TARS,Tarsus Pharmaceuticals Inc. Common Stock,$39.67,0.26,0.66%,1509115707.00,United States,2020,704944,Health Care,Biotechnology: Biological Products (No Diagnostic Substances)
TASK,TaskUs Inc. Class A Common Stock,$12.01,0.06,0.502%,224380488.00,United States,2021,79586,Technology,EDP Services
TATT,TAT Technologies Ltd. Ordinary Shares,$18.57,0.15,0.814%,187605505.00,Israel,,7070,Industrials,Aerospace
TAYD,Taylor Devices Inc. Common Stock,$47.54,0.99,2.127%,148727131.00,United States,,11865,Industrials,Industrial Machinery/Components
TBB,AT&T Inc. 5.350% Global Notes due 2066,$24.19,0.10,0.415%,173448199385.00,United States,2017,90162,Telecommunications,Telecommunications Equipment
TBBB,BBB Foods Inc. Class A Common Shares,$34.22,-0.03,-0.088%,3839509733.00,,2024,477814,Consumer Staples,Food Chains
TBBK,The Bancorp Inc Common Stock,$50.195,3.185,6.775%,2457498159.00,United States,2004,1052080,Finance,Major Banks
TBC,AT&T Inc. 5.625% Global Notes due 2067,$24.97,0.01,0.04%,179040989609.00,United States,2018,73097,Telecommunications,Telecommunications Equipment
TBI,TrueBlue Inc. Common Stock,$7.46,0.22,3.039%,222510293.00,United States,,142232,Consumer Discretionary,Professional Services
TBLA,Taboola.com Ltd. Ordinary Shares,$3.57,-0.09,-2.459%,1198365201.00,Israel,,629165,Technology,Computer Software: Programming Data Processing
TBLAW,Taboola.com Ltd. Warrant,$0.12,-0.0101,-7.763%,40281183.00,Israel,,3113,Technology,Computer Software: Programming Data Processing
TBLD,Thornburg Income Builder Opportunities Trust Common Stock,$17.28,0.145,0.846%,554374938.00,United States,2021,35884,Finance,Investment Managers
TBMC,Trailblazer Merger Corporation I Class A Common Stock,$11.05,0.00,0.00%,0.00,United States,2023,2,Finance,Blank Checks
TBMCR,Trailblazer Merger Corporation I Rights,$0.2099,-0.0001,-0.048%,0.00,United States,2023,25,Finance,Blank Checks
TBN,Tamboran Resources Corporation Common stock,$18.36,-0.18,-0.971%,261157671.00,,2024,21426,Energy,Oil & Gas Production
TBNK,Territorial Bancorp Inc. Common Stock,$10.14,-0.30,-2.874%,89558609.00,United States,2009,39684,Finance,Savings Institutions
TBPH,Theravance Biopharma Inc. Ordinary Shares,$8.77,0.22,2.573%,429046668.00,Cayman Islands,,150421,Health Care,Biotechnology: Pharmaceutical Preparations
TBRG,TruBridge Inc. Common Stock,$13.20,0.33,2.564%,197476105.00,United States,2002,72813,Technology,EDP Services
TC,TuanChe Limited American Depositary Shares,$1.48,0.05,3.497%,2532681.00,China,2018,275282,Consumer Discretionary,Business Services
TCBI,Texas Capital Bancshares Inc. Common Stock,$78.18,1.42,1.85%,3612830315.00,United States,2003,376280,Finance,Major Banks
TCBIO,Texas Capital Bancshares Inc. Depositary Shares 5.75% Fixed Rate Non-Cumulative Perpetual Preferred Stock Series B,$21.69,-0.03,-0.138%,1002331665.00,United States,,9490,Finance,Major Banks
TCBK,TriCo Bancshares Common Stock,$43.90,1.68,3.979%,1448393051.00,United States,,66874,Finance,Major Banks
TCBP,TC BioPharm (Holdings) plc American Depositary Shares,$1.70,0.10,6.25%,989434.00,United Kingdom,2022,4346820,Health Care,Biotechnology: Biological Products (No Diagnostic Substances)
TCBPW,TC BioPharm (Holdings) plc Warrants,$0.0191,0.0049,34.507%,11117.00,United Kingdom,2022,27712,Health Care,Biotechnology: Biological Products (No Diagnostic Substances)
TCBS,Texas Community Bancshares Inc. Common Stock,$14.85,0.00,0.00%,46861774.00,United States,2021,915,Finance,Banks
TCBX,Third Coast Bancshares Inc. Common Stock,$32.80,1.71,5.50%,448215805.00,United States,2021,104421,Finance,Banks
TCI,Transcontinental Realty Investors Inc. Common Stock,$27.69,0.19,0.691%,239222660.00,United States,,3041,Real Estate,Real Estate Investment Trusts
TCMD,Tactile Systems Technology Inc. Common Stock,$14.44,0.24,1.69%,346079841.00,United States,2016,81537,Health Care,Medical/Dental Instruments
TCOM,Trip.com Group Limited American Depositary Shares,$65.07,3.22,5.206%,42080232433.00,China,2003,3775021,Consumer Discretionary,Business Services
TCPC,BlackRock TCP Capital Corp. Common Stock,$8.31,-0.08,-0.954%,711262324.00,United States,2012,360325,Finance,Finance/Investors Services
TCRT,Alaunos Therapeutics Inc. Common Stock,$2.0589,-0.1111,-5.12%,3296818.00,United States,,24580,Health Care,Biotechnology: Pharmaceutical Preparations
TCRX,TScan Therapeutics Inc. Common Stock,$4.89,0.03,0.617%,259042224.00,United States,2021,111201,Health Care,Biotechnology: Biological Products (No Diagnostic Substances)
TCS,Container Store (The) Common Stock,$9.58,0.01,0.104%,32942966.00,United States,2013,114712,Consumer Discretionary,Home Furnishings
TCTM,TCTM Kids IT Education Inc. American Depositary Shares,$0.99,-0.01,-1.00%,10684515.00,China,2014,3122,Real Estate,Other Consumer Services
TCX,Tucows Inc. Class A Common Stock,$19.62,0.39,2.028%,215384711.00,Canada,,19289,Technology,EDP Services
TD,Toronto Dominion Bank (The) Common Stock,$56.28,-0.06,-0.106%,98394324000.00,Canada,,2710339,Finance,Commercial Banks
TDC,Teradata Corporation Common Stock,$32.13,0.15,0.469%,3087693000.00,United States,,380970,Technology,Computer Software: Prepackaged Software
TDF,Templeton Dragon Fund Inc. Common Stock,$9.035,0.015,0.166%,0.00,United States,,46865,Finance,Finance/Investors Services
TDG,Transdigm Group Incorporated Common Stock,$1339.08,-15.75,-1.163%,75137644138.00,United States,2006,169978,Industrials,Military/Government/Technical
TDOC,Teladoc Health Inc. Common Stock,$9.18,0.61,7.118%,1571781451.00,United States,2015,4844631,Health Care,Medical/Nursing Services
TDS,Telephone and Data Systems Inc. Common Shares,$28.98,0.00,0.00%,3274740000.00,United States,,1203789,Telecommunications,Telecommunications Equipment
TDS^U,Telephone and Data Systems Inc. Depositary Shares Each Representing a 1/1000th Interest in a 6.625% Series UU Cumulative Redeemable Perpetual Preferred Stock,$21.64,0.26,1.216%,,United States,,18649,,
TDS^V,Telephone and Data Systems Inc. Depositary Shares Each Representing a 1/1000th Interest in a 6.000% Series VV Cumulative Redeemable Perpetual Preferred Stock,$19.75,0.43,2.226%,,United States,,27346,,
TDTH,Trident Digital Tech Holdings Ltd American Depository Shares,$2.84,0.01,0.353%,183309322.00,Singapore,2024,142851,Consumer Discretionary,Business Services
TDUP,ThredUp Inc. Class A Common Stock,$0.7134,0.0551,8.37%,80210963.00,United States,2021,410239,Consumer Discretionary,Catalog/Specialty Distribution
TDW,Tidewater Inc. Common Stock,$61.15,0.13,0.213%,3209855286.00,United States,2017,728486,Consumer Discretionary,Marine Transportation
TDY,Teledyne Technologies Incorporated Common Stock,$466.72,-2.47,-0.526%,21835127891.00,United States,,234896,Industrials,Industrial Machinery/Components
TEAF,Tortoise Sustainable and Social Impact Term Fund Common shares of beneficial interest,$12.985,0.02,0.154%,175182284.00,,2019,29856,Finance,Trusts Except Educational Religious and Charitable
TEAM,Atlassian Corporation Class A Common Stock,$188.66,-0.07,-0.037%,49056884367.00,Australia,2015,1429624,Technology,Computer Software: Prepackaged Software
TECH,Bio-Techne Corp Common Stock,$70.38,1.70,2.475%,11162296715.00,United States,,1066938,Health Care,Biotechnology: Biological Products (No Diagnostic Substances)
TECK,Teck Resources Ltd Ordinary Shares,$47.74,0.39,0.824%,24719772000.00,Canada,,2087096,Industrials,Mining & Quarrying of Nonmetallic Minerals (No Fuels)
TECTP,Tectonic Financial Inc. 9.00% Fixed-to-Floating Rate Series B Non-Cumulative Perpetual Preferred Stock,$10.46,-0.02,-0.191%,73955652.00,United States,2019,961,Finance,Major Banks
TECX,Tectonic Therapeutic Inc. Common Stock,$39.46,0.72,1.859%,581422541.00,United States,2018,110311,Health Care,Biotechnology: Biological Products (No Diagnostic Substances)
TEF,Telefonica SA Common Stock,$4.65,0.03,0.649%,26739630374.00,Spain,1988,358147,Telecommunications,Telecommunications Equipment
TEI,Templeton Emerging Markets Income Fund Inc. Common Stock,$5.47,-0.10,-1.795%,0.00,United States,1993,119332,Finance,Finance Companies
TEL,TE Connectivity plc Ordinary Shares,$150.87,1.74,1.167%,45852208536.00,Ireland,,1235704,Technology,Electronic Components
TELA,TELA Bio Inc. Common Stock,$2.85,-0.01,-0.35%,70434324.00,United States,2019,460919,Health Care,Medical/Dental Instruments
TELO,Telomir Pharmaceuticals Inc. Common Stock,$4.91,0.47,10.586%,145384187.00,United States,2024,76082,Health Care,Biotechnology: Pharmaceutical Preparations
TELZ,Tellurian Inc. 8.25% Senior Notes due 2028,$25.71,-0.01,-0.039%,22978557671.00,United States,,7249,Energy,Oil & Gas Production
TEM,Tempus AI Inc. Class A Common Stock,$43.34,-0.17,-0.391%,6688172978.00,United States,2024,846210,Technology,Computer Software: Programming Data Processing
TEN,Tsakos Energy Navigation Ltd Common Shares,$22.68,-0.12,-0.526%,669187076.00,Greece,,204483,Consumer Discretionary,Marine Transportation
TEN^E,Tsakos Energy Navigation Ltd Series E Fixed-to-Floating Rate Cumulative Redeemable Perpetual Preferred Shares par value $1.00,$26.69,0.146,0.55%,,Greece,,6840,,
TEN^F,Tsakos Energy Navigation Ltd Series F Fixed-to-Floating Rate Cumulative Redeemable Perpetual Preferred Shares par value $1.00,$26.682,-0.118,-0.44%,,Greece,,18588,,
TENB,Tenable Holdings Inc. Common Stock,$40.65,-0.98,-2.354%,4841839020.00,United States,2018,1048410,Technology,Computer Software: Prepackaged Software
TENX,Tenax Therapeutics Inc. Common Stock,$4.87,0.12,2.526%,16601372.00,United States,,94870,Health Care,Biotechnology: Pharmaceutical Preparations
TEO,Telecom Argentina SA,$8.77,0.12,1.387%,3777568770.00,Argentina,,240011,Telecommunications,Telecommunications Equipment
TER,Teradyne Inc. Common Stock,$111.33,-0.42,-0.376%,18166394211.00,United States,,2672065,Industrials,Electrical Products
TERN,Terns Pharmaceuticals Inc. Common Stock,$6.51,-0.16,-2.399%,458121141.00,United States,2021,1904054,Health Care,Biotechnology: Pharmaceutical Preparations
TETE,Technology & Telecommunication Acquisition Corporation Class A Ordinary Shares,$12.19,0.01,0.082%,0.00,Malaysia,2022,484,Finance,Blank Checks
TETEU,Technology & Telecommunication Acquisition Corporation Unit,$12.45,0.00,0.00%,0.00,Malaysia,2022,3800,Finance,Blank Checks
TETEW,Technology & Telecommunication Acquisition Corporation Warrant,$0.02,-0.0029,-12.664%,0.00,Malaysia,2022,8358,Finance,Blank Checks
TEVA,Teva Pharmaceutical Industries Limited American Depositary Shares,$18.37,0.47,2.626%,20811535832.00,Israel,,3977448,Health Care,Biotechnology: Pharmaceutical Preparations
TEX,Terex Corporation Common Stock,$55.46,1.69,3.143%,3710274000.00,United States,,858484,Industrials,Construction/Ag Equipment/Trucks
TFC,Truist Financial Corporation Common Stock,$43.29,0.66,1.548%,57971519474.00,United States,,4980374,Finance,Major Banks
TFC^I,Truist Financial Corporation Depositary Shares,$23.64,-0.0714,-0.301%,,United States,,10104,,
TFC^O,Truist Financial Corporation Depositary Shares Each Representing a 1/1000th Interest in a Share of Series O Non-Cumulative Perpetual Preferred Stock,$23.58,-0.02,-0.085%,,United States,,31452,,
TFC^R,Truist Financial Corporation Depositary Shares each representing 1/1000th interest in a share of Series R Non-Cumulative Perpetual Preferred Stock,$21.34,-0.03,-0.14%,,United States,,38505,,
TFFP,TFF Pharmaceuticals Inc. Common Stock,$2.45,0.08,3.376%,8491800.00,United States,2019,117222,Health Care,Biotechnology: Pharmaceutical Preparations
TFII,TFI International Inc. Common Shares,$136.15,2.33,1.741%,11518900360.00,Canada,,114680,Industrials,Trucking Freight/Courier Services
TFIN,Triumph Financial Inc. Common Stock,$91.71,3.37,3.815%,2144864232.00,United States,2014,141866,Finance,Major Banks
TFINP,Triumph Financial Inc. Depositary Shares Each Representing a 1/40th Interest in a Share of 7.125% Series C Fixed-Rate Non-Cumulative Perpetual Preferred Stock,$23.38,-0.8588,-3.543%,546798885.00,United States,,4362,Finance,Major Banks
TFPM,Triple Flag Precious Metals Corp. Common Shares,$17.74,-0.48,-2.634%,3574285482.00,Canada,2022,498597,Industrials,Precious Metals
TFSA,Terra Income Fund 6 LLC 7.00% Notes due 2026,$23.97,0.00,0.00%,202280169.00,,2021,55,,
TFSL,TFS Financial Corporation Common Stock,$13.05,0.30,2.353%,3663276645.00,United States,2007,271784,Finance,Savings Institutions
TFX,Teleflex Incorporated Common Stock,$236.63,3.00,1.284%,11149411422.00,United States,,245790,Health Care,Medical/Dental Instruments
TG,Tredegar Corporation Common Stock,$7.88,0.21,2.738%,271943181.00,United States,,119232,Industrials,Metal Fabrications
TGAA,Target Global Acquisition I Corp. Class A Ordinary Share,$11.26,0.00,0.00%,0.00,Cayman Islands,2022,305,Finance,Blank Checks
TGAAW,Target Global Acquisition I Corp. Warrant,$0.08,0.00,0.00%,0.00,Cayman Islands,2022,4804,Finance,Blank Checks
TGB,Taseko Mines Ltd. Common Stock,$2.31,0.00,0.00%,677641729.00,Canada,,2438676,Basic Materials,Precious Metals
TGI,Triumph Group Inc. Common Stock,$14.90,0.31,2.125%,1152173388.00,United States,1996,479022,Industrials,Aerospace
TGL,Treasure Global Inc. Common Stock,$0.6695,-0.0305,-4.357%,13602619.00,United States,2022,607195,Consumer Discretionary,Business Services
TGLS,Tecnoglass Inc. Ordinary Shares,$69.92,0.18,0.258%,3286002831.00,Colombia,2022,169860,Consumer Discretionary,Electronic Components
TGNA,TEGNA Inc,$16.50,0.31,1.915%,2729630855.00,United States,,1061813,Industrials,Broadcasting
TGS,Transportadora de Gas del Sur SA TGS Common Stock,$22.16,-0.09,-0.404%,3336237018.00,Argentina,,189766,Utilities,Natural Gas Distribution
TGT,Target Corporation Common Stock,$149.30,-1.86,-1.23%,68778727634.00,United States,,2521550,Consumer Discretionary,Department/Specialty Retail Stores
TGTX,TG Therapeutics Inc. Common Stock,$24.35,0.99,4.238%,3769943386.00,United States,,1872167,Health Care,Biotechnology: Pharmaceutical Preparations
TH,Target Hospitality Corp. Common Stock,$7.59,0.09,1.20%,762273947.00,United States,2018,252598,Consumer Discretionary,Hotels/Resorts
THAR,Tharimmune Inc. Common Stock,$1.98,0.03,1.538%,2274545.00,United States,2022,41284,Health Care,Biotechnology: Pharmaceutical Preparations
THC,Tenet Healthcare Corporation Common Stock,$139.49,-0.28,-0.20%,13366210780.00,United States,,1781729,Health Care,Hospital/Nursing Management
THCH,TH International Limited Ordinary shares,$0.693,0.035,5.319%,114981091.00,China,,59490,Consumer Discretionary,Restaurants
THCP,Thunder Bridge Capital Partners IV Inc. Class A Common Stock,$10.60,0.00,0.00%,0.00,United States,2021,411,Industrials,Consumer Electronics/Appliances
THFF,First Financial Corporation Indiana Common Stock,$43.49,1.37,3.253%,513794905.00,United States,,120557,Finance,Major Banks
THG,Hanover Insurance Group Inc,$149.15,1.33,0.90%,5366971987.00,United States,,111539,Finance,Property-Casualty Insurers
THM,International Tower Hill Mines Ltd. Ordinary Shares (Canada),$0.5942,-0.0416,-6.543%,118657843.00,Canada,,135641,Basic Materials,Metal Mining
THO,Thor Industries Inc. Common Stock,$106.54,2.09,2.001%,5639313913.00,United States,,391233,Industrials,Homebuilding
THQ,abrdn Healthcare Opportunities Fund Shares of Beneficial Interest,$21.24,-0.20,-0.933%,0.00,United States,2014,92746,Finance,Finance Companies
THR,Thermon Group Holdings Inc. Common Stock,$27.54,0.64,2.379%,930917655.00,United States,2011,117835,Energy,Industrial Machinery/Components
THRD,Third Harmonic Bio Inc. Common Stock,$14.50,1.35,10.266%,595913924.00,United States,2022,185055,Health Care,Biotechnology: Pharmaceutical Preparations
THRM,Gentherm Inc Common Stock,$41.70,1.32,3.269%,1306612163.00,United States,,205604,Consumer Discretionary,Auto Parts:O.E.M.
THRY,Thryv Holdings Inc. Common Stock,$17.95,0.37,2.105%,651639532.00,United States,,97554,Consumer Discretionary,Advertising
THS,Treehouse Foods Inc. Common Stock,$37.50,0.13,0.348%,1946250000.00,United States,,778975,Consumer Staples,Packaged Foods
THTX,Theratechnologies Inc. Common Shares,$1.26,0.03,2.439%,57934824.00,Canada,,42746,Health Care,Biotechnology: Pharmaceutical Preparations
THW,abrdn World Healthcare Fund Shares of Beneficial Interest,$12.57,-0.04,-0.317%,0.00,United States,2015,86761,Finance,Finance Companies
TIGO,Millicom International Cellular S.A. Common Stock,$27.80,0.08,0.289%,4784277279.00,Luxembourg,,68714,Telecommunications,Telecommunications Equipment
TIGR,UP Fintech Holding Ltd American Depositary Share representing fifteen Class A Ordinary Shares,$6.71,0.52,8.401%,1121501455.00,China,2019,16358796,Finance,Investment Bankers/Brokers/Service
TIL,Instil Bio Inc. Common Stock,$35.29,4.23,13.619%,229523090.00,United States,2021,172664,Health Care,Biotechnology: Biological Products (No Diagnostic Substances)
TILE,Interface Inc. Common Stock,$18.09,0.01,0.055%,1054721187.00,United States,,350778,Consumer Discretionary,Home Furnishings
TIMB,TIM S.A. American Depositary Shares (Each representing 5 Common Shares) ,$15.16,0.36,2.432%,7339878941.00,Brazil,2020,1823605,Telecommunications,Telecommunications Equipment
TIPT,Tiptree Inc. Common Stock,$19.70,0.30,1.546%,724754549.00,United States,,50168,Finance,Property-Casualty Insurers
TIRX,TIAN RUIXIANG Holdings Ltd Class A Ordinary Shares,$2.08,0.05,2.463%,4959454.00,China,2021,27300,Finance,Specialty Insurers
TISI,Team Inc. Common Stock,$18.50,-0.90,-4.639%,81804706.00,United States,,37061,Consumer Discretionary,Other Consumer Services
TITN,Titan Machinery Inc. Common Stock,$14.49,0.39,2.766%,335121460.00,United States,2007,116727,Consumer Discretionary,Other Specialty Stores
TIVC,Tivic Health Systems Inc. Common Stock,$0.295,-0.015,-4.839%,1824160.00,United States,2021,185500,Health Care,Biotechnology: Electromedical & Electrotherapeutic Apparatus
TIXT,TELUS International (Cda) Inc. Subordinate Voting Shares,$3.76,0.08,2.174%,1032008418.00,,2021,202518,Technology,EDP Services
TJX,TJX Companies Inc. (The) Common Stock,$114.17,0.35,0.308%,128769242714.00,United States,,2798910,Consumer Discretionary,Clothing/Shoe/Accessory Stores
TK,Teekay Corporation Ltd. Common Stock,$7.63,-0.14,-1.802%,694377169.00,Bermuda,,519369,Consumer Discretionary,Marine Transportation
TKC,Turkcell Iletisim Hizmetleri AS Common Stock,$6.35,0.09,1.438%,5588000000.00,Turkey,,223973,Telecommunications,Telecommunications Equipment
TKLF,Yoshitsu Co. Ltd American Depositary Shares,$0.513,0.0055,1.084%,21658966.00,Japan,2022,1329432,Consumer Discretionary,Other Specialty Stores
TKNO,Alpha Teknova Inc. Common Stock,$6.73,-0.06,-0.884%,358729143.00,United States,2021,217320,Health Care,Biotechnology: In Vitro & In Vivo Diagnostic Substances
TKO,TKO Group Holdings Inc. Class A Common Stock,$116.25,1.00,0.868%,19836942664.00,United States,2023,993092,Consumer Discretionary,Services-Misc. Amusement & Recreation
TKR,Timken Company (The) Common Stock,$85.91,1.30,1.536%,6025273452.00,United States,,251190,Industrials,Metal Fabrications
TLF,Tandy Leather Factory Inc. Common Stock,$4.33,-0.10,-2.257%,36469624.00,United States,,8343,Consumer Discretionary,Apparel
TLGY,TLGY Acquisition Corporation Class A Ordinary Share,$11.58,0.00,0.00%,0.00,United States,2022,55433,Finance,Blank Checks
TLGYW,TLGY Acquisition Corporation Warrant,$0.038,-0.0007,-1.809%,0.00,United States,2022,100,Finance,Blank Checks
TLK,PT Telekomunikasi Indonesia Tbk,$18.43,-0.05,-0.271%,18257166519.00,Indonesia,,221244,Telecommunications,Telecommunications Equipment
TLN,Talen Energy Corporation Common Stock,$186.41,5.16,2.847%,9507180295.00,United States,,638303,Utilities,Electric Utilities: Central
TLPH,Talphera Inc. Common Stock,$1.00,0.0268,2.754%,16992977.00,United States,2011,56905,Health Care,Biotechnology: Pharmaceutical Preparations
TLRY,Tilray Brands Inc. Common Stock ,$1.73,0.04,2.367%,1458323840.00,United States,2018,25890348,Health Care, Medicinal Chemicals and Botanical Products 
TLS,Telos Corporation Common Stock,$3.57,0.01,0.281%,257956630.00,United States,2020,137792,Technology,EDP Services
TLSA,Tiziana Life Sciences Ltd. Common Shares,$0.99,-0.0003,-0.03%,102056867.00,United Kingdom,2018,91771,Health Care,Biotechnology: Pharmaceutical Preparations
TLSI,TriSalus Life Sciences Inc. Common Stock,$3.99,-0.08,-1.966%,116952877.00,United States,2021,32163,Health Care,Medical Specialities
TLSIW,TriSalus Life Sciences Inc. Warrant,$1.20,-0.11,-8.397%,35173798.00,United States,2021,1104,Health Care,Medical Specialities
TLYS,Tilly's Inc. Common Stock,$4.13,0.09,2.228%,124527376.00,United States,2012,37239,Consumer Discretionary,Clothing/Shoe/Accessory Stores
TM,Toyota Motor Corporation Common Stock,$176.63,4.63,2.692%,237994300566.00,Japan,,456993,Consumer Discretionary,Auto Manufacturing
TMC,TMC the metals company Inc. Common Stock,$0.9893,-0.004,-0.403%,320526291.00,Canada,,330363,Basic Materials,Metal Mining
TMCI,Treace Medical Concepts Inc. Common Stock,$4.84,0.15,3.198%,301001323.00,United States,2021,483816,Health Care,Medical/Dental Instruments
TMCWW,TMC the metals company Inc. Warrants,$0.0722,0.0014,1.977%,23392296.00,Canada,,56415,Basic Materials,Metal Mining
TMDX,TransMedics Group Inc. Common Stock,$126.24,1.07,0.855%,4211285985.00,United States,2019,4390506,Health Care,Biotechnology: Electromedical & Electrotherapeutic Apparatus
TME,Tencent Music Entertainment Group American Depositary Shares each representing two Class A Ordinary Shares,$11.84,0.35,3.046%,20318353231.00,United States,2018,5225848,Consumer Discretionary,Broadcasting
TMHC,Taylor Morrison Home Corporation Common Stock,$69.89,1.37,1.999%,7232070012.00,United States,2013,817879,Consumer Discretionary,Homebuilding
TMO,Thermo Fisher Scientific Inc Common Stock,$552.54,-1.84,-0.332%,211067830038.00,United States,,1116733,Industrials,Industrial Machinery/Components
TMP,Tompkins Financial Corporation Common Stock,$66.75,6.00,9.877%,960949487.00,United States,1997,70965,Finance,Major Banks
TMQ,Trilogy Metals Inc. Common Stock,$0.6798,0.0296,4.552%,109381733.00,Canada,,267733,Basic Materials,Precious Metals
TMTC,TMT Acquisition Corp Ordinary Shares,$9.68,-1.82,-15.826%,0.00,United States,2023,69325,Finance,Blank Checks
TMTCR,TMT Acquisition Corp Rights,$0.3999,0.0189,4.961%,10997250.00,United States,2023,34074,Finance,Blank Checks
TMTCU,TMT Acquisition Corp Unit,$10.00,-2.40,-19.355%,275000000.00,United States,2023,1702,Finance,Blank Checks
TMUS,T-Mobile US Inc. Common Stock,$227.81,1.45,0.641%,264370463281.00,United States,,2732364,Telecommunications,Telecommunications Equipment
TNC,Tennant Company Common Stock,$90.57,0.02,0.022%,1712179388.00,United States,,52684,Industrials,Industrial Machinery/Components
TNDM,Tandem Diabetes Care Inc. Common Stock,$32.75,1.40,4.466%,2143975475.00,United States,2013,1554366,Health Care,Medical/Dental Instruments
TNET,TriNet Group Inc. Common Stock,$82.65,2.34,2.914%,4105454771.00,United States,2014,1016899,Consumer Discretionary,Business Services
TNFA,TNF Pharmaceuticals Inc. Common Stock,$1.76,0.0849,5.068%,4171944.00,United States,2014,19507,Health Care,Biotechnology: In Vitro & In Vivo Diagnostic Substances
TNGX,Tango Therapeutics Inc.,$5.92,-0.01,-0.169%,634295233.00,United States,2020,1567930,Health Care,Biotechnology: Pharmaceutical Preparations
TNK,Teekay Tankers Ltd.,$49.45,-0.57,-1.14%,1685904191.00,Bermuda,2007,343748,Consumer Discretionary,Marine Transportation
TNL,Travel   Leisure Co. Common  Stock,$48.51,1.00,2.105%,3318332371.00,United States,,405803,Consumer Discretionary,Hotels/Resorts
TNON,Tenon Medical Inc. Common Stock,$3.62,0.00,0.00%,1788175.00,United States,2022,191578,Health Care,Medical/Dental Instruments
TNONW,Tenon Medical Inc. Warrant,$0.0245,0.0039,18.932%,12102.00,United States,,19310,Health Care,Medical/Dental Instruments
TNXP,Tonix Pharmaceuticals Holding Corp. Common Stock,$0.179,0.0135,8.157%,3938744.00,United States,,16045374,Health Care,Biotechnology: Pharmaceutical Preparations
TNYA,Tenaya Therapeutics Inc. Common Stock,$2.08,0.17,8.901%,164089343.00,United States,2021,815859,Health Care,Biotechnology: Biological Products (No Diagnostic Substances)
TOI,The Oncology Institute Inc. Common Stock,$0.3252,-0.0001,-0.031%,24549507.00,United States,2020,60465,Health Care,Medical/Nursing Services
TOIIW,The Oncology Institute Inc. Warrant,$0.0192,-0.0045,-18.987%,1449417.00,United States,2020,4860,Health Care,Medical/Nursing Services
TOL,Toll Brothers Inc. Common Stock,$150.68,1.66,1.114%,15214460960.00,United States,,646015,Consumer Discretionary,Homebuilding
TOMZ,TOMI Environmental Solutions Inc. Common Stock,$0.924,0.074,8.706%,18494049.00,United States,,48558,Industrials,Major Chemicals
TOON,Kartoon Studios Inc. Common Stock,$0.7644,-0.0008,-0.105%,30178651.00,United States,,111716,Consumer Discretionary,Movies/Entertainment
TOP,TOP Financial Group Limited Class A Ordinary Shares,$1.83,0.05,2.809%,67759668.00,Hong Kong,2022,180943,Finance,Investment Bankers/Brokers/Service
TOPS,TOP Ships Inc. Common Stock,$8.54,-0.194,-2.221%,39507722.00,Greece,,2563,Consumer Discretionary,Marine Transportation
TORO,Toro Corp. Common Stock,$3.25,0.05,1.563%,61679829.00,Cyprus,,28124,Consumer Discretionary,Marine Transportation
TOST,Toast Inc. Class A Common Stock,$30.12,0.63,2.136%,16927440000.00,United States,2021,10908821,Technology,EDP Services
TOUR,Tuniu Corporation American Depositary Shares,$1.15,-0.01,-0.862%,142423125.00,China,2014,253677,Consumer Discretionary,Transportation Services
TOVX,Theriva Biologics Inc. Common Stock,$1.52,-0.01,-0.654%,1527978.00,United States,,77626,Health Care,Biotechnology: Pharmaceutical Preparations
TOWN,TowneBank Common Stock,$33.10,0.57,1.752%,2469833623.00,United States,,227118,Finance,Major Banks
TOYO,TOYO Co. Ltd Ordinary Shares,$2.45,-0.05,-2.00%,112934570.00,Japan,,73626,Consumer Discretionary,Miscellaneous manufacturing industries
TPB,Turning Point Brands Inc. Common Stock,$46.73,1.08,2.366%,827778491.00,United States,2016,118494,Consumer Discretionary,Tobacco
TPC,Tutor Perini Corporation Common Stock,$26.29,0.32,1.232%,1377318115.00,United States,1970,229143,Consumer Discretionary,General Bldg Contractors - Nonresidential Bldgs
TPCS,TechPrecision Corporation Common stock,$3.8344,0.0544,1.439%,36883983.00,United States,,6142,Industrials,Metal Fabrications
TPET,Trio Petroleum Corp. Common Stock,$0.1395,-0.0011,-0.782%,7020802.00,,2023,4728496,Energy,Oil & Gas Production
TPG,TPG Inc. Class A Common Stock,$68.26,0.93,1.381%,24903007402.00,United States,2022,1202161,Finance,Investment Managers
TPGXL,TPG Operating Group II L.P. 6.950% Fixed-Rate Junior Subordinated Notes due 2064,$26.11,-0.02,-0.077%,9525600985.00,United States,,22779,,
TPH,Tri Pointe Homes Inc. Common Stock,$41.43,1.15,2.855%,3877410541.00,United States,2013,1177545,Consumer Discretionary,Homebuilding
TPIC,TPI Composites Inc. Common Stock,$3.53,0.07,2.023%,167864819.00,United States,2016,398575,Industrials,Industrial Machinery/Components
TPL,Texas Pacific Land Corporation Common Stock,$1090.31,-7.70,-0.701%,25055999792.00,United States,,46341,Energy,Oil & Gas Production
TPR,Tapestry Inc. Common Stock,$50.47,-0.02,-0.04%,11619239789.00,United States,,5441759,Consumer Discretionary,Apparel
TPST,Tempest Therapeutics Inc. Common Stock,$1.10,0.01,0.917%,27728571.00,United States,,3501692,Health Care,Biotechnology: Pharmaceutical Preparations
TPTA,Terra Property Trust Inc. 6.00% Notes due 2026,$17.88,0.00,0.00%,435145989.00,,2021,108,Real Estate,Real Estate Investment Trusts
TPVG,TriplePoint Venture Growth BDC Corp. Common Stock,$6.80,0.13,1.949%,271678292.00,United States,2014,172893,Consumer Discretionary,Other Consumer Services
TPX,Tempur Sealy International Inc. Common Stock,$49.43,1.77,3.714%,8583486283.00,United States,2003,2572705,Consumer Discretionary,Home Furnishings
TPZ,Tortoise Power and Energy Infrastructure Fund Inc Common Stock,$18.63,-0.08,-0.428%,0.00,United States,2009,3442,Finance,Investment Managers
TR,Tootsie Roll Industries Inc. Common Stock,$30.47,0.30,0.994%,2179278509.00,United States,,100718,Consumer Staples,Specialty Foods
TRAK,ReposiTrak Inc. Common Stock,$19.15,-0.10,-0.519%,349412604.00,United States,,30954,Technology,EDP Services
TRAW,Traws Pharma Inc. Common Stock,$4.94,-0.015,-0.303%,14945624.00,United States,2013,4909,Health Care,Biotechnology: Pharmaceutical Preparations
TRC,Tejon Ranch Co Common Stock,$16.19,0.25,1.568%,434129669.00,United States,2000,100711,Finance,Real Estate
TRDA,Entrada Therapeutics Inc. Common Stock,$17.37,0.38,2.237%,646156184.00,United States,2021,66142,Health Care,Biotechnology: Pharmaceutical Preparations
TREE,LendingTree Inc. Common Stock,$52.96,-0.41,-0.768%,706591473.00,United States,,117808,Finance,Finance: Consumer Services
TREX,Trex Company Inc. Common Stock,$66.51,2.19,3.405%,7230082417.00,United States,,2436916,Basic Materials,Forest Products
TRGP,Targa Resources Inc. Common Stock,$164.72,-1.24,-0.747%,36086810490.00,United States,2010,1990135,Utilities,Natural Gas Distribution
TRI,Thomson Reuters Corp Common Shares,$166.40,1.62,0.983%,74832178470.00,United States,,211062,Consumer Discretionary,Publishing
TRIB,Trinity Biotech plc American Depositary Shares,$2.20,0.27,13.99%,20824131.00,Ireland,1992,363330,Health Care,Biotechnology: In Vitro & In Vivo Diagnostic Substances
TRIN,Trinity Capital Inc. Common Stock,$13.88,0.22,1.611%,740784053.00,United States,2021,302732,Finance,Finance: Consumer Services
TRINI,Trinity Capital Inc. 7.875% Notes Due 2029,$25.1201,0.0001,0.00%,1340675035.00,United States,,53261,Finance,Finance: Consumer Services
TRINL,Trinity Capital Inc. 7.00% Notes Due 2025,$25.23,0.02,0.079%,1346540465.00,United States,,562,Finance,Finance: Consumer Services
TRINZ,Trinity Capital Inc. 7.875% Notes due 2029,$25.17,-0.12,-0.474%,1343338229.00,United States,,12762,Finance,Finance: Consumer Services
TRIP,TripAdvisor Inc. Common Stock,$15.67,0.40,2.62%,2172454216.00,United States,,2268266,Technology,Computer Software: Programming Data Processing
TRMB,Trimble Inc. Common Stock,$61.35,0.45,0.739%,15072908554.00,United States,1990,748654,Industrials,Industrial Machinery/Components
TRMD,TORM plc Class A Common Stock,$26.81,-0.48,-1.759%,2237294500.00,United Kingdom,,1264900,Consumer Discretionary,Marine Transportation
TRMK,Trustmark Corporation Common Stock,$34.93,0.85,2.494%,2137946748.00,United States,,246282,Finance,Major Banks
TRML,Tourmaline Bio Inc. Common Stock,$27.45,0.86,3.234%,703855414.00,United States,2021,94183,Health Care,Biotechnology: Biological Products (No Diagnostic Substances)
TRN,Trinity Industries Inc. Common Stock,$36.15,0.71,2.003%,2980452398.00,United States,,450668,Industrials,Railroads
TRNO,Terreno Realty Corporation Common Stock,$61.90,0.43,0.70%,5998099229.00,United States,2010,534851,Finance,Real Estate
TRNR,Interactive Strength Inc. Common Stock,$0.132,0.0034,2.644%,529611.00,United States,2023,6105747,Technology,Consumer Electronics/Appliances
TRNS,Transcat Inc. Common Stock,$119.51,-0.25,-0.209%,1092936159.00,United States,,92401,Industrials,Electrical Products
TROO,TROOPS Inc. Ordinary Shares ,$2.31,0.04,1.762%,234691375.00,China,,1531,Technology,Radio And Television Broadcasting And Communications Equipment
TROW,T. Rowe Price Group Inc. Common Stock,$112.40,1.07,0.961%,25019994518.00,United States,1986,970635,Finance,Investment Bankers/Brokers/Service
TROX,Tronox Holdings plc Ordinary Shares (UK),$12.36,-0.05,-0.403%,1951885242.00,United States,,1315261,Industrials,Major Chemicals
TRP,TC Energy Corporation Common Stock,$46.79,-0.47,-0.994%,48521230000.00,Canada,,1280350,Utilities,Natural Gas Distribution
TRS,TriMas Corporation Common Stock,$27.36,0.13,0.477%,1112109143.00,United States,2007,186389,Industrials,Industrial Specialties
TRSG,Tungray Technologies Inc Class A Ordinary Shares,$2.30,-0.20,-8.00%,34500000.00,Singapore,2024,10999,Industrials,Industrial Machinery/Components
TRST,TrustCo Bank Corp NY Common Stock,$33.46,0.97,2.986%,636089088.00,United States,,57445,Finance,Major Banks
TRT,Trio-Tech International Common Stock,$6.29,-0.51,-7.50%,26734418.00,United States,1998,15989,Technology,Industrial Machinery/Components
TRTN^A,Triton International Limited 8.50% Series A Cumulative Redeemable Perpetual  Preference Shares,$25.81,0.0287,0.111%,,United States,,5698,,
TRTN^B,Triton International Limited 8.00% Series B Cumulative Redeemable Perpetual Preference Shares,$25.36,0.04,0.158%,,United States,,6674,,
TRTN^C,Triton International Limited 7.375% Series C Cumulative Redeemable Perpetual Preference Shares,$25.13,0.00,0.00%,,United States,,1591,,
TRTN^D,Triton International Limited 6.875% Series D Cumulative Redeemable Perpetual Preference Shares,$24.50,0.09,0.369%,,United States,,2757,,
TRTN^E,Triton International Limited 5.75% Series E Cumulative Redeemable Perpetual Preference Shares,$22.72,0.20,0.888%,,United States,,4311,,
TRTX,TPG RE Finance Trust Inc. Common Stock,$8.38,0.01,0.119%,678181040.00,United States,2017,460428,Real Estate,Real Estate Investment Trusts
TRTX^C,TPG RE Finance Trust Inc. 6.25% Series C Cumulative Redeemable Preferred Stock $0.001 par value per share,$19.20,-0.0998,-0.517%,,United States,,26828,,
TRU,TransUnion Common Stock,$103.68,0.09,0.087%,20207232000.00,United States,2015,1359417,Finance,Finance: Consumer Services
TRUE,TrueCar Inc. Common Stock,$3.77,0.03,0.802%,342653177.00,United States,2014,444592,Technology,Computer Software: Programming Data Processing
TRUG,TruGolf Holdings Inc. Class A Common Stock,$0.6977,-0.0023,-0.329%,9298209.00,United States,2021,199682,Consumer Discretionary,Recreational Games/Products/Toys
TRUP,Trupanion Inc. Common Stock,$54.48,0.87,1.623%,2297081263.00,United States,,845338,Health Care,Medical Specialities
TRV,The Travelers Companies Inc. Common Stock,$252.37,1.87,0.747%,57292775692.00,United States,,1115510,Finance,Property-Casualty Insurers
TRVG,trivago N.V. American Depositary Shares,$1.65,0.03,1.852%,114970734.00,Germany,2016,23108,Technology,EDP Services
TRVI,Trevi Therapeutics Inc. Common Stock,$3.18,0.06,1.923%,230842296.00,United States,2019,419857,Health Care,Biotechnology: Pharmaceutical Preparations
TRX,TRX Gold Corporation Common Stock,$0.4026,-0.0149,-3.569%,112556262.00,Canada,,643103,Basic Materials,Precious Metals
TS,Tenaris S.A. American Depositary Shares,$32.29,0.13,0.404%,18855563707.00,Luxembourg,,1851649,Industrials,Steel/Iron Ore
TSAT,Telesat Corporation Class A Common Shares and Class B Variable Voting Shares ,$13.13,0.17,1.312%,184426396.00,Canada,,25884,Industrials,Metal Fabrications
TSBK,Timberland Bancorp Inc. Common Stock,$29.50,0.45,1.549%,234997620.00,United States,,4455,Finance,Banks
TSBX,Turnstone Biologics Corp. Common Stock,$0.535,0.0228,4.451%,12373723.00,United States,2023,75043,Health Care,Biotechnology: Biological Products (No Diagnostic Substances)
TSCO,Tractor Supply Company Common Stock,$269.985,-2.785,-1.021%,29122977947.00,United States,1994,878856,Consumer Discretionary,RETAIL: Building Materials
TSE,Trinseo PLC Ordinary Shares ,$5.06,0.25,5.198%,178901461.00,United States,2014,237845,Industrials,Major Chemicals
TSEM,Tower Semiconductor Ltd. Ordinary Shares,$45.17,0.40,0.893%,4970958500.00,Israel,1994,287561,Technology,Semiconductors
TSHA,Taysha Gene Therapies Inc. Common Stock,$1.97,-0.02,-1.005%,403738313.00,United States,2020,1752350,Health Care,Biotechnology: Biological Products (No Diagnostic Substances)
TSI,TCW Strategic Income Fund Inc. Common Stock,$5.04,-0.04,-0.787%,0.00,United States,,81048,Finance,Investment Managers
TSLA,Tesla Inc. Common Stock,$262.51,-6.68,-2.482%,842672761084.00,United States,2010,107078249,Consumer Discretionary,Auto Manufacturing
TSLX,Sixth Street Specialty Lending Inc. Common Stock,$20.57,-0.10,-0.484%,1913363907.00,,2014,291514,Finance,Investment Managers
TSM,Taiwan Semiconductor Manufacturing Company Ltd.,$194.68,-8.76,-4.306%,1009691116067.00,Taiwan,1997,20089196,Technology,Semiconductors
TSN,Tyson Foods Inc. Common Stock,$59.20,0.53,0.903%,21065118122.00,United States,,1235012,Consumer Staples,Meat/Poultry/Fish
TSQ,Townsquare Media Inc. Class A Common Stock,$10.01,0.00,0.00%,154091918.00,United States,2014,36717,Consumer Discretionary,Broadcasting
TSVT,2seventy bio Inc. Common Stock ,$4.98,0.13,2.68%,256459681.00,United States,,151493,Health Care,Biotechnology: Pharmaceutical Preparations
TT,Trane Technologies plc,$392.76,0.19,0.048%,88634239928.00,Ireland,,830123,Industrials,Auto Parts:O.E.M.
TTC,Toro Company (The) Common Stock,$81.69,-0.01,-0.012%,8382598356.00,United States,,619760,Consumer Discretionary,Tools/Hardware
TTD,The Trade Desk Inc. Class A Common Stock,$118.98,-0.49,-0.41%,58487934973.00,United States,2016,3062171,Technology,Computer Software: Programming Data Processing
TTE,TotalEnergies SE,$64.70,-0.32,-0.492%,148911636648.00,France,,1326183,Energy,Oil & Gas Production
TTEC,TTEC Holdings Inc. Common Stock,$5.43,0.04,0.742%,259140896.00,United States,1996,352739,Consumer Discretionary,Professional Services
TTEK,Tetra Tech Inc. Common Stock,$48.50,0.58,1.21%,12981610153.00,United States,1991,1934283,Consumer Discretionary,Military/Government/Technical
TTGT,TechTarget Inc. Common Stock,$29.75,-0.28,-0.932%,850032976.00,United States,2007,97133,Telecommunications,Telecommunications Equipment
TTI,Tetra Technologies Inc. Common Stock,$3.17,0.11,3.595%,416692664.00,United States,,1336331,Energy,Oil & Gas Production
TTMI,TTM Technologies Inc. Common Stock,$19.78,0.18,0.918%,2016598217.00,United States,2000,705325,Technology,Electrical Products
TTNP,Titan Pharmaceuticals Inc. Common Stock,$3.8199,-0.0341,-0.885%,3492282.00,United States,,13940,Health Care,Biotechnology: Biological Products (No Diagnostic Substances)
TTOO,T2 Biosystems Inc. Common Stock,$1.05,-0.03,-2.778%,18353952.00,United States,2014,798388,Health Care,Medical/Dental Instruments
TTP,Tortoise Pipeline & Energy Fund Inc. Common Stock,$44.44,-0.3101,-0.693%,0.00,United States,2011,1753,Finance,Trusts Except Educational Religious and Charitable
TTSH,Tile Shop Holdings Inc. Common Stock,$6.50,0.13,2.041%,290226073.00,United States,,34620,Consumer Discretionary,Home Furnishings
TTWO,Take-Two Interactive Software Inc. Common Stock,$160.75,-1.04,-0.643%,28176705921.00,United States,1997,1395661,Technology,Computer Software: Prepackaged Software
TU,Telus Corporation Ordinary Shares,$16.14,0.32,2.023%,23822640000.00,Canada,,2731347,Telecommunications,Telecommunications Equipment
TURB,Turbo Energy S.A. American Depositary Shares,$1.62,-0.03,-1.818%,17847767.00,Spain,2023,25782,Miscellaneous,Industrial Machinery/Components
TURN,180 Degree Capital Corp. Common Stock,$3.23,-0.1299,-3.866%,32300455.00,United States,,39847,Finance,Finance/Investors Services
TUSK,Mammoth Energy Services Inc. Common Stock,$4.42,0.09,2.079%,212722971.00,United States,2016,42203,Energy,Oilfield Services/Equipment
TUYA,Tuya Inc. American Depositary Shares each representing one Class A Ordinary Share,$1.64,0.05,3.145%,942331862.00,China,2021,790762,Technology,Computer Software: Prepackaged Software
TV,Grupo Televisa S.A.B. Common Stock,$2.19,0.06,2.817%,1176752700.00,Mexico,1993,4911181,Industrials,Broadcasting
TVC,Tennessee Valley Authority Common Stock,$22.94,0.02,0.087%,250878493.00,United States,,18964,Utilities,Electric Utilities: Central
TVE,Tennessee Valley Authority,$22.51,-0.14,-0.618%,17916295160.00,United States,,11872,Utilities,Electric Utilities: Central
TVGN,Tevogen Bio Holdings Inc. Common Stock,$2.74,-0.31,-10.164%,467572407.00,United States,2022,11278766,Health Care,Biotechnology: Biological Products (No Diagnostic Substances)
TVGNW,Tevogen Bio Holdings Inc. Warrant,$0.0917,-0.0184,-16.712%,15648317.00,United States,2022,408403,Health Care,Biotechnology: Biological Products (No Diagnostic Substances)
TVTX,Travere Therapeutics Inc. Common Stock,$17.88,0.35,1.997%,1367667752.00,United States,,865323,Health Care,Biotechnology: Pharmaceutical Preparations
TW,Tradeweb Markets Inc. Class A Common Stock,$131.26,-1.24,-0.936%,31017109860.00,United States,2019,1075629,Finance,Investment Bankers/Brokers/Service
TWFG,TWFG Inc. Class A Common Stock,$31.62,1.12,3.672%,1770193053.00,United States,2024,93132,Finance,Specialty Insurers
TWG,Top Wealth Group Holding Limited Ordinary Shares,$0.725,0.1854,34.359%,21025000.00,Hong Kong,2024,178777142,Consumer Staples,Packaged Foods
TWI,Titan International Inc. (DE) Common Stock,$7.27,0.29,4.155%,524596134.00,United States,,412035,Industrials,Steel/Iron Ore
TWIN,Twin Disc Incorporated Common Stock,$11.68,0.17,1.477%,164765894.00,United States,,10621,Industrials,Industrial Machinery/Components
TWKS,Thoughtworks Holding Inc. Common Stock,$4.45,0.00,0.00%,1438062716.00,United States,2021,2801783,Technology,EDP Services
TWLO,Twilio Inc. Class A Common Stock,$70.59,0.12,0.17%,11336743200.00,United States,2016,1635329,Technology,Computer Software: Prepackaged Software
TWN,Taiwan Fund Inc. (The) Common Stock,$44.6372,-0.9628,-2.111%,0.00,United States,1986,9157,Finance,Trusts Except Educational Religious and Charitable
TWO,Two Harbors Investment Corp,$12.81,-0.07,-0.543%,1327407901.00,United States,,1527294,Real Estate,Real Estate Investment Trusts
TWO^A,Two Harbors Investments Corp 8.125% Series A Fixed-to-Floating Rate Cumulative Redeemable Preferred Stock ($25.00 liquidation preference per share),$24.81,0.0987,0.399%,,United States,,8845,,
TWO^B,Two Harbors Investments Corp 7.625% Series B Fixed-to-Floating Rate Cumulative Redeemable Preferred Stock,$24.61,0.01,0.041%,,United States,,12061,,
TWO^C,Two Harbors Investments Corp 7.25% Series C Fixed-to-Floating Rate Cumulative Redeemable Preferred Stock,$24.70,0.0755,0.307%,,United States,,25620,,
TWST,Twist Bioscience Corporation Common Stock,$42.52,1.92,4.729%,2491075019.00,United States,2018,599378,Health Care,Biotechnology: Biological Products (No Diagnostic Substances)
TX,Ternium S.A. Ternium S.A. American Depositary Shares (each representing ten shares USD1.00 par value),$35.64,0.17,0.479%,7144905620.00,Luxembourg,,89978,Industrials,Steel/Iron Ore
TXG,10x Genomics Inc. Class A Common Stock,$15.86,0.37,2.389%,1910993874.00,United States,2019,1503975,Industrials,Biotechnology: Laboratory Analytical Instruments
TXMD,TherapeuticsMD Inc. Common Stock,$1.565,-0.025,-1.572%,18048256.00,United States,,12069,Health Care,Biotechnology: Pharmaceutical Preparations
TXN,Texas Instruments Incorporated Common Stock,$205.83,-1.10,-0.532%,187761545660.00,United States,,4409031,Technology,Semiconductors
TXNM,TXNM Energy Inc. Common Stock,$43.74,-0.42,-0.951%,3945364796.00,United States,,425277,Utilities,Electric Utilities: Central
TXO,TXO Partners L.P. Common Units Representing Limited Partner Interests,$19.30,0.04,0.208%,741377308.00,,2023,58167,Energy,Oil & Gas Production
TXRH,Texas Roadhouse Inc. Common Stock,$188.11,0.73,0.39%,12542544632.00,United States,2004,826087,Consumer Discretionary,Restaurants
TXT,Textron Inc. Common Stock,$83.27,0.92,1.117%,15447549683.00,United States,,1004605,Industrials,Aerospace
TY,Tri Continental Corporation Common Stock,$33.10,0.00,0.00%,1799015949.00,United States,,79033,Finance,Finance Companies
TY^,Tri Continental Corporation Preferred Stock,$47.50,0.00,0.00%,,United States,,730,,
TYG,Tortoise Energy Infrastructure Corporation Common Stock,$40.56,-0.37,-0.904%,483795746.00,United States,2004,15727,Finance,Investment Managers
TYGO,Tigo Energy Inc. Common Stock,$1.19,-0.05,-4.032%,71968658.00,United States,2021,4279,Technology,Semiconductors
TYL,Tyler Technologies Inc. Common Stock,$605.39,-0.47,-0.078%,25909835373.00,United States,,195230,Technology,Computer Software: Prepackaged Software
TYRA,Tyra Biosciences Inc. Common Stock,$19.89,-2.04,-9.302%,1050314065.00,United States,2021,1199725,Health Care,Biotechnology: Pharmaceutical Preparations
TZOO,Travelzoo Common Stock,$17.39,1.98,12.849%,213726421.00,United States,,458618,Consumer Discretionary,Advertising
U,Unity Software Inc. Common Stock,$20.52,0.80,4.057%,8143522056.00,United States,2020,7847128,Technology,Computer Software: Prepackaged Software
UA,Under Armour Inc. Class C Common Stock,$8.06,0.11,1.384%,3482969412.00,United States,2016,2118004,Consumer Discretionary,Apparel
UAA,Under Armour Inc. Class A Common Stock,$8.73,0.10,1.159%,3772496646.00,United States,,11123664,Consumer Discretionary,Apparel
UAL,United Airlines Holdings Inc. Common Stock,$76.09,1.45,1.943%,25024167231.00,United States,,7405005,Consumer Discretionary,Air Freight/Delivery Services
UAMY,United States Antimony Corporation Common Stock,$0.665,0.035,5.556%,72111924.00,United States,,360826,Industrials,Metal Fabrications
UAN,CVR Partners LP Common Units representing Limited Partner Interests,$70.61,-0.09,-0.127%,746322069.00,United States,2011,17206,Industrials,Agricultural Chemicals
UAVS,AgEagle Aerial Systems Inc. Common Stock,$2.69,0.44,19.556%,2287600.00,United States,,8509135,Industrials,Aerospace
UBCP,United Bancorp Inc. Common Stock,$13.10,0.02,0.153%,77961742.00,United States,,7186,Finance,Major Banks
UBER,Uber Technologies Inc. Common Stock,$77.69,0.07,0.09%,163221813321.00,United States,2019,9303084,Consumer Discretionary,Business Services
UBFO,United Security Bancshares Common Stock,$8.87,0.03,0.339%,153652863.00,United States,,28706,Finance,Major Banks
UBS,UBS Group AG Registered Ordinary Shares,$32.39,0.29,0.903%,112069400000.00,Switzerland,2014,1363844,Finance,Major Banks
UBSI,United Bankshares Inc. Common Stock,$38.45,1.36,3.667%,5199173549.00,United States,,463586,Finance,Major Banks
UBX,Unity Biotechnology Inc. Common Stock,$1.40,0.06,4.478%,23586671.00,United States,2018,30984,Health Care,Biotechnology: Pharmaceutical Preparations
UBXG,U-BX Technology Ltd. Ordinary Shares,$0.3708,-0.0072,-1.905%,10011600.00,China,2024,549137,Technology,Computer Software: Programming Data Processing
UCAR,U Power Limited Class A Ordinary Shares,$7.83,0.165,2.153%,26465400.00,China,2023,16085,Consumer Discretionary,Auto Parts:O.E.M.
UCB,United Community Banks Inc. Common Stock,$28.58,0.93,3.363%,3406810079.00,United States,2024,409992,Finance,Major Banks
UCB^I,United Community Banks Inc. Depositary Shares each representing 1/1000th interest in a share of Series I Non-Cumulative Preferred Stock,$25.00,0.0893,0.358%,,United States,,1912,,
UCL,uCloudlink Group Inc. American Depositary Shares,$1.13,-0.03,-2.586%,42316884.00,Hong Kong,2020,4863,Consumer Discretionary,Telecommunications Equipment
UCTT,Ultra Clean Holdings Inc. Common Stock,$35.05,-0.54,-1.517%,1578323792.00,United States,2004,660946,Technology,Semiconductors
UDMY,Udemy Inc. Common Stock,$8.26,0.27,3.379%,1241993102.00,United States,2021,687647,Real Estate,Other Consumer Services
UDR,UDR Inc. Common Stock,$44.10,0.23,0.524%,14545219040.00,United States,,1424187,Real Estate,Real Estate Investment Trusts
UE,Urban Edge Properties Common Shares of Beneficial Interest,$22.16,0.35,1.605%,2688764011.00,United States,2015,663939,Finance,Real Estate
UEC,Uranium Energy Corp. Common Stock,$8.03,0.30,3.881%,3303588984.00,Canada,,5987027,Basic Materials,Other Metals and Minerals
UEIC,Universal Electronics Inc. Common Stock,$8.38,0.22,2.696%,108771361.00,United States,1993,57161,Consumer Staples,Consumer Electronics/Appliances
UFCS,United Fire Group Inc. Common Stock,$20.09,0.43,2.187%,509002309.00,United States,,107374,Finance,Property-Casualty Insurers
UFI,Unifi Inc. New Common Stock,$6.90,0.06,0.877%,125959631.00,United States,,25708,Consumer Discretionary,Textiles
UFPI,UFP Industries Inc. Common Stock,$131.57,1.40,1.076%,8015052439.00,United States,1993,310618,Basic Materials,Forest Products
UFPT,UFP Technologies Inc. Common Stock,$278.90,3.70,1.344%,2140379841.00,United States,1993,81081,Health Care,Medical/Dental Instruments
UG,United-Guardian Inc. Common Stock,$13.58,0.47,3.585%,62390852.00,United States,,21442,Consumer Discretionary,Package Goods/Cosmetics
UGI,UGI Corporation Common Stock,$24.95,0.32,1.299%,5356481294.00,United States,,1494865,Utilities,Natural Gas Distribution
UGP,Ultrapar Participacoes S.A. (New) American Depositary Shares (Each representing one Common Share),$3.68,0.14,3.955%,4009366135.00,Brazil,,1880294,Utilities,Oil/Gas Transmission
UGRO,urban-gro Inc. Common Stock,$1.65,0.04,2.484%,20325956.00,United States,,37182,Consumer Discretionary,Industrial Specialties
UHAL,U-Haul Holding Company Common Stock,$72.33,0.76,1.062%,14182313060.00,United States,2022,96018,Consumer Discretionary,Rental/Leasing Companies
UHG,United Homes Group Inc Class A Common Stock,$5.64,0.05,0.894%,272864362.00,United States,2021,12895,Consumer Discretionary,Homebuilding
UHGWW,United Homes Group Inc. Warrant,$0.83,0.02,2.469%,40155571.00,United States,2021,2756,Consumer Discretionary,Homebuilding
UHS,Universal Health Services Inc. Common Stock,$204.55,1.80,0.888%,13646176060.00,United States,,934123,Health Care,Hospital/Nursing Management
UHT,Universal Health Realty Income Trust Common Stock,$39.66,-0.70,-1.734%,549249436.00,United States,,64535,Real Estate,Real Estate Investment Trusts
UI,Ubiquiti Inc. Common Stock,$258.61,2.69,1.051%,15638038860.00,United States,,44420,Technology,Radio And Television Broadcasting And Communications Equipment
UIS,Unisys Corporation New Common Stock,$5.43,-0.22,-3.894%,376491765.00,United States,,815016,Technology,EDP Services
UK,Ucommune International Ltd Ordinary Shares,$1.2948,0.0248,1.953%,811796.00,United States,2019,259676,Consumer Discretionary,Business Services
UKOMW,Ucommune International Ltd Warrant expiring 11/17/2025,$0.012,0.0015,14.286%,7524.00,United States,2019,103,Consumer Discretionary,Business Services
UL,Unilever PLC Common Stock,$62.54,0.85,1.378%,155544427201.00,United Kingdom,,1681510,Consumer Discretionary,Package Goods/Cosmetics
ULBI,Ultralife Corporation Common Stock,$8.77,-0.05,-0.567%,145786753.00,United States,1992,29865,Miscellaneous,Industrial Machinery/Components
ULCC,Frontier Group Holdings Inc. Common Stock,$7.27,0.24,3.414%,1631993198.00,United States,2021,2176592,Consumer Discretionary,Air Freight/Delivery Services
ULH,Universal Logistics Holdings Inc. Common Stock,$39.62,0.94,2.43%,1042692456.00,United States,2005,67456,Industrials,Trucking Freight/Courier Services
ULS,UL Solutions Inc. Class A Common Stock,$52.59,-0.38,-0.717%,10518365448.00,United States,2024,335587,Health Care,Precision Instruments
ULTA,Ulta Beauty Inc. Common Stock,$380.08,6.78,1.816%,17907365438.00,United States,2007,963341,Consumer Discretionary,Other Specialty Stores
ULY,Urgent.ly Inc. Common Stock,$0.65,-0.1098,-14.451%,8727063.00,United States,,135870,Technology,EDP Services
UMAC,Unusual Machines Inc. Common Stock,$1.51,-0.10,-6.211%,9339324.00,,2024,71058,Technology,Radio And Television Broadcasting And Communications Equipment
UMBF,UMB Financial Corporation Common Stock,$107.05,2.98,2.863%,5218260906.00,United States,,412331,Finance,Major Banks
UMC,United Microelectronics Corporation (NEW) Common Stock,$7.42,-0.33,-4.258%,18594256085.00,Taiwan,,13568344,Technology,Semiconductors
UMH,UMH Properties Inc. Common Stock,$18.84,-0.11,-0.58%,1385720603.00,United States,1994,230691,Real Estate,Real Estate Investment Trusts
UMH^D,UMH Properties Inc. 6.375% Series D Cumulative Redeemable Preferred Stock Liquidation Preference $25 per share,$23.90,0.33,1.40%,,United States,,19790,,
UNB,Union Bankshares Inc. Common Stock,$29.60,0.86,2.992%,133906552.00,United States,,10711,Finance,Major Banks
UNCY,Unicycive Therapeutics Inc. Common Stock,$0.499,0.084,20.241%,47083750.00,United States,2021,4013856,Health Care,Biotechnology: Pharmaceutical Preparations
UNF,Unifirst Corporation Common Stock,$185.92,-1.09,-0.583%,3460555918.00,United States,,82918,Consumer Discretionary,Other Consumer Services
UNFI,United Natural Foods Inc. Common Stock,$20.87,1.03,5.192%,1242240106.00,United States,2019,356747,Consumer Discretionary,Food Distributors
UNH,UnitedHealth Group Incorporated Common Stock (DE),$565.24,0.68,0.12%,521952875106.00,United States,,1826512,Health Care,Medical Specialities
UNIT,Uniti Group Inc. Common Stock,$5.45,-0.04,-0.729%,1330622656.00,United States,,2062725,Real Estate,Real Estate Investment Trusts
UNM,Unum Group Common Stock,$61.85,0.18,0.292%,11490029805.00,United States,,1271328,Finance,Accident &Health Insurance
UNMA,Unum Group 6.250% Junior Subordinated Notes due 2058,$25.04,-0.04,-0.159%,4651743675.00,United States,2018,7322,Finance,Accident &Health Insurance
UNP,Union Pacific Corporation Common Stock,$231.98,1.68,0.729%,140639412331.00,United States,,2492980,Industrials,Railroads
UNTY,Unity Bancorp Inc. Common Stock,$39.26,0.89,2.32%,391801766.00,United States,,36082,Finance,Major Banks
UONE,Urban One Inc. Class A Common Stock,$1.42,0.06,4.412%,68764434.00,United States,,93790,Consumer Discretionary,Broadcasting
UONEK,Urban One Inc. Class D Common Stock,$1.04,0.00,0.00%,50362684.00,United States,,9525,Consumer Discretionary,Broadcasting
UP,Wheels Up Experience Inc. Class A Common Stock,$2.23,0.08,3.721%,1555790394.00,Singapore,2020,480579,Consumer Discretionary,Transportation Services
UPB,Upstream Bio Inc. Common Stock,$24.23,-0.83,-3.312%,1183434270.00,United States,2024,214170,Health Care,Biotechnology: Pharmaceutical Preparations
UPBD,Upbound Group Inc. Common Stock,$27.08,0.29,1.082%,1480862272.00,United States,,382354,Consumer Discretionary,Diversified Commercial Services
UPC,Universe Pharmaceuticals Inc. Ordinary Shares,$0.3155,-0.0225,-6.657%,7461575.00,China,2021,476597,Health Care,Biotechnology: Pharmaceutical Preparations
UPLD,Upland Software Inc. Common Stock,$2.23,0.06,2.765%,60802614.00,United States,2014,65979,Technology,Computer Software: Prepackaged Software
UPS,United Parcel Service Inc. Common Stock,$135.34,-2.09,-1.521%,115929242700.00,United States,1999,4053487,Industrials,Trucking Freight/Courier Services
UPST,Upstart Holdings Inc. Common stock,$51.98,1.40,2.768%,4652916408.00,United States,2020,5370584,Finance,Finance: Consumer Services
UPWK,Upwork Inc. Common Stock,$12.57,0.21,1.699%,1659323917.00,United States,2018,1779056,Technology,EDP Services
UPXI,Upexi Inc. Common Stock,$6.73,-1.37,-16.914%,7005109.00,United States,2021,841180,Health Care, Medicinal Chemicals and Botanical Products 
URBN,Urban Outfitters Inc. Common Stock,$36.81,1.64,4.663%,3396101017.00,United States,1993,2103746,Consumer Discretionary,Clothing/Shoe/Accessory Stores
URG,Ur Energy Inc Common Shares (Canada),$1.33,0.05,3.906%,481824457.00,Canada,,3721794,Basic Materials,Precious Metals
URGN,UroGen Pharma Ltd. Ordinary Shares,$12.15,0.05,0.413%,511685951.00,Israel,2017,246327,Health Care,Biotechnology: Pharmaceutical Preparations
URI,United Rentals Inc. Common Stock,$824.65,12.15,1.495%,54115494842.00,United States,1997,462120,Consumer Discretionary,Diversified Commercial Services
UROY,Uranium Royalty Corp. Common Stock,$2.94,0.05,1.73%,356907536.00,Canada,,3214933,Finance,Investment Bankers/Brokers/Service
USA,Liberty All-Star Equity Fund Common Stock,$7.14,-0.07,-0.971%,0.00,United States,1986,882655,Finance,Finance Companies
USAC,USA Compression Partners LP Common Units Representing Limited Partner Interests,$22.12,0.04,0.181%,2588203931.00,United States,2013,181850,Utilities,Natural Gas Distribution
USAP,Universal Stainless & Alloy Products Inc. Common Stock,$43.64,-0.10,-0.229%,403144269.00,United States,1994,221539,Industrials,Steel/Iron Ore
USAS,Americas Gold and Silver Corporation Common Shares no par value,$0.452,-0.0122,-2.628%,113461008.00,Canada,2017,3109693,Basic Materials,Metal Mining
USAU,U.S. Gold Corp. Common Stock,$6.08,0.07,1.165%,65252244.00,United States,,71308,Basic Materials,Metal Mining
USB,U.S. Bancorp Common Stock,$48.59,0.85,1.78%,75825376863.00,United States,,5780946,Finance,Major Banks
USB^A,U.S. Bancorp Depositary Shares Each representing a 1/100th interest in a share of Series A Non-CumulativePerpetual Pfd Stock,$870.00,0.00,0.00%,,United States,,935,,
USB^H,U.S. Bancorp Depositary Shares repstg 1/1000th Pfd Ser B,$21.85,-0.1001,-0.456%,,United States,,45724,,
USB^P,U.S. Bancorp Depositary Shares each representing a 1/1000th interest in a share of Series K Non-Cumulative Perpetual Preferred Stock,$24.86,0.10,0.404%,,United States,,53128,,
USB^Q,U.S. Bancorp Depositary Shares Each Representing a 1/1000th Interest in a Share of Series L Non-Cumulative Perpetual Preferred Stock,$17.71,0.04,0.226%,,United States,,31094,,
USB^R,U.S. Bancorp Depositary Shares Each Representing a 1/1000th Interest in a Share of Series M Non-Cumulative Perpetual Preferred Stock,$19.07,0.00,0.00%,,United States,,24505,,
USB^S,U.S. Bancorp Depositary Shares each representing a 1/1000th interest in a share of Series O Non-Cumulative Perpetual Preferred Stock,$21.71,0.01,0.046%,,United States,,57314,,
USCB,USCB Financial Holdings Inc. Class A Common Stock,$14.89,0.14,0.949%,292151210.00,United States,2021,5836,Finance,Major Banks
USEA,United Maritime Corporation Common Stock,$2.36,-0.02,-0.84%,21269396.00,Greece,,25848,Consumer Discretionary,Marine Transportation
USEG,U.S. Energy Corp. Common Stock (DE),$1.48,-0.07,-4.516%,41518379.00,United States,,104915,Energy,Oil & Gas Production
USFD,US Foods Holding Corp. Common Stock,$61.00,0.26,0.428%,14918067402.00,United States,2016,1634968,Consumer Discretionary,Food Distributors
USGO,U.S. GoldMining Inc. Common stock,$10.05,-0.35,-3.365%,124607025.00,United States,2023,28600,Basic Materials,Precious Metals
USGOW,U.S. GoldMining Inc. Warrant,$1.30,0.155,13.537%,16118322.00,United States,2023,4698,Basic Materials,Precious Metals
USIO,Usio Inc. Common Stock,$1.399,-0.001,-0.071%,38278499.00,United States,,1214,Finance,Investment Bankers/Brokers/Service
USLM,United States Lime & Minerals Inc. Common Stock,$106.42,2.07,1.984%,3043002213.00,United States,,67448,Industrials,Mining & Quarrying of Nonmetallic Minerals (No Fuels)
USM,United States Cellular Corporation Common Stock,$62.07,0.24,0.388%,5338020000.00,United States,1988,117409,Telecommunications,Telecommunications Equipment
USNA,USANA Health Sciences Inc. Common Stock,$37.30,0.49,1.331%,710649895.00,United States,,94608,Health Care, Medicinal Chemicals and Botanical Products 
USPH,U.S. Physical Therapy Inc. Common Stock,$81.68,0.91,1.127%,1231459057.00,United States,1992,65383,Health Care,Medical/Nursing Services
UTF,Cohen & Steers Infrastructure Fund Inc Common Stock,$25.46,0.01,0.039%,0.00,United States,2004,172612,Finance,Finance Companies
UTG,Reaves Utility Income Fund Common Shares of Beneficial Interest,$32.95,0.29,0.888%,0.00,United States,2004,175478,Finance,Investment Managers
UTHR,United Therapeutics Corporation Common Stock,$349.71,1.06,0.304%,15559009159.00,United States,1999,307000,Health Care,Biotechnology: Pharmaceutical Preparations
UTI,Universal Technical Institute Inc Common Stock,$16.79,0.15,0.901%,903500407.00,United States,2003,298183,Real Estate,Other Consumer Services
UTL,UNITIL Corporation Common Stock,$58.99,1.23,2.13%,954102549.00,United States,1985,41952,Utilities,Power Generation
UTMD,Utah Medical Products Inc. Common Stock,$64.24,0.12,0.187%,223369996.00,United States,,17381,Health Care,Medical/Dental Instruments
UTSI,UTStarcom Holdings Corp. Ordinary Shares,$2.87,-0.11,-3.691%,26156520.00,China,2000,1094,Telecommunications,Telecommunications Equipment
UTZ,Utz Brands Inc Class A Common Stock ,$16.60,0.14,0.851%,2338593425.00,United States,2018,783826,Consumer Staples,Packaged Foods
UUU,Universal Security Instruments Inc. Common Stock,$1.41,0.10,7.634%,3261171.00,United States,2003,16039,Technology,Electronic Components
UUUU,Energy Fuels Inc Ordinary Shares (Canada),$6.49,0.32,5.186%,1062218852.00,Canada,,3652422,Industrials,Mining & Quarrying of Nonmetallic Minerals (No Fuels)
UVE,UNIVERSAL INSURANCE HOLDINGS INC Common Stock,$20.00,0.76,3.95%,569671980.00,United States,,342316,Finance,Property-Casualty Insurers
UVSP,Univest Financial Corporation Common Stock,$28.64,0.77,2.763%,835458156.00,United States,,236608,Finance,Major Banks
UVV,Universal Corporation Common Stock,$50.05,0.15,0.301%,1235871987.00,United States,,128845,Industrials,Farming/Seeds/Milling
UWMC,UWM Holdings Corporation Class A Common Stock,$6.63,0.00,0.00%,10592629631.00,United States,,2634649,Finance,Finance: Consumer Services
UXIN,Uxin Limited ADS,$4.45,0.27,6.459%,836357818.00,China,2018,250118,Consumer Discretionary,Business Services
UZD,United States Cellular Corporation 6.250% Senior Notes due 2069,$23.61,-0.03,-0.127%,2030460000.00,United States,2020,17689,Telecommunications,Telecommunications Equipment
UZE,United States Cellular Corporation 5.500% Senior Notes due 2070,$22.59,0.06,0.266%,1942740000.00,United States,2020,11777,Telecommunications,Telecommunications Equipment
UZF,United States Cellular Corporation 5.500% Senior Notes due 2070,$22.64,0.14,0.622%,1947040000.00,United States,2021,7170,Telecommunications,Telecommunications Equipment
V,Visa Inc.,$284.19,2.46,0.873%,517881205514.00,United States,,4303808,Consumer Discretionary,Business Services
VABK,Virginia National Bankshares Corporation Common Stock,$41.09,1.14,2.854%,220690774.00,United States,,8619,Finance,Major Banks
VAC,Marriott Vacations Worldwide Corporation Common Stock,$79.66,1.46,1.867%,2792621661.00,United States,,380507,Finance,Real Estate
VACH,Voyager Acquisition Corp Class A Ordinary Shares,$10.02,0.00,0.00%,0.00,United States,2024,135891,,
VACHU,Voyager Acquisition Corp Unit,$10.04,-0.03,-0.298%,0.00,United States,2024,311,,
VACHW,Voyager Acquisition Corp Warrants,$0.0856,0.0006,0.706%,0.00,United States,2024,76500,Finance,Blank Checks
VAL,Valaris Limited Common Shares,$49.59,-1.29,-2.535%,3607707610.00,United States,2021,1055403,Energy,Oil & Gas Production
VALE,VALE S.A.  American Depositary Shares Each Representing one common share,$11.01,0.13,1.195%,47012700000.00,Brazil,,69236755,Basic Materials,Metal Mining
VALN,Valneva SE American Depositary Shares,$6.09,0.15,2.525%,422987472.00,France,2021,21859,Health Care,Biotechnology: Biological Products (No Diagnostic Substances)
VALU,Value Line Inc. Common Stock,$50.56,2.53,5.268%,476177821.00,United States,1983,7914,Finance,Investment Managers
VANI,Vivani Medical Inc. Common Stock (DE),$1.28,0.02,1.587%,70727496.00,United States,2014,65033,Health Care,Biotechnology: Electromedical & Electrotherapeutic Apparatus
VATE,INNOVATE Corp. Common Stock,$6.30,0.02,0.318%,82233856.00,United States,,50651,Industrials,Metal Fabrications
VBF,Invesco Bond Fund Common Stock,$16.23,0.03,0.185%,0.00,United States,,17678,Finance,Trusts Except Educational Religious and Charitable
VBFC,Village Bank and Trust Financial Corp. Common Stock,$76.05,0.00,0.00%,113706918.00,United States,,548,Finance,Major Banks
VBNK,VersaBank Common Shares,$14.75,0.04,0.272%,382975254.00,Canada,,24729,Finance,Commercial Banks
VBTX,Veritex Holdings Inc. Common Stock,$27.78,0.70,2.585%,1510841135.00,United States,2014,420549,Finance,Major Banks
VC,Visteon Corporation Common Stock,$95.83,2.95,3.176%,2646718037.00,United States,,298014,Consumer Discretionary,Auto Parts:O.E.M.
VCEL,Vericel Corporation Common Stock,$45.66,1.91,4.366%,2238717791.00,United States,,392122,Health Care,Biotechnology: Biological Products (No Diagnostic Substances)
VCIC,Vine Hill Capital Investment Corp. Class A Ordinary Shares,$9.96,9.96,,0.00,United States,,438625,,
VCICU,Vine Hill Capital Investment Corp. Unit,$10.03,0.0276,0.276%,0.00,United States,2024,1089,,
VCICW,Vine Hill Capital Investment Corp. Warrant,$0.1199,0.1199,,0.00,United States,,1490713,,
VCIG,VCI Global Limited Ordinary Share,$0.0766,-0.0066,-7.933%,2912913.00,Malaysia,2023,11618432,Consumer Discretionary,Diversified Commercial Services
VCNX,Vaccinex Inc. Common Stock,$3.74,0.36,10.651%,6461598.00,United States,2018,173001,Health Care,Biotechnology: Pharmaceutical Preparations
VCSA,Vacasa Inc. Class A Common Stock,$2.71,0.32,13.389%,61194231.00,United States,,36641,Finance,Diversified Commercial Services
VCTR,Victory Capital Holdings Inc. Class A Common Stock,$60.58,1.52,2.574%,3930182810.00,United States,2018,242984,Finance,Investment Managers
VCV,Invesco California Value Municipal Income Trust Common Stock,$10.24,-0.04,-0.389%,490398976.00,United States,,137745,Finance,Trusts Except Educational Religious and Charitable
VCYT,Veracyte Inc. Common Stock,$34.12,1.09,3.30%,2620829671.00,United States,2013,815202,Health Care,Medical Specialities
VECO,Veeco Instruments Inc. Common Stock,$29.24,-0.02,-0.068%,1660388634.00,United States,1994,300079,Technology,Industrial Machinery/Components
VEEA,Veea Inc. Common Stock,$3.90,-0.45,-10.345%,43745411.00,United States,2021,157768,Finance,Blank Checks
VEEAW,Veea Inc. Warrant,$0.181,-0.0566,-23.822%,2030236.00,United States,2021,1600,Finance,Blank Checks
VEEE,Twin Vee PowerCats Co. Common Stock,$0.55,0.023,4.364%,5236000.00,United States,2021,517996,Industrials,Marine Transportation
VEEV,Veeva Systems Inc. Class A Common Stock,$212.13,-0.10,-0.047%,34351019115.00,United States,2013,476878,Technology,Computer Software: Prepackaged Software
VEL,Velocity Financial Inc. Common Stock,$19.27,0.05,0.26%,638017367.00,United States,2020,9838,Finance,Finance: Consumer Services
VEON,VEON Ltd. ADS,$30.74,-0.56,-1.789%,2273764854.00,Netherlands,,67554,Telecommunications,Telecommunications Equipment
VERA,Vera Therapeutics Inc. Class A Common Stock,$47.34,6.25,15.211%,2595541661.00,United States,2021,2882032,Health Care,Biotechnology: Pharmaceutical Preparations
VERB,Verb Technology Company Inc. Common Stock,$12.58,1.74,16.052%,9158076.00,United States,,278368,Consumer Discretionary,Other Consumer Services
VERI,Veritone Inc. Common Stock,$3.85,0.38,10.951%,146603923.00,United States,2017,989989,Technology,EDP Services
VERO,Venus Concept Inc. Common Stock,$0.43,-0.028,-6.114%,3119769.00,United States,2017,246491,Health Care,Medical/Dental Instruments
VERU,Veru Inc. Common Stock,$0.8401,0.0079,0.949%,122977131.00,United States,,409920,Health Care,Biotechnology: Pharmaceutical Preparations
VERV,Verve Therapeutics Inc. Common Stock,$5.94,-0.03,-0.503%,502669702.00,United States,2021,1343780,Health Care,Biotechnology: Pharmaceutical Preparations
VERX,Vertex Inc. Class A Common Stock,$42.46,0.39,0.927%,6603443654.00,United States,2020,548237,Technology,Computer Software: Prepackaged Software
VET,Vermilion Energy Inc. Common (Canada),$9.63,-0.29,-2.923%,1514799000.00,Canada,,1057353,Energy,Oil & Gas Production
VEV,Vicinity Motor Corp. Common Stock,$0.0565,-0.004,-6.612%,2852120.00,Canada,,6508979,Consumer Discretionary,Auto Manufacturing
VFC,V.F. Corporation Common Stock,$17.03,0.30,1.793%,6627792348.00,United States,,13136891,Consumer Discretionary,Apparel
VFF,Village Farms International Inc. Common Shares,$0.9014,-0.0086,-0.945%,100711577.00,Canada,,218669,,
VFL,abrdn National Municipal Income Fund Common Stock,$10.70,0.02,0.187%,0.00,United States,1993,18373,Finance,Finance/Investors Services
VFS,VinFast Auto Ltd. Ordinary Shares,$3.94,-0.02,-0.505%,9210886682.00,Singapore,,806924,Finance,Blank Checks
VFSWW,VinFast Auto Ltd. Warrant,$0.37,-0.0351,-8.665%,864981744.00,Singapore,,4855,,
VGAS,Verde Clean Fuels Inc. Class A Common Stock,$3.82,0.00,0.00%,122429552.00,United States,2021,11008,Industrials,Major Chemicals
VGASW,Verde Clean Fuels Inc. Warrant,$0.27,-0.0024,-0.881%,8653398.00,United States,2021,3000,Industrials,Major Chemicals
VGI,Virtus Global Multi-Sector Income Fund Common Shares of Beneficial Interest,$7.95,-0.03,-0.376%,0.00,United States,2012,37081,Finance,Investment Managers
VGM,Invesco Trust for Investment Grade Municipals Common Stock (DE),$10.23,0.06,0.59%,554793033.00,United States,,131015,Finance,Trusts Except Educational Religious and Charitable
VGZ,Vista Gold Corp Common Stock,$0.66,0.005,0.763%,81277422.00,United States,1986,361462,Basic Materials,Precious Metals
VHC,VirnetX Holding Corp Common Stock,$6.43,0.022,0.343%,24017786.00,United States,,1127,Miscellaneous,Multi-Sector Companies
VHI,Valhi Inc. Common Stock,$36.20,1.80,5.233%,1024271507.00,United States,,34106,Industrials,Major Chemicals
VIASP,Via Renewables Inc. 8.75% Series A Fixed-to-Floating Rate Cumulative Redeemable Perpetual Preferred Stock,$20.90,0.07,0.336%,153057576.00,United States,,4708,Utilities,Power Generation
VIAV,Viavi Solutions Inc. Common Stock,$9.25,0.11,1.204%,2052691189.00,United States,,1777811,Technology,Semiconductors
VICI,VICI Properties Inc. Common Stock,$32.36,0.26,0.81%,33886510125.00,United States,2018,3445225,Real Estate,Real Estate Investment Trusts
VICR,Vicor Corporation Common Stock,$47.99,1.67,3.605%,2162977110.00,United States,,163305,Technology,Industrial Machinery/Components
VIGL,Vigil Neuroscience Inc. Common Stock,$3.90,0.32,8.939%,154625379.00,United States,2022,64694,Health Care,Biotechnology: Biological Products (No Diagnostic Substances)
VIK,Viking Holdings Ltd Ordinary Shares,$38.72,-0.03,-0.077%,16705938529.00,,2024,3655425,Consumer Discretionary,Marine Transportation
VINC,Vincerx Pharma Inc. Common Stock,$0.3725,-0.0075,-1.974%,11052784.00,United States,2020,373296,Health Care,Biotechnology: Pharmaceutical Preparations
VINE,Fresh Vine Wine Inc. Common Stock,$0.879,-0.0062,-0.70%,14043104.00,,2021,345518,Consumer Staples,Beverages (Production/Distribution)
VINO,Gaucho Group Holdings Inc. Common Stock,$4.44,-0.08,-1.77%,3948328.00,United States,,11441,Real Estate,Homebuilding
VINP,Vinci Partners Investments Ltd. Class A Common Shares,$10.30,0.10,0.98%,553921815.00,Brazil,2021,36057,Finance,Investment Managers
VIOT,Viomi Technology Co. Ltd American Depositary Shares,$1.35,0.03,2.273%,92100193.00,China,2018,103268,Consumer Discretionary,Consumer Electronics/Appliances
VIPS,Vipshop Holdings Limited American Depositary Shares each representing two ordinary shares,$14.70,0.61,4.329%,7971854468.00,China,2012,1865118,Consumer Discretionary,Catalog/Specialty Distribution
VIR,Vir Biotechnology Inc. Common Stock,$7.75,0.27,3.61%,1058956675.00,United States,2019,1904003,Health Care,Biotechnology: Biological Products (No Diagnostic Substances)
VIRC,Virco Manufacturing Corporation Common Stock,$14.12,0.25,1.802%,230006413.00,United States,,81809,Consumer Discretionary,Industrial Specialties
VIRT,Virtu Financial Inc. Class A Common Stock,$30.95,-0.02,-0.065%,4823943942.00,United States,2015,852919,Finance,Investment Bankers/Brokers/Service
VIRX,Viracta Therapeutics Inc. Common Stock,$0.2325,-0.0315,-11.932%,9164492.00,United States,2005,22837184,Health Care,Biotechnology: Pharmaceutical Preparations
VISL,Vislink Technologies Inc. Common Stock,$6.09,-0.1101,-1.776%,15002459.00,United States,2013,113757,Telecommunications,Telecommunications Equipment
VIST,Vista Energy S.A.B. de C.V. American Depositary Shares each representing one series A share with no par value,$52.08,-0.85,-1.606%,4966110899.00,Mexico,2019,2045093,Energy,Oil & Gas Production
VITL,Vital Farms Inc. Common Stock,$36.15,0.78,2.205%,1558026898.00,United States,2020,903547,Consumer Staples,Packaged Foods
VIV,Telefonica Brasil S.A. American Depositary Shares (Each representing One Common Share),$9.45,0.17,1.832%,15616960002.00,Brazil,2020,1252765,Telecommunications,Telecommunications Equipment
VIVK,Vivakor Inc. Common Stock,$1.50,0.05,3.448%,43913606.00,United States,,114652,Utilities,Environmental Services
VKI,Invesco Advantage Municipal Income Trust II Common Shares of Beneficial Interest (DE),$8.87,0.01,0.113%,393881397.00,United States,1993,112671,Finance,Finance Companies
VKQ,Invesco Municipal Trust Common Stock,$9.98,0.01,0.10%,552248440.00,United States,,132704,Finance,Trusts Except Educational Religious and Charitable
VKTX,Viking Therapeutics Inc. Common Stock,$74.52,-3.51,-4.498%,8304239336.00,United States,2015,6213878,Health Care,Biotechnology: Pharmaceutical Preparations
VLCN,Volcon Inc. Common stock,$0.876,0.0408,4.885%,4083721.00,United States,2021,87904,Consumer Discretionary,Auto Manufacturing
VLGEA,Village Super Market Inc. Class A Common Stock,$29.86,0.07,0.235%,440821956.00,United States,,31869,Consumer Staples,Food Chains
VLN,Valens Semiconductor Ltd. Ordinary Shares,$1.98,0.10,5.319%,206238079.00,,,261290,Technology,Semiconductors
VLO,Valero Energy Corporation Common Stock,$132.26,-0.14,-0.106%,42373523475.00,United States,,2506992,Energy,Integrated oil Companies
VLRS,Controladora Vuela Compania de Aviacion S.A.B. de C.V. American Depositary Shares each representing ten (10) Ordinary Participation Certificates,$7.18,0.09,1.269%,837171256.00,,2013,1145127,Consumer Discretionary,Air Freight/Delivery Services
VLT,Invesco High Income Trust II,$11.31,-0.07,-0.615%,0.00,United States,1989,7924,Finance,Trusts Except Educational Religious and Charitable
VLTO,Veralto Corp Common Stock ,$104.00,-0.05,-0.048%,25720008600.00,United States,2023,1298546,Industrials,Electrical Products
VLY,Valley National Bancorp Common Stock,$9.55,0.28,3.02%,4863071151.00,United States,,4670836,Finance,Major Banks
VLYPN,Valley National Bancorp 8.250% Fixed-Rate Reset Non-Cumulative Perpetual Preferred Stock Series C,$26.56,-0.11,-0.412%,0.00,United States,,5573,,
VLYPO,Valley National Bancorp 5.50% Fixed-to-Floating Rate Non-Cumulative Perpetual Preferred Stock Series B,$25.20,0.00,0.00%,12832397172.00,United States,,442,Finance,Major Banks
VLYPP,Valley National Bancorp 6.25% Fixed-to-Floating Rate Non-Cumulative Perpetual Preferred Stock Series A,$24.87,0.40,1.635%,12664353876.00,United States,,9424,Finance,Major Banks
VMAR,Vision Marine Technologies Inc. Common Shares,$3.82,-0.13,-3.291%,2104831.00,Canada,2020,50717,Industrials,Marine Transportation
VMC,Vulcan Materials Company (Holding Company) Common Stock,$258.50,1.96,0.764%,34137514136.00,United States,,1437464,Industrials,Mining & Quarrying of Nonmetallic Minerals (No Fuels)
VMCA,Valuence Merger Corp. I Class A Ordinary Shares,$11.51,0.00,0.00%,0.00,United States,2022,1200,Finance,Blank Checks
VMCAU,Valuence Merger Corp. I Unit,$11.80,0.27,2.342%,0.00,United States,2022,100,Finance,Blank Checks
VMCAW,Valuence Merger Corp. I Warrant,$0.0325,0.00,0.00%,0.00,United States,2022,300,Finance,Blank Checks
VMD,Viemed Healthcare Inc. Common Shares,$9.09,-0.15,-1.623%,352926513.00,United States,,178867,Health Care,Misc Health and Biotechnology Services
VMEO,Vimeo Inc. Common Stock,$4.86,0.08,1.674%,805775102.00,United States,,766077,Technology,Computer Software: Programming Data Processing
VMI,Valmont Industries Inc. Common Stock,$325.56,8.41,2.652%,6565195103.00,United States,,173410,Industrials,Metal Fabrications
VMO,Invesco Municipal Opportunity Trust Common Stock,$9.83,0.02,0.204%,662941934.00,United States,,207358,Finance,Trusts Except Educational Religious and Charitable
VNCE,Vince Holding Corp. Common Stock,$1.82,-0.02,-1.087%,22938163.00,,2013,9325,Consumer Discretionary,Clothing/Shoe/Accessory Stores
VNDA,Vanda Pharmaceuticals Inc. Common Stock,$4.78,0.23,5.055%,278625282.00,United States,2006,337924,Health Care,Biotechnology: Pharmaceutical Preparations
VNET,VNET Group Inc. American Depositary Shares,$3.60,0.23,6.825%,926598604.00,China,2011,1766715,Technology,Computer Software: Programming Data Processing
VNO,Vornado Realty Trust Common Stock,$43.31,0.14,0.324%,8250787618.00,United States,,1040786,Real Estate,Real Estate Investment Trusts
VNO^L,Vornado Realty Trust Pfd Ser L %,$18.92,0.04,0.212%,,United States,,15793,,
VNO^M,Vornado Realty Trust 5.25% Series M Cumulative Redeemable Preferred Shares of Beneficial Interest liquidation preference $25.00 per share no par value per share,$18.77,0.15,0.806%,,United States,,17310,,
VNO^N,Vornado Realty Trust 5.25% Series N Cumulative Redeemable Preferred Shares of Beneficial Interest liquidation preference $25.00 per share,$18.84,0.13,0.695%,,United States,,16068,,
VNO^O,Vornado Realty Trust 4.45% Series O Cumulative Redeemable Preferred Shares Liquidation Preference $25.00 Per Share,$17.12,0.14,0.824%,,United States,,21377,,
VNOM,Viper Energy Inc. Class A Common Stock,$51.36,-0.97,-1.854%,9393436662.00,United States,2014,750257,Energy,Oil & Gas Production
VNRX,VolitionRX Limited Common Stock,$0.6301,-0.0653,-9.39%,58033142.00,Singapore,2015,137162,Health Care,Biotechnology: In Vitro & In Vivo Diagnostic Substances
VNT,Vontier Corporation Common Stock ,$34.49,0.46,1.352%,5301113000.00,United States,2020,970208,Industrials,Industrial Machinery/Components
VOC,VOC Energy Trust Units of Beneficial Interest,$5.62,0.14,2.555%,95540000.00,United States,2011,223951,Energy,Oil & Gas Production
VOD,Vodafone Group Plc American Depositary Shares,$9.54,0.06,0.633%,24946356491.00,United Kingdom,,3725677,Telecommunications,Telecommunications Equipment
VOR,Vor Biopharma Inc. Common Stock,$0.725,-0.0018,-0.248%,49589149.00,United States,2021,452604,Health Care,Biotechnology: Biological Products (No Diagnostic Substances)
VOXR,Vox Royalty Corp. Common Stock,$3.07,0.02,0.656%,154658719.00,Canada,,197659,Basic Materials,Precious Metals
VOXX,VOXX International Corporation Class A Common Stock,$7.87,0.32,4.238%,177115696.00,United States,,114085,Technology,Electronic Components
VOYA,Voya Financial Inc. Common Stock,$80.66,0.91,1.141%,7930733422.00,United States,2013,686005,Finance,Life Insurance
VOYA^B,Voya Financial Inc. Depositary Shares each representing a 1/40th interest in a share of 5.35% Fixed-Rate Reset Non-Cumulative Preferred Stock Series B,$25.74,0.19,0.744%,,United States,,14537,,
VPG,Vishay Precision Group Inc. Common Stock,$23.69,0.51,2.20%,314008652.00,United States,,79881,Technology,Electrical Products
VPV,Invesco Pennsylvania Value Municipal Income Trust Common Stock (DE),$11.01,0.03,0.273%,262363279.00,United States,,101593,Finance,Trusts Except Educational Religious and Charitable
VRA,Vera Bradley Inc. Common Stock,$5.33,0.14,2.697%,150443354.00,United States,2010,186612,Consumer Discretionary,Apparel
VRAR,The Glimpse Group Inc. Common Stock,$0.6958,-0.0238,-3.307%,12640054.00,United States,2021,17699,Technology,EDP Services
VRAX,Virax Biolabs Group Limited Ordinary Shares,$2.21,-0.07,-3.07%,9591400.00,United Kingdom,2022,275120,Health Care,Biotechnology: In Vitro & In Vivo Diagnostic Substances
VRCA,Verrica Pharmaceuticals Inc. Common Stock,$1.56,0.05,3.311%,66562943.00,United States,2018,430317,Health Care,Biotechnology: Pharmaceutical Preparations
VRDN,Viridian Therapeutics Inc. Common Stock,$23.28,0.23,0.998%,1487357338.00,United States,2014,525174,Health Care,Medical Specialities
VRE,Veris Residential Inc. Common Stock,$16.98,0.07,0.414%,1577338830.00,United States,,308660,Real Estate,Real Estate Investment Trusts
VREX,Varex Imaging Corporation Common Stock,$13.15,0.24,1.859%,537835000.00,United States,,458774,Technology,Industrial Machinery/Components
VRM,Vroom Inc. Common Stock,$9.28,0.58,6.667%,16893887.00,United States,2020,26944,Consumer Discretionary,Retail-Auto Dealers and Gas Stations
VRME,VerifyMe Inc. Common Stock,$1.2517,-0.0982,-7.275%,12998526.00,United States,,27749,Technology,EDP Services
VRMEW,VerifyMe Inc. Warrant,$0.055,0.0157,39.949%,571158.00,United States,,25459,Technology,EDP Services
VRN,Veren Inc. Common shares,$6.05,-0.21,-3.355%,3731918724.00,Canada,,5742699,Energy,Oil & Gas Production
VRNA,Verona Pharma plc American Depositary Share,$33.11,-0.75,-2.215%,2689696015.00,United Kingdom,2017,549167,Health Care,Biotechnology: Pharmaceutical Preparations
VRNS,Varonis Systems Inc. Common Stock,$57.38,0.52,0.915%,6436866423.00,United States,2014,1978294,Technology,Computer Software: Prepackaged Software
VRNT,Verint Systems Inc. Common Stock,$22.06,0.18,0.823%,1367842146.00,United States,2010,314541,Technology,EDP Services
VRPX,Virpax Pharmaceuticals Inc. Common Stock,$0.72,0.1011,16.335%,3519058.00,United States,2021,122629,Health Care,Biotechnology: Pharmaceutical Preparations
VRRM,Verra Mobility Corporation Class A Common Stock,$26.34,0.03,0.114%,4337105074.00,United States,2017,737847,Consumer Discretionary,Transportation Services
VRSK,Verisk Analytics Inc. Common Stock,$262.86,-1.79,-0.676%,37437524274.00,United States,2009,645732,Technology,EDP Services
VRSN,VeriSign Inc. Common Stock,$179.07,-2.19,-1.208%,17477232000.00,United States,1998,903164,Technology,EDP Services
VRT,Vertiv Holdings LLC Class A Common Stock,$113.61,1.44,1.284%,42620536446.00,United States,2018,4762855,Technology,Industrial Machinery/Components
VRTS,Virtus Investment Partners Inc. Common Stock,$225.42,11.68,5.465%,1596440445.00,United States,,29086,Finance,Investment Managers
VRTX,Vertex Pharmaceuticals Incorporated Common Stock,$476.37,-1.33,-0.278%,122952146443.00,United States,1991,501222,Health Care,Biotechnology: Pharmaceutical Preparations
VS,Versus Systems Inc. Common Shares,$2.35,-0.08,-3.292%,5889135.00,Canada,,122439,Technology,EDP Services
VSAT,ViaSat Inc. Common Stock,$10.33,0.10,0.978%,1319958826.00,United States,1996,1112865,Technology,Radio And Television Broadcasting And Communications Equipment
VSCO,Victorias Secret & Co. Common Stock ,$29.42,1.04,3.665%,2310219680.00,United States,2021,1510254,Consumer Discretionary,Clothing/Shoe/Accessory Stores
VSEC,VSE Corporation Common Stock,$104.80,1.88,1.827%,1930416838.00,United States,,168692,Consumer Discretionary,Military/Government/Technical
VSEE,VSee Health Inc. Common Stock,$1.69,-0.22,-11.518%,25793250.00,United States,2021,209569,Health Care,Medical/Nursing Services
VSEEW,VSee Health Inc. Warrant,$0.07,0.00,0.00%,1068359.00,United States,2021,77,Health Care,Medical/Nursing Services
VSH,Vishay Intertechnology Inc. Common Stock,$17.92,0.15,0.844%,2450837635.00,United States,,968536,Technology,Electrical Products
VSME,VS Media Holdings Limited Class A Ordinary Shares,$1.55,-0.12,-7.186%,5042372.00,China,2023,137694,Consumer Discretionary,Publishing
VSSYW,Versus Systems Inc. Class A Warrants,$0.0775,-0.0015,-1.899%,194216.00,Canada,,5025,Technology,EDP Services
VST,Vistra Corp. Common Stock,$127.78,3.75,3.023%,43900276075.00,United States,,5210048,Utilities,Electric Utilities: Central
VSTA,Vasta Platform Limited Class A Ordinary Shares,$2.63,0.0299,1.15%,213035878.00,Brazil,2020,6869,Real Estate,Other Consumer Services
VSTE,Vast Renewables Limited Ordinary Shares,$0.9285,0.0285,3.167%,27830398.00,Australia,,7976,Industrials,Building Products
VSTEW,Vast Renewables Limited Warrants,$0.04,-0.0058,-12.664%,1198940.00,Australia,,1115,Industrials,Building Products
VSTM,Verastem Inc. Common Stock,$3.39,0.21,6.604%,136426296.00,United States,2012,995061,Health Care,Biotechnology: Pharmaceutical Preparations
VSTO,Vista Outdoor Inc. Common Stock,$43.91,-0.01,-0.023%,2564680043.00,United States,2015,580264,Industrials,Ordnance And Accessories
VSTS,Vestis Corporation Common Stock,$14.13,0.14,1.001%,1857840194.00,United States,2023,1114069,,
VTAK,Catheter Precision Inc. Common Stock,$0.562,-0.0581,-9.369%,555679.00,,2018,951843,Health Care,Medical/Dental Instruments
VTEX,VTEX Class A Common Shares,$6.84,0.20,3.012%,1258744735.00,United Kingdom,2021,265876,Technology,Computer Software: Prepackaged Software
VTGN,Vistagen Therapeutics Inc. Common Stock,$3.03,0.02,0.664%,81976974.00,United States,,180970,Health Care,Biotechnology: Pharmaceutical Preparations
VTLE,Vital Energy Inc. Common Stock par value $0.01 per share,$26.71,-1.00,-3.609%,2208916225.00,United States,2011,1042457,Energy,Oil & Gas Production
VTMX,Corporacion Inmobiliaria Vesta S.A.B de C.V. American Depositary Shares each representing ten (10) Common Shares,$25.27,-0.03,-0.119%,2235097234.00,,2023,73207,Finance,Real Estate
VTN,Invesco Trust for Investment Grade New York Municipals Common Stock,$11.21,0.06,0.538%,218437825.00,United States,,49891,Finance,Finance Companies
VTOL,Bristow Group Inc. Common Stock,$33.87,-0.41,-1.196%,969291660.00,United States,,95805,Consumer Discretionary,Transportation Services
VTR,Ventas Inc. Common Stock,$64.74,-0.23,-0.354%,26747576170.00,United States,,2088470,Real Estate,Real Estate Investment Trusts
VTRS,Viatris Inc. Common Stock,$11.76,0.32,2.797%,14035800645.00,United States,,5020208,Health Care,Biotechnology: Pharmaceutical Preparations
VTS,Vitesse Energy Inc. Common Stock,$24.71,-0.38,-1.515%,729063707.00,United States,2023,126455,Energy,Oil & Gas Production
VTSI,VirTra Inc. Common Stock,$6.44,-0.08,-1.227%,71923678.00,United States,,76248,Consumer Discretionary,Miscellaneous manufacturing industries
VTVT,vTv Therapeutics Inc. Class A Common Stock,$14.76,-0.05,-0.338%,44430641.00,United States,2015,3153,Health Care,Biotechnology: Pharmaceutical Preparations
VTYX,Ventyx Biosciences Inc. Common Stock,$2.31,0.13,5.963%,163245693.00,United States,2021,1153824,Health Care,Biotechnology: Pharmaceutical Preparations
VUZI,Vuzix Corporation Common Stock,$1.30,0.00,0.00%,85755060.00,United States,,457619,Technology,Radio And Television Broadcasting And Communications Equipment
VVI,Viad Corp Common Stock,$39.00,-0.70,-1.763%,825414447.00,United States,,143520,Consumer Discretionary,Business Services
VVOS,Vivos Therapeutics Inc. Common Stock,$2.90,0.25,9.434%,9864315.00,United States,2020,399732,Health Care,Medical/Dental Instruments
VVPR,VivoPower International PLC Ordinary Shares,$0.8375,0.0285,3.523%,3718500.00,United Kingdom,,93830,Utilities,Power Generation
VVR,Invesco Senior Income Trust Common Stock (DE),$3.88,-0.02,-0.513%,0.00,United States,1998,532037,Finance,Trusts Except Educational Religious and Charitable
VVV,Valvoline Inc. Common Stock,$42.17,0.69,1.663%,5434293853.00,United States,2016,862930,Industrials,Major Chemicals
VVX,V2X Inc. Common Stock,$62.82,0.61,0.981%,1982371980.00,United States,2014,50992,Consumer Discretionary,Diversified Commercial Services
VXRT,Vaxart Inc Common Stock,$0.8351,0.0118,1.433%,189934554.00,United States,,1126473,Health Care,Biotechnology: Biological Products (No Diagnostic Substances)
VYGR,Voyager Therapeutics Inc. Common Stock,$7.02,0.27,4.00%,382823443.00,United States,2015,531282,Health Care,Biotechnology: Biological Products (No Diagnostic Substances)
VYNE,VYNE Therapeutics Inc. Common Stock,$2.84,0.17,6.367%,41888287.00,United States,2018,136974,Health Care,Biotechnology: Pharmaceutical Preparations
VYX,NCR Voyix Corporation Common Stock,$13.09,0.25,1.947%,1902922255.00,United States,,703041,Miscellaneous,Office Equipment/Supplies/Services
VZ,Verizon Communications Inc. Common Stock,$41.62,0.24,0.58%,175200222234.00,United States,,13571967,Telecommunications,Telecommunications Equipment
VZIO,VIZIO Holding Corp. Class A Common Stock,$11.13,0.02,0.18%,2236269172.00,United States,2021,2373352,Consumer Staples,Consumer Electronics/Appliances
VZLA,Vizsla Silver Corp. Common Shares,$2.15,-0.07,-3.153%,510650095.00,Canada,2024,1696501,Basic Materials,Precious Metals
W,Wayfair Inc. Class A Common Stock,$44.43,0.04,0.09%,5485532311.00,United States,2014,4260440,Consumer Discretionary,Catalog/Specialty Distribution
WAB,Westinghouse Air Brake Technologies Corporation Common Stock,$190.85,2.09,1.107%,32805134740.00,United States,,916111,Industrials,Railroads
WABC,Westamerica Bancorporation Common Stock,$52.51,1.43,2.80%,1401270780.00,United States,,103999,Finance,Major Banks
WAFD,WaFd Inc. Common Stock,$34.70,0.95,2.815%,2818310231.00,United States,,358784,Finance,Major Banks
WAFDP,WaFd Inc. Depositary Shares,$18.64,0.06,0.323%,1513928032.00,United States,,8155,Finance,Major Banks
WAFU,Wah Fu Education Group Limited Ordinary Shares,$1.86,-0.0101,-0.54%,8203640.00,China,2019,111389,Real Estate,Other Consumer Services
WAI,Top KingWin Ltd Class A Ordinary Shares,$0.46,-0.034,-6.883%,84165000.00,China,2023,43762,Consumer Discretionary,Business Services
WAL,Western Alliance Bancorporation Common Stock (DE),$84.76,2.62,3.19%,9330923603.00,United States,2005,974710,Finance,Major Banks
WAL^A,Western Alliance Bancorporation Depositary Shares Each Representing a 1/400th Interest in a Share of 4.250% Fixed-Rate Non-Cumulative Perpetual Preferred Stock Series A,$20.50,0.11,0.539%,,United States,,7581,,
WALD,Waldencast plc Class A Ordinary Share,$3.85,0.36,10.315%,470428197.00,United States,2021,75125,Consumer Discretionary,Package Goods/Cosmetics
WALDW,Waldencast plc Warrant ,$0.147,0.00,0.00%,17961804.00,United States,2021,2190,Consumer Discretionary,Package Goods/Cosmetics
WASH,Washington Trust Bancorp Inc. Common Stock,$35.41,1.19,3.477%,604038334.00,United States,,94729,Finance,Major Banks
WAT,Waters Corporation Common Stock,$325.51,0.96,0.296%,19322900858.00,United States,1995,373666,Industrials,Biotechnology: Laboratory Analytical Instruments
WATT,Energous Corporation Common Stock,$0.58,-0.0068,-1.159%,3941024.00,United States,2014,150435,Technology,Radio And Television Broadcasting And Communications Equipment
WAVE,Eco Wave Power Global AB (publ) American Depositary Shares,$10.15,0.95,10.326%,56325963.00,Israel,2021,92086,Utilities,Electric Utilities: Central
WAVS,Western Acquisition Ventures Corp. Common Stock,$11.98,-0.22,-1.803%,0.00,United States,2022,9124,Technology,EDP Services
WAVSW,Western Acquisition Ventures Corp. Warrant,$0.0345,0.0162,88.525%,0.00,United States,2022,6831,Technology,EDP Services
WAY,Waystar Holding Corp. Common Stock,$27.90,0.285,1.032%,4649803789.00,United States,2024,387514,Technology,EDP Services
WB,Weibo Corporation American Depositary Share,$9.59,0.32,3.452%,2326638934.00,China,2014,1080105,Technology,Computer Software: Programming Data Processing
WBA,Walgreens Boots Alliance Inc. Common Stock,$9.44,0.18,1.944%,8161985707.00,United States,,16258300,Consumer Staples,Retail-Drug Stores and Proprietary Stores
WBD,Warner Bros. Discovery Inc. Series A Common Stock ,$7.61,0.01,0.132%,18659022505.00,United States,,17447433,Telecommunications,Cable & Other Pay Television Services
WBS,Webster Financial Corporation Common Stock,$52.18,1.03,2.014%,8945028091.00,United States,,891413,Finance,Major Banks
WBS^F,Webster Financial Corporation Depositary Shares Each Representing 1/1000th Interest in a Share of 5.25% Series F Non-Cumulative Perpetual Preferred Stock,$21.59,-0.36,-1.64%,,United States,,15395,,
WBS^G,Webster Financial Corporation Depositary Shares each representing a 1/40th interest in a share of 6.50% Series G non-cumulative perpetual preferred stock,$24.90,-0.05,-0.20%,,United States,,2667,,
WBTN,WEBTOON Entertainment Inc. Common stock,$11.25,0.07,0.626%,1443066649.00,United States,2024,226072,Consumer Discretionary,Publishing
WBUY,WEBUY GLOBAL LTD. Ordinary Shares,$0.1255,-0.002,-1.569%,6573891.00,Singapore,2023,463362,Consumer Discretionary,Other Specialty Stores
WBX,Wallbox N.V. Class A Ordinary Shares,$0.9405,0.0405,4.50%,197323489.00,Spain,,378667,Consumer Discretionary,Industrial Specialties
WCC,WESCO International Inc. Common Stock,$179.44,3.41,1.937%,8821003932.00,United States,1999,750181,Consumer Discretionary,Telecommunications Equipment
WCC^A,WESCO International Inc. Depositary Shares each representing 1/1000th interest in a share of Series A Fixed-Rate Reset Cumulative Perpetual Preferred Stock,$25.96,0.006,0.023%,,United States,,9040,,
WCN,Waste Connections Inc. Common Shares,$176.91,1.11,0.631%,45649400149.00,Canada,,719321,Utilities,Environmental Services
WCT,Wellchange Holdings Company Limited Ordinary shares,$7.87,-0.59,-6.974%,166057000.00,Hong Kong,2024,739267,Technology,Computer Software: Prepackaged Software
WD,Walker & Dunlop Inc Common Stock,$111.88,-0.35,-0.312%,3775804108.00,United States,2010,106933,Finance,Finance: Consumer Services
WDAY,Workday Inc. Class A Common Stock,$234.95,-2.76,-1.161%,62261750000.00,United States,,1258987,Technology,EDP Services
WDC,Western Digital Corporation Common Stock,$69.71,0.26,0.374%,23942009851.00,United States,,7901492,Technology,Electronic Components
WDFC,WD-40 Company Common Stock,$263.84,-2.75,-1.032%,3572678811.00,United States,1973,79158,Industrials,Major Chemicals
WDH,Waterdrop Inc. American Depositary Shares (each representing the right to receive 10 Class A Ordinary Shares),$1.15,0.00,0.00%,425686531.00,Cayman Islands,2021,180431,Finance,Specialty Insurers
WDI,Western Asset Diversified Income Fund Common Shares of Beneficial Interest,$15.15,-0.14,-0.916%,0.00,United States,2021,235615,Finance,Trusts Except Educational Religious and Charitable
WDS,Woodside Energy Group Limited American Depositary Shares each representing one Ordinary Share,$16.02,-0.09,-0.559%,30417971331.00,Australia,2022,1064844,Energy,Oil & Gas Production
WEA,Western Asset Bond Fund Share of Beneficial Interest,$11.01,-0.02,-0.181%,0.00,United States,2002,30185,Finance,Trusts Except Educational Religious and Charitable
WEAV,Weave Communications Inc. Common Stock,$13.48,0.01,0.074%,968040197.00,United States,2021,703067,Technology,Computer Software: Prepackaged Software
WEC,WEC Energy Group Inc. Common Stock,$97.00,-0.19,-0.195%,30659701897.00,United States,,1369362,Utilities,Power Generation
WEL,Integrated Wellness Acquisition Corp Class A Ordinary Shares,$11.8599,0.0099,0.084%,0.00,,2022,2395,Finance,Blank Checks
WELL,Welltower Inc. Common Stock,$130.57,0.37,0.284%,79536393123.00,United States,,2282243,Real Estate,Real Estate Investment Trusts
WEN,Wendy's Company (The) Common Stock,$20.40,0.86,4.401%,4146151243.00,United States,,5291200,Consumer Discretionary,Restaurants
WERN,Werner Enterprises Inc. Common Stock,$38.18,0.84,2.25%,2359821919.00,United States,1986,629555,Industrials,Trucking Freight/Courier Services
WES,Western Midstream Partners LP Common Units Representing Limited Partner Interests,$37.98,-0.45,-1.171%,14451090110.00,United States,2012,844447,Utilities,Natural Gas Distribution
WEST,Westrock Coffee Company Common Stock,$6.98,0.18,2.647%,616793005.00,United States,,330409,Consumer Staples,Beverages (Production/Distribution)
WETH,Wetouch Technology Inc. Common Stock,$1.77,0.005,0.283%,21118815.00,China,,89576,Technology,Computer peripheral equipment
WEX,WEX Inc. common stock,$178.76,-0.09,-0.05%,7111665211.00,United States,,457063,Consumer Discretionary,Business Services
WEYS,Weyco Group Inc. Common Stock,$33.91,0.25,0.743%,321828993.00,United States,,6347,Consumer Staples,Apparel
WF,Woori Financial Group Inc. American Depositary Shares (each representing three (3) shares of Common Stock),$34.54,-2.25,-6.116%,8549082406.00,South Korea,,175153,Finance,Commercial Banks
WFC,Wells Fargo & Company Common Stock,$65.61,1.08,1.674%,223321365840.00,United States,,16157666,Finance,Major Banks
WFC^A,Wells Fargo & Company Depositary Shares each representing a 1/1000th interest in a share of Non-Cumulative Perpetual Class A Preferred Stock Series AA,$21.12,-0.01,-0.047%,,United States,,47967,,
WFC^C,Wells Fargo & Company Depositary Shares each representing a 1/1000th interest in a share of Non-Cumulative Perpetual Class A Preferred Stock Series CC,$19.90,-0.01,-0.05%,,United States,,41327,,
WFC^D,Wells Fargo & Company Depositary Shares each representing a 1/1000th interest in  a share of Non-Cumulative Perpetual Class A Preferred Stock Series DD,$19.53,-0.02,-0.102%,,United States,,58915,,
WFC^L,Wells Fargo & Company 7.50% Non-Cumulative Perpetual Convertible Class A Preferred Stock Series L,$1220.00,-19.86,-1.602%,,United States,,21309,,
WFC^Y,Wells Fargo & Company Depositary Shares each representing a 1/1000th interest in a share of Non-Cumulative Perpetual Class A Preferred Stock Series Y,$25.00,0.08,0.321%,,United States,,27934,,
WFC^Z,Wells Fargo & Company Depositary Shares each representing a 1/1000th interest in a share of Non-Cumulative Perpetual Class A Preferred Stock Series Z,$21.10,0.02,0.095%,,United States,,93892,,
WFCF,Where Food Comes From Inc. Common Stock,$11.4404,0.0804,0.708%,61285914.00,United States,,1029,Technology,Computer Software: Prepackaged Software
WFG,West Fraser Timber Co. Ltd Common stock,$97.17,-0.16,-0.164%,7809929434.00,,2021,183551,Basic Materials,Forest Products
WFRD,Weatherford International plc Ordinary Shares,$80.00,-0.35,-0.436%,5812159680.00,United States,,1229673,Industrials,Metal Fabrications
WGO,Winnebago Industries Inc. Common Stock,$55.60,2.08,3.886%,1607850975.00,United States,,1035326,Industrials,Homebuilding
WGS,GeneDx Holdings Corp. Class A Common Stock,$56.06,-2.76,-4.692%,1510026386.00,United States,2020,714330,Technology,Retail: Computer Software & Peripheral Equipment
WGSWW,GeneDx Holdings Corp. Warrant,$0.24,-0.01,-4.00%,6464615.00,United States,2020,53258,Technology,Retail: Computer Software & Peripheral Equipment
WH,Wyndham Hotels & Resorts Inc. Common Stock ,$89.27,-1.36,-1.501%,6944251525.00,United States,2018,1125003,Consumer Discretionary,Hotels/Resorts
WHD,Cactus Inc. Class A Common Stock,$57.59,-0.69,-1.184%,4581962507.00,United States,2018,521657,Industrials,Metal Fabrications
WHF,WhiteHorse Finance Inc. Common Stock,$12.13,0.09,0.748%,281938657.00,United States,,83721,Finance,Finance Companies
WHFCL,WhiteHorse Finance Inc. 7.875% Notes due 2028,$25.5899,0.2399,0.946%,594788298.00,United States,,223,,
WHG,Westwood Holdings Group Inc Common Stock,$14.88,-1.07,-6.708%,138183611.00,United States,,47548,Finance,Investment Managers
WHLM,Wilhelmina International Inc. Common Stock,$3.32,-0.088,-2.582%,17122382.00,United States,,102400,Consumer Discretionary,Professional Services
WHLR,Wheeler Real Estate Investment Trust Inc. Common Stock,$10.10,0.19,1.917%,6309531.00,United States,2012,116585,Real Estate,Real Estate Investment Trusts
WHLRD,Wheeler Real Estate Investment Trust Inc. Series D Cumulative Preferred Stock,$26.00,-0.23,-0.877%,16242356.00,United States,,7041,Real Estate,Real Estate Investment Trusts
WHLRL,Wheeler Real Estate Investment Trust Inc. 7.00% Senior Subordinated Convertible Notes Due 2031,$145.50,0.00,0.00%,90894723.00,United States,,1,Real Estate,Real Estate Investment Trusts
WHLRP,Wheeler Real Estate Investment Trust Inc. Class B Preferred Stock,$3.6475,0.1475,4.214%,2278615.00,United States,,255,Real Estate,Real Estate Investment Trusts
WHR,Whirlpool Corporation Common Stock,$103.71,-0.34,-0.327%,5718539013.00,United States,,1048537,Consumer Discretionary,Consumer Electronics/Appliances
WIA,Western Asset Inflation-Linked Income Fund,$8.26,-0.02,-0.242%,0.00,United States,2003,33184,Finance,Trusts Except Educational Religious and Charitable
WILC,G. Willi-Food International  Ltd. Ordinary Shares,$12.09,0.30,2.545%,167652236.00,Israel,,3625,Consumer Discretionary,Food Distributors
WIMI,WiMi Hologram Cloud Inc. American Depositary Share,$0.888,-0.002,-0.225%,87208741.00,China,2020,169586,Technology,Computer Software: Prepackaged Software
WINA,Winmark Corporation Common Stock,$377.00,5.77,1.554%,1327191554.00,United States,,16665,Consumer Discretionary,Other Specialty Stores
WING,Wingstop Inc. Common Stock,$368.56,8.18,2.27%,10800430033.00,United States,2015,604317,Consumer Discretionary,Restaurants
WINT,Windtree Therapeutics Inc. Common Stock,$0.8699,0.0062,0.718%,514902.00,United States,,1151324,Health Care,Biotechnology: Biological Products (No Diagnostic Substances)
WINVR,WinVest Acquisition Corp. Right,$0.1497,0.00,0.00%,0.00,United States,2021,218,Finance,Blank Checks
WINVW,WinVest Acquisition Corp. Warrant,$0.014,0.0004,2.941%,0.00,United States,2021,83802,Finance,Blank Checks
WISA,WiSA Technologies Inc. Common Stock,$1.99,0.08,4.188%,11185014.00,United States,2018,1424934,Technology,Semiconductors
WIT,Wipro Limited Common Stock,$6.75,0.19,2.896%,35269683161.00,India,,1983510,Technology,EDP Services
WIW,Western Asset Inflation-Linked Opportunities & Income Fund,$8.68,0.00,0.00%,0.00,United States,2004,131477,Finance,Finance Companies
WIX,Wix.com Ltd. Ordinary Shares,$164.50,0.23,0.14%,9404891878.00,Israel,2013,295023,Technology,Computer Software: Programming Data Processing
WK,Workiva Inc. Class A Common Stock,$78.53,-0.25,-0.317%,4338000184.00,United States,2014,211065,Technology,Computer Software: Prepackaged Software
WKC,World Kinect Corporation Common Stock,$26.54,0.14,0.53%,1568352000.00,United States,,1679661,Energy,Oil Refining/Marketing
WKEY,WISeKey International Holding Ltd American Depositary Shares,$2.05,-0.05,-2.381%,19844000.00,Switzerland,,9677,Technology,EDP Services
WKHS,Workhorse Group Inc. Common Stock,$0.855,0.0404,4.959%,20829977.00,United States,,953742,Consumer Discretionary,Auto Manufacturing
WKSP,Worksport Ltd. Common Stock,$0.7931,0.0591,8.052%,23516141.00,Canada,,215126,Consumer Discretionary,Auto Parts:O.E.M.
WLDN,Willdan Group Inc. Common Stock,$46.28,0.94,2.073%,647661804.00,United States,2006,183125,Consumer Discretionary,Military/Government/Technical
WLDS,Wearable Devices Ltd. Ordinary Share,$3.36,-0.12,-3.448%,4105587.00,Israel,2022,99795,Telecommunications,Computer Communications Equipment
WLDSW,Wearable Devices Ltd. Warrant,$0.18,0.00,0.00%,219942.00,Israel,2022,187,Telecommunications,Computer Communications Equipment
WLFC,Willis Lease Finance Corporation Common Stock,$181.77,-3.14,-1.698%,1297837800.00,United States,1996,27714,Consumer Discretionary,Industrial Specialties
WLGS,Wang & Lee Group Inc. Ordinary Shares,$3.04,0.66,27.731%,45885295.00,Hong Kong,2023,97687,Consumer Discretionary,Engineering & Construction
WLK,Westlake Corporation Common Stock,$133.86,1.13,0.851%,17212474038.00,United States,2004,337340,Industrials,Major Chemicals
WLKP,Westlake Chemical Partners LP Common Units representing limited partner interests,$22.41,-0.05,-0.223%,789517208.00,United States,2014,22253,Industrials,Major Chemicals
WLY,John Wiley & Sons Inc. Common Stock,$49.58,0.28,0.568%,2691158522.00,United States,,151511,Consumer Discretionary,Books
WLYB,John Wiley & Sons Inc. Common Stock,$49.63,0.36,0.731%,2693872477.00,United States,,121,Consumer Discretionary,Books
WM,Waste Management Inc. Common Stock,$208.26,1.46,0.706%,83577825871.00,United States,,2121600,Utilities,Environmental Services
WMB,Williams Companies Inc. (The) Common Stock,$52.29,-0.21,-0.40%,63737911977.00,United States,,5026537,Utilities,Natural Gas Distribution
WMG,Warner Music Group Corp. Class A Common Stock,$32.03,-0.35,-1.081%,16588941310.00,United States,2020,1384602,Consumer Discretionary,Services-Misc. Amusement & Recreation
WMK,Weis Markets Inc. Common Stock,$64.32,0.24,0.375%,1730107854.00,United States,,84863,Consumer Staples,Food Chains
WMPN,William Penn Bancorporation Common Stock,$12.75,0.19,1.513%,118036427.00,United States,2021,7853,Finance,Banks
WMS,Advanced Drainage Systems Inc. Common Stock,$150.55,0.48,0.32%,11671152838.00,United States,2014,228809,Consumer Discretionary,Containers/Packaging
WMT,Walmart Inc. Common Stock,$82.75,0.24,0.291%,665165284649.00,United States,,7987636,Consumer Discretionary,Department/Specialty Retail Stores
WNC,Wabash National Corporation Common Stock,$18.49,0.51,2.836%,813545763.00,United States,1991,821639,Industrials,Construction/Ag Equipment/Trucks
WNEB,Western New England Bancorp Inc. Common Stock,$8.70,0.02,0.23%,185469088.00,United States,,31692,Finance,Savings Institutions
WNS,WNS (Holdings) Limited Ordinary Shares,$48.41,1.20,2.542%,2138317481.00,India,2024,730609,Consumer Discretionary,Business Services
WNW,Meiwu Technology Company Limited Ordinary Shares,$0.8051,0.0171,2.17%,2353569.00,China,2020,19993,Consumer Discretionary,Catalog/Specialty Distribution
WOK,WORK Medical Technology Group LTD Ordinary Shares,$6.50,0.09,1.404%,94250000.00,China,2024,93637,Health Care,Medical/Dental Instruments
WOLF,Wolfspeed Inc. Common Stock,$15.34,0.48,3.23%,1946176090.00,United States,,7821881,Technology,Semiconductors
WOOF,Petco Health and Wellness Company Inc. Class A Common Stock,$4.57,0.11,2.466%,1426518202.00,United States,2021,2669654,Consumer Discretionary,Other Specialty Stores
WOR,Worthington Enterprises Inc. Common Shares,$39.78,0.96,2.473%,1999353342.00,United States,,214008,Industrials,Steel/Iron Ore
WORX,SCWorx Corp. Common Stock,$1.19,-0.0401,-3.26%,1903247.00,United States,2016,44778,Consumer Discretionary,Services-Misc. Amusement & Recreation
WOW,WideOpenWest Inc. Common Stock,$5.17,-0.15,-2.82%,437842828.00,United States,2017,271191,Telecommunications,Cable & Other Pay Television Services
WPC,W. P. Carey Inc. REIT,$57.48,0.20,0.349%,12579326422.00,United States,,973126,Real Estate,Real Estate Investment Trusts
WPM,Wheaton Precious Metals Corp Common Shares (Canada),$66.45,0.32,0.484%,30146087293.00,Canada,,1369618,Basic Materials,Precious Metals
WPP,WPP plc American Depositary Shares,$53.85,0.79,1.489%,11616031803.00,Ireland,,128035,Consumer Discretionary,Advertising
WPRT,Westport Fuel Systems Inc Common Shares,$4.25,-0.01,-0.235%,73375672.00,Canada,2008,65175,Industrials,Industrial Machinery/Components
WRAP,Wrap Technologies Inc. Common Stock,$1.795,-0.035,-1.913%,82344516.00,United States,,222955,Industrials,Ordnance And Accessories
WRB,W.R. Berkley Corporation Common Stock,$58.41,0.25,0.43%,22227960546.00,United States,,1430274,Finance,Property-Casualty Insurers
WRB^E,W.R. Berkley Corporation 5.70% Subordinated Debentures due 2058,$25.14,0.06,0.239%,,United States,,3651,,
WRB^F,W.R. Berkley Corporation 5.10% Subordinated Debentures due 2059,$23.19,0.03,0.13%,,United States,,7172,,
WRB^G,W.R. Berkley Corporation 4.25% Subordinated Debentures due 2060,$19.72,-0.02,-0.101%,,United States,,3623,,
WRB^H,W.R. Berkley Corporation 4.125% Subordinated Debentures due 2061,$19.72,-0.13,-0.655%,,United States,,8920,,
WRBY,Warby Parker Inc. Class A Common Stock,$17.21,0.09,0.526%,2062401826.00,United States,2021,1422513,Health Care,Ophthalmic Goods
WRD,WeRide Inc. American Depositary Shares,$17.00,0.45,2.719%,4613417670.00,China,2024,671761,Technology,EDP Services
WRLD,World Acceptance Corporation Common Stock,$117.89,2.59,2.246%,690198558.00,United States,1991,24374,Finance,Finance: Consumer Services
WRN,Western Copper and Gold Corporation Common Stock,$1.15,0.01,0.877%,227952063.00,Canada,2011,163774,Basic Materials,Metal Mining
WS,Worthington Steel Inc. Common Shares,$39.80,3.26,8.922%,2020891327.00,United States,2023,322491,Industrials,Steel/Iron Ore
WSBC,WesBanco Inc. Common Stock,$31.33,1.04,3.433%,1866882954.00,United States,,608546,Finance,Major Banks
WSBCP,WesBanco Inc. Depositary Shares Each Representing a 1/40th Interest in a Share of 6.75% Fixed-Rate Reset Non-Cumulative Perpetual Preferred Stock Series A,$25.26,-0.0305,-0.121%,1505185555.00,United States,,6200,Finance,Major Banks
WSBF,Waterstone Financial Inc. Common Stock (MD),$14.89,0.29,1.986%,289720150.00,United States,2005,24289,Finance,Savings Institutions
WSC,WillScot Holdings Corporation Class A Common Stock,$39.79,0.82,2.104%,7500050922.00,United States,2015,2386647,Industrials,Misc Corporate Leasing Services
WSFS,WSFS Financial Corporation Common Stock,$50.00,0.90,1.833%,2963473000.00,United States,,276937,Finance,Major Banks
WSM,Williams-Sonoma Inc. Common Stock (DE),$132.50,-2.26,-1.677%,16739962815.00,United States,,1776361,Consumer Discretionary,Home Furnishings
WSO,Watsco Inc. Common Stock,$479.91,4.01,0.843%,19359192191.00,United States,,167268,Consumer Discretionary,Industrial Machinery/Components
WSO/B,Watsco Inc.,$495.00,0.00,0.00%,,United States,,110,,
WSR,Whitestone REIT Common Shares,$14.28,0.11,0.776%,714927386.00,United States,2010,109767,Real Estate,Real Estate Investment Trusts
WST,West Pharmaceutical Services Inc. Common Stock,$310.41,2.49,0.809%,22517635883.00,United States,,801474,Health Care,Medical/Dental Instruments
WT,WisdomTree Inc. Common Stock,$10.44,-0.03,-0.287%,1585373999.00,United States,2022,2583989,Finance,Investment Bankers/Brokers/Service
WTBA,West Bancorporation Common Stock,$22.12,1.30,6.244%,372337820.00,United States,,58084,Finance,Major Banks
WTFC,Wintrust Financial Corporation Common Stock,$116.06,3.04,2.69%,7718034799.00,United States,,307330,Finance,Major Banks
WTFCM,Wintrust Financial Corporation Fixed-to-Floating Rate Non-Cumulative Perpetual Preferred Stock Series D,$25.05,0.00,0.00%,1665834669.00,United States,,4377,Finance,Major Banks
WTFCP,Wintrust Financial Corporation Depositary Shares Each Representing a 1/1000th Interest in a Share of 6.875% Fixed-Rate Reset Non-Cumulative Perpetual Preferred Stock Series E,$25.16,0.00,0.00%,1673149712.00,United States,,25029,Finance,Major Banks
WTI,W&T Offshore Inc. Common Stock,$2.06,-0.09,-4.186%,303195431.00,United States,2005,1617810,Energy,Oil & Gas Production
WTM,White Mountains Insurance Group Ltd. Common Stock,$1814.87,-1.07,-0.059%,4661099768.00,United States,,18160,Finance,Property-Casualty Insurers
WTO,UTime Limited Ordinary Shares,$0.4498,0.0253,5.96%,8113150.00,China,2021,425543,Technology,Consumer Electronics/Appliances
WTRG,Essential Utilities Inc. Common Stock,$39.16,0.32,0.824%,10716998653.00,United States,,1082369,Utilities,Water Supply
WTS,Watts Water Technologies Inc. Class A Common Stock,$197.21,0.17,0.086%,6577163529.00,United States,1986,103179,Industrials,Metal Fabrications
WTTR,Select Water Solutions Inc. Class A common stock,$10.79,-0.35,-3.142%,1284194649.00,United States,2017,628205,Energy,Oilfield Services/Equipment
WTW,Willis Towers Watson Public Limited Company Ordinary Shares,$292.12,1.67,0.575%,29666513890.00,United Kingdom,2001,577355,Finance,Specialty Insurers
WU,Western Union Company (The) Common Stock,$11.22,0.05,0.448%,3790127961.00,United States,,3288774,Consumer Discretionary,Business Services
WULF,TeraWulf Inc. Common Stock,$6.85,0.47,7.367%,2620793594.00,United States,,40324731,Technology,EDP Services
WVE,Wave Life Sciences Ltd. Ordinary Shares,$14.99,0.54,3.737%,1869820551.00,Singapore,2015,1097187,Health Care,Biotechnology: Pharmaceutical Preparations
WVVI,Willamette Valley Vineyards Inc. Common Stock,$3.3501,-0.1066,-3.084%,16631669.00,United States,,6254,Consumer Staples,Beverages (Production/Distribution)
WVVIP,Willamette Valley Vineyards Inc. Series A Redeemable Preferred Stock,$3.57,0.00,0.00%,17723369.00,United States,,29,Consumer Staples,Beverages (Production/Distribution)
WW,WW International Inc. Common Stock,$1.12,0.06,5.66%,89299780.00,United States,,3856406,Consumer Discretionary,Other Consumer Services
WWD,Woodward Inc. Common Stock,$164.88,0.84,0.512%,9836613018.00,United States,,313001,Energy,Industrial Machinery/Components
WWR,Westwater Resources Inc. Common Stock,$0.6151,0.0051,0.836%,35774584.00,United States,,280118,Basic Materials,Metal Mining
WWW,Wolverine World Wide Inc. Common Stock,$16.18,0.37,2.34%,1294571799.00,United States,,522076,Consumer Discretionary,Shoe Manufacturing
WY,Weyerhaeuser Company Common Stock,$31.95,0.15,0.472%,23237714250.00,United States,,2884066,Real Estate,Real Estate Investment Trusts
WYNN,Wynn Resorts Limited Common stock,$98.62,0.63,0.643%,10945994255.00,United States,2002,1062216,Consumer Discretionary,Hotels/Resorts
WYY,WidePoint Corporation Common Stock,$3.68,0.13,3.662%,35519993.00,United States,,28096,Technology,EDP Services
X,United States Steel Corporation Common Stock,$38.43,-0.36,-0.928%,8645285586.00,United States,,2169084,Industrials,Steel/Iron Ore
XAIR,Beyond Air Inc. Common Stock,$0.4275,0.0256,6.37%,19887520.00,United States,,754377,Health Care,Medical/Dental Instruments
XBIO,Xenetic Biosciences Inc. Common Stock,$3.92,0.125,3.294%,6045185.00,United States,,4926,Health Care,Biotechnology: Pharmaceutical Preparations
XBIT,XBiotech Inc. Common Stock,$7.71,0.54,7.531%,234870933.00,United States,2015,61547,Health Care,Biotechnology: Pharmaceutical Preparations
XBP,XBP Europe Holdings Inc. Common Stock,$1.10,0.03,2.804%,33182712.00,United States,2021,81666,Consumer Discretionary,Business Services
XBPEW,XBP Europe Holdings Inc. Warrant,$0.04,-0.01,-20.00%,1206644.00,United States,2021,26138,Consumer Discretionary,Business Services
XCH,XCHG Limited American Depositary Share,$26.7899,-1.2101,-4.322%,0.00,Germany,2024,53306,,
XCUR,Exicure Inc. Common Stock,$2.41,0.04,1.688%,4169881.00,United States,,9740,Health Care,Biotechnology: Pharmaceutical Preparations
XEL,Xcel Energy Inc. Common Stock,$64.48,0.02,0.031%,35947643911.00,United States,,4165714,Utilities,Power Generation
XELA,Exela Technologies Inc. Common Stock,$1.97,-0.01,-0.505%,12539765.00,United States,2015,54781,Consumer Discretionary,Business Services
XELAP,Exela Technologies Inc. 6.00% Series B Cumulative Convertible Perpetual Preferred Stock,$1.37,0.06,4.58%,8720547.00,United States,,341,Consumer Discretionary,Business Services
XELB,Xcel Brands Inc. Common Stock,$0.8101,0.0101,1.263%,19043123.00,United States,,6769,Miscellaneous,Multi-Sector Companies
XENE,Xenon Pharmaceuticals Inc. Common Shares,$41.74,0.01,0.024%,3162410439.00,Canada,2014,416344,Health Care,Biotechnology: Pharmaceutical Preparations
XERS,Xeris Biopharma Holdings Inc. Common Stock,$3.23,0.03,0.938%,481266205.00,United States,2018,1326939,Health Care,Biotechnology: Pharmaceutical Preparations
XFLT,XAI Octagon Floating Rate & Alternative Income Trust Common Shares of Beneficial Interest,$6.88,0.02,0.292%,244023500.00,United States,2017,554544,Finance,Investment Managers
XFLT^A,XAI Octagon Floating Rate & Alternative Income Trust 6.50% Series 2026 Term Preferred Shares (Liquidation Preference $25.00),$25.17,0.15,0.60%,,United States,,141,,
XFOR,X4 Pharmaceuticals Inc. Common Stock,$0.50,0.014,2.881%,84249757.00,United States,2017,1258098,Health Care,Biotechnology: Biological Products (No Diagnostic Substances)
XGN,Exagen Inc. Common Stock,$2.61,-0.08,-2.974%,45378475.00,United States,2019,14648,Health Care,Medical Specialities
XHG,XChange TEC.INC American Depositary Shares,$0.189,-0.0024,-1.254%,893936.00,China,2019,1092691,Finance,Real Estate
XHR,Xenia Hotels & Resorts Inc. Common Stock,$14.64,0.09,0.619%,1492748231.00,United States,2015,453970,Consumer Discretionary,Hotels/Resorts
XIN,Xinyuan Real Estate Co Ltd American Depositary Shares,$3.87,0.12,3.20%,21724942.00,China,2007,24393,Consumer Discretionary,Homebuilding
XLO,Xilio Therapeutics Inc. Common Stock,$1.03,0.08,8.421%,45271066.00,United States,2021,288485,Health Care,Biotechnology: Pharmaceutical Preparations
XMTR,Xometry Inc. Class A Common Stock,$19.97,0.57,2.938%,984451205.00,United States,2021,494466,Consumer Discretionary,Business Services
XNCR,Xencor Inc. Common Stock,$21.57,0.41,1.938%,1333749242.00,United States,2013,306850,Health Care,Biotechnology: Pharmaceutical Preparations
XNET,Xunlei Limited American Depositary Shares,$2.06,0.02,0.98%,133292529.00,China,2014,98739,Technology,Computer Software: Prepackaged Software
XOM,Exxon Mobil Corporation Common Stock,$118.90,-0.59,-0.494%,528252080362.00,United States,,11842143,Energy,Integrated oil Companies
XOMA,XOMA Royalty Corporation Common Stock,$30.22,0.71,2.406%,353708993.00,United States,1986,19910,Health Care,Biotechnology: Pharmaceutical Preparations
XOMAO,XOMA Royalty Corporation Depositary Shares Rep Series B 8.375% Cumulative Preferred Stock,$25.62,0.0041,0.016%,299868445.00,United States,,5186,Health Care,Biotechnology: Pharmaceutical Preparations
XOMAP,XOMA Royalty Corporation 8.625% Series A Cumulative Perpetual Preferred Stock,$26.50,0.0128,0.048%,310168376.00,United States,,483,Health Care,Biotechnology: Pharmaceutical Preparations
XOS,Xos Inc. Common Stock,$4.80,0.06,1.266%,38418518.00,United States,2020,15168,Consumer Discretionary,Auto Parts:O.E.M.
XOSWW,Xos Inc. Warrants,$0.02,-0.001,-4.762%,160077.00,United States,2020,2769,Consumer Discretionary,Auto Parts:O.E.M.
XP,XP Inc. Class A Common Stock,$18.16,0.54,3.065%,9978796040.00,Brazil,2019,2699734,Finance,Investment Bankers/Brokers/Service
XPEL,XPEL Inc. Common Stock,$40.78,1.34,3.398%,1127195820.00,United States,,92326,Industrials,Industrial Specialties
XPER,Xperi Inc. Common Stock ,$9.52,0.15,1.601%,436082373.00,United States,2022,295534,Technology,Computer Software: Prepackaged Software
XPEV,XPeng Inc. American depositary shares each representing two Class A ordinary shares,$12.13,1.00,8.985%,11435175890.00,China,2020,21026237,Consumer Discretionary,Auto Manufacturing
XPL,Solitario Resources Corp. Common Stock,$0.6884,-0.0021,-0.304%,56062207.00,United States,,39878,Basic Materials,Precious Metals
XPO,XPO Inc. Common Stock,$119.56,1.86,1.58%,13915940385.00,United States,,1092517,Consumer Discretionary,Transportation Services
XPOF,Xponential Fitness Inc. Class A Common Stock,$12.49,0.02,0.16%,601705750.00,United States,2021,146383,Consumer Discretionary,Services-Misc. Amusement & Recreation
XPON,Expion360 Inc. Common Stock,$4.21,-0.08,-1.865%,2339787.00,United States,2022,1300602,Miscellaneous,Industrial Machinery/Components
XPRO,Expro Group Holdings N.V. Common Stock,$13.26,-0.11,-0.823%,1605141458.00,United States,2013,3089370,Energy,Oilfield Services/Equipment
XRAY,DENTSPLY SIRONA Inc. Common Stock,$23.61,0.30,1.287%,4786076430.00,United States,1987,1742235,Health Care,Medical/Dental Instruments
XRTX,XORTX Therapeutics Inc. Common Stock,$1.5552,0.0052,0.335%,4515624.00,Canada,,8968,Health Care,Biotechnology: Pharmaceutical Preparations
XRX,Xerox Holdings Corporation Common Stock,$10.28,0.33,3.317%,1278130226.00,United States,,1986040,Technology,Computer peripheral equipment
XTIA,XTI Aerospace Inc. Common Stock,$0.086,0.0002,0.233%,3042752.00,United States,2014,8808786,Technology,EDP Services
XTKG,X3 Holdings Co. Ltd. Ordinary Shares,$0.1321,0.0032,2.483%,36348636.00,China,2019,1146331,Technology,EDP Services
XTLB,XTL Biopharmaceuticals Ltd. American Depositary Shares,$1.9001,0.3501,22.587%,10353761.00,Israel,,1692329,Health Care,Biotechnology: Pharmaceutical Preparations
XTNT,Xtant Medical Holdings Inc. Common Stock,$0.5405,0.0035,0.652%,74659265.00,United States,,9270,Health Care,Biotechnology: Biological Products (No Diagnostic Substances)
XWEL,XWELL Inc. Common Stock,$1.81,0.058,3.311%,9513403.00,United States,,6874,Consumer Discretionary,Other Consumer Services
XXII,22nd Century Group Inc. Common Stock,$0.107,-0.0055,-4.889%,992159.00,United States,,5183669,Health Care, Medicinal Chemicals and Botanical Products 
XYF,X Financial American Depositary Shares each representing six Class A Ordinary Shares,$6.62,-0.084,-1.253%,323887479.00,Cayman Islands,2018,15116,Finance,Finance: Consumer Services
XYL,Xylem Inc. Common Stock New,$130.79,0.37,0.284%,31767960298.00,United States,2011,694046,Industrials,Fluid Controls
XYLO,Xylo Technologies Ltd. American Depositary Shares,$3.50,0.00,0.00%,2486803.00,Israel,,5393,Health Care,Medical/Dental Instruments
YALA,Yalla Group Limited American Depositary Shares each representing one Class A Ordinary Share,$4.26,0.13,3.148%,675393636.00,United Arab Emirates,2020,130443,Technology,Computer Software: Programming Data Processing
YCBD,cbdMD Inc. Common Stock,$0.5399,-0.0201,-3.589%,2031877.00,United States,2017,29826,Consumer Discretionary,Package Goods/Cosmetics
YCBD^A,cbdMD Inc. 8.0% Series A Cumulative Convertible Preferred Stock,$0.6995,0.00,0.00%,,United States,,6402,,
YELP,Yelp Inc. Common Stock,$34.12,0.47,1.397%,2282926072.00,United States,2012,828003,Consumer Discretionary,Other Consumer Services
YETI,YETI Holdings Inc. Common Stock,$35.84,0.14,0.392%,3033927572.00,United States,2018,985033,Consumer Discretionary,Recreational Games/Products/Toys
YEXT,Yext Inc. Common Stock,$7.06,0.21,3.066%,903120608.00,United States,2017,358915,Technology,EDP Services
YGMZ,MingZhu Logistics Holdings Limited Ordinary Shares,$1.43,-0.03,-2.055%,6632755.00,China,2020,15355,Consumer Discretionary,Transportation Services
YHGJ,Yunhong Green CTI Ltd. Common Stock,$0.73,-0.0199,-2.654%,18869177.00,United States,,4822,Industrials,Specialty Chemicals
YHNAU,YHN Acquisition I Limited Unit,$10.06,0.02,0.199%,0.00,Hong Kong,2024,39840,,
YI,111 Inc. American Depositary Shares,$0.7788,0.0268,3.564%,66715374.00,China,2018,108155,Consumer Staples,Retail-Drug Stores and Proprietary Stores
YIBO,Planet Image International Limited Class A Ordinary Shares,$2.97,0.13,4.577%,156315852.00,China,2024,12466,Industrials,Industrial Machinery/Components
YJ,Yunji Inc. American Depository Shares,$2.0731,0.0731,3.655%,40764993.00,China,2019,2738,Consumer Discretionary,Other Specialty Stores
YMAB,Y-mAbs Therapeutics Inc. Common Stock,$14.81,0.33,2.279%,660079242.00,United States,2018,149790,Health Care,Biotechnology: Pharmaceutical Preparations
YMM,Full Truck Alliance Co. Ltd. American Depositary Shares (each representing 20 Class A Ordinary Shares),$9.16,0.18,2.004%,9651603863.00,China,2021,5131340,Technology,Computer Software: Prepackaged Software
YORW,York Water Company (The) Common Stock,$35.86,0.31,0.872%,515025014.00,United States,,38430,Utilities,Water Supply
YOSH,Yoshiharu Global Co. Class A Common Stock,$4.50,-0.10,-2.174%,6042249.00,United States,2022,1952,Consumer Discretionary,Restaurants
YOTA,Yotta Acquisition Corporation Common Stock,$11.19,0.06,0.539%,0.00,United States,2022,10752,Consumer Staples,Farming/Seeds/Milling
YOTAR,Yotta Acquisition Corporation Right,$0.11,-0.035,-24.138%,0.00,United States,2022,180,Consumer Staples,Farming/Seeds/Milling
YOTAW,Yotta Acquisition Corporation Warrant,$0.038,0.00,0.00%,0.00,United States,2022,400,Consumer Staples,Farming/Seeds/Milling
YOU,Clear Secure Inc. Class A Common Stock,$36.11,0.63,1.776%,5028176490.00,United States,2021,1184666,Technology,Computer Software: Prepackaged Software
YPF,YPF Sociedad Anonima Common Stock,$25.51,-0.14,-0.546%,10033409349.00,Argentina,1993,1891016,Energy,Integrated oil Companies
YQ,17 Education & Technology Group Inc. American Depositary Shares,$2.06,-0.08,-3.738%,15959022.00,China,2020,71986,Real Estate,Other Consumer Services
YRD,Yiren Digital Ltd. American Depositary Shares each representing two ordinary shares,$5.93,0.27,4.77%,515521840.00,China,2015,194677,Finance,Finance: Consumer Services
YSG,Yatsen Holding Limited American Depositary Shares each representing twenty (20) Class A Ordinary Shares,$3.70,0.20,5.714%,398512019.00,China,,302405,Consumer Discretionary,Package Goods/Cosmetics
YTRA,Yatra Online Inc. Ordinary Shares,$1.40,-0.035,-2.439%,86206918.00,India,,58073,Consumer Discretionary,Transportation Services
YUM,Yum! Brands Inc.,$134.86,1.82,1.368%,37917912170.00,United States,,1317959,Consumer Discretionary,Restaurants
YUMC,Yum China Holdings Inc. Common Stock,$44.70,1.07,2.452%,17183734920.00,United States,2016,4894745,Consumer Discretionary,Restaurants
YXT,YXT.COM GROUP HOLDING LIMITED American Depository Shares,$2.742,0.322,13.306%,488487681.00,China,2024,66346,Technology,Computer Software: Prepackaged Software
YY,JOYY Inc. American Depositary Shares,$34.00,-0.12,-0.352%,2069500440.00,China,2012,310252,Technology,EDP Services
YYAI,Connexa Sports Technologies Inc. Common Stock,$5.61,0.25,4.664%,36102897.00,United States,,106440,Consumer Discretionary,Recreational Games/Products/Toys
YYGH,YY Group Holding Limited Class A Ordinary Shares,$1.15,0.00,0.00%,45338750.00,Singapore,2024,13400,Consumer Discretionary,Professional Services
Z,Zillow Group Inc. Class C Capital Stock,$59.79,0.14,0.235%,13838060138.00,United States,,2089477,Consumer Discretionary,Business Services
ZAPP,Zapp Electric Vehicles Group Limited Ordinary Shares,$2.57,-0.09,-3.383%,10819700.00,Thailand,,87993,Consumer Discretionary,Motor Vehicles
ZAPPW,Zapp Electric Vehicles Group Limited Warrant,$0.008,-0.0015,-15.789%,33680.00,Thailand,,78982,Consumer Discretionary,Motor Vehicles
ZBAO,Zhibao Technology Inc. Class A Ordinary Shares,$3.1299,-0.0401,-1.265%,99296078.00,China,2024,7896,Finance,Specialty Insurers
ZBH,Zimmer Biomet Holdings Inc. Common Stock,$103.60,1.25,1.221%,21098386050.00,United States,,1536476,Health Care,Industrial Specialties
ZBIO,Zenas BioPharma Inc. Common Stock,$21.19,0.79,3.873%,811939074.00,United States,2024,159199,Health Care,Biotechnology: Pharmaceutical Preparations
ZBRA,Zebra Technologies Corporation Class A Common Stock,$363.58,3.49,0.969%,18753589107.00,United States,1991,715068,Industrials,Industrial Machinery/Components
ZCAR,Zoomcar Holdings Inc. Common Stock,$5.81,-0.31,-5.065%,4398054.00,United States,2022,69507,Consumer Discretionary,Rental/Leasing Companies
ZCARW,Zoomcar Holdings Inc. Warrants,$0.0119,-0.0033,-21.711%,9008.00,United States,2022,205306,Consumer Discretionary,Rental/Leasing Companies
ZCMD,Zhongchao Inc. Class A Ordinary Shares,$1.43,0.04,2.878%,2938568.00,China,2020,47399,Real Estate,Other Consumer Services
ZD,Ziff Davis Inc. Common Stock,$47.42,0.99,2.132%,2121606175.00,United States,,306876,Telecommunications,Telecommunications Equipment
ZDGE,Zedge Inc. Class B Common Stock ,$3.06,-0.02,-0.649%,44280767.00,,2016,59637,Technology,Computer Software: Prepackaged Software
ZENA,ZenaTech Inc. Common Stock,$2.11,-0.10,-4.525%,37270384.00,Canada,,976659,Technology,Computer Software: Prepackaged Software
ZENV,Zenvia Inc. Class A Common Stock,$1.3928,-0.0172,-1.22%,58336690.00,Brazil,2021,13185,Technology,Computer Software: Prepackaged Software
ZEO,Zeo Energy Corporation Class A Common Stock,$1.38,0.0699,5.335%,56628776.00,United States,2021,25802,Miscellaneous,Industrial Machinery/Components
ZEOWW,Zeo Energy Corporation Warrants,$0.0303,-0.0097,-24.25%,1243371.00,United States,2021,106,Miscellaneous,Industrial Machinery/Components
ZEPP,Zepp Health Corporation American depositary shares each representing sixteen Class A ordinary shares,$3.46,0.09,2.671%,51882766.00,China,,26216,Technology,Computer Manufacturing
ZETA,Zeta Global Holdings Corp. Class A Common Stock,$27.05,0.29,1.084%,5949519905.00,United States,2021,2826315,Technology,Computer Software: Prepackaged Software
ZEUS,Olympic Steel Inc. Common Stock,$38.07,1.48,4.045%,423815874.00,United States,1994,82675,Industrials,Metal Fabrications
ZG,Zillow Group Inc. Class A Common Stock,$57.73,0.14,0.243%,13361284692.00,United States,2011,170496,Consumer Discretionary,Business Services
ZGN,Ermenegildo Zegna N.V. Ordinary Shares,$7.94,-0.09,-1.121%,1987463488.00,,2021,512666,Consumer Discretionary,Apparel
ZH,Zhihu Inc. American Depositary Shares each representing three (3) Class A Ordinary Shares,$3.69,0.11,3.073%,366317422.00,China,,368972,Consumer Discretionary,Business Services
ZI,ZoomInfo Technologies Inc Common Stock,$10.74,0.25,2.383%,3923107039.00,United States,2020,4367920,Technology,Computer Software: Prepackaged Software
ZIM,ZIM Integrated Shipping Services Ltd. Ordinary Shares,$22.74,-0.06,-0.263%,2735317898.00,,2021,2717148,Consumer Discretionary,Marine Transportation
ZIMV,ZimVie Inc. Common Stock,$13.98,0.11,0.793%,385453820.00,United States,,146801,Health Care,Medical/Dental Instruments
ZION,Zions Bancorporation N.A. Common Stock,$52.51,1.17,2.279%,7755544948.00,United States,,1099299,Finance,Major Banks
ZIONL,Zions Bancorporation 6.95% Fixed-to-Floating Rate Subordinated Notes,$26.0401,-0.0399,-0.153%,3846032489.00,United States,,2220,Finance,Major Banks
ZIONO,Zions Bancorporation N.A. Dep Shs Repstg 1/40th Perp Pfd Ser G,$26.23,-0.02,-0.076%,3874080061.00,United States,,4172,Finance,Major Banks
ZIONP,Zions Bancorporation N.A. Depositary Shares (Each representing 1/40th Interest in a Share of Series A Floating-Rate Non-Cumulative Perpetual Preferred Stock),$22.1001,-0.0999,-0.45%,3264108149.00,United States,,4466,Finance,Major Banks
ZIP,ZipRecruiter Inc. Class A Common Stock,$9.18,0.02,0.218%,911927201.00,United States,2021,436894,Technology,Computer Software: Programming Data Processing
ZJK,ZJK Industrial Co. Ltd. Ordinary Shares,$4.49,-0.44,-8.925%,275012500.00,China,2024,19475,Industrials,Metal Fabrications
ZJYL,JIN MEDICAL INTERNATIONAL LTD. Ordinary Shares,$2.14,-0.04,-1.835%,335010794.00,China,2023,347693,Health Care,Industrial Specialties
ZK,ZEEKR Intelligent Technology Holding Limited American Depositary Shares (each representing ten (10) Ordinary Shares),$29.08,0.23,0.797%,7199760895.00,Cayman Islands,2024,1827665,Consumer Discretionary,Auto Manufacturing
ZKH,ZKH Group Limited American Depositary Shares each representing thirty-five (35) Class A Ordinary Shares,$3.72,0.07,1.918%,599176784.00,,2023,54653,Consumer Discretionary,RETAIL: Building Materials
ZKIN,ZK International Group Co. Ltd Ordinary Share,$0.5794,0.019,3.39%,20943934.00,China,2017,46414,Industrials,Metal Fabrications
ZLAB,Zai Lab Limited American Depositary Shares,$32.54,0.17,0.525%,3241269278.00,China,2017,439867,Health Care,Biotechnology: Pharmaceutical Preparations
ZM,Zoom Video Communications Inc. Class A Common Stock,$73.85,1.22,1.68%,22730233528.00,United States,2019,2129375,Technology,Computer Software: Programming Data Processing
ZNTL,Zentalis Pharmaceuticals Inc. Common Stock,$2.83,0.00,0.00%,201235547.00,United States,2020,773474,Health Care,Biotechnology: Pharmaceutical Preparations
ZOM,Zomedica Corp. Common Shares,$0.1231,0.0022,1.82%,120631804.00,United States,2017,4265861,Health Care,Pharmaceuticals and Biotechnology
ZONE,CleanCore Solutions Inc. Class B Common Stock,$1.73,0.28,19.31%,13781040.00,,2024,69151,Industrials,Industrial Machinery/Components
ZOOZ,ZOOZ Power Ltd. Ordinary Shares,$2.41,0.00,0.00%,0.00,Israel,,8141,Technology,Industrial Machinery/Components
ZOOZW,ZOOZ Power Ltd. Warrant,$0.0498,0.0187,60.129%,600893.00,Israel,,643,Technology,Industrial Machinery/Components
ZS,Zscaler Inc. Common Stock,$187.00,2.04,1.103%,28515630935.00,United States,2018,904306,Technology,EDP Services
ZTEK,Zentek Ltd. Common Stock,$0.80,0.08,11.111%,81349104.00,Canada,,20757,Industrials,Major Chemicals
ZTO,ZTO Express (Cayman) Inc. American Depositary Shares each representing one Class A ordinary share.,$24.50,0.27,1.114%,19915233244.00,China,2016,2385306,Industrials,Trucking Freight/Courier Services
ZTR,Virtus Total Return Fund Inc.,$5.96,0.05,0.846%,0.00,United States,1988,236602,Finance,Investment Managers
ZTS,Zoetis Inc. Class A Common Stock,$182.76,2.75,1.528%,82799598932.00,United States,2013,1909670,Health Care,Biotechnology: Pharmaceutical Preparations
ZUMZ,Zumiez Inc. Common Stock,$21.78,0.18,0.833%,416899888.00,United States,2005,212752,Consumer Discretionary,Clothing/Shoe/Accessory Stores
ZUO,Zuora Inc. Class A Common Stock,$9.88,0.02,0.203%,1496820000.00,United States,2018,1869872,Technology,Computer Software: Prepackaged Software
ZURA,Zura Bio Limited Class A Ordinary Shares,$4.61,-0.13,-2.743%,309824676.00,Cayman Islands,,222951,Health Care,Biotechnology: Biological Products (No Diagnostic Substances)
ZVIA,Zevia PBC Class A Common Stock,$1.24,0.11,9.735%,90163630.00,United States,2021,179620,Consumer Staples,Beverages (Production/Distribution)
ZVRA,Zevra Therapeutics Inc. Common Stock,$8.05,0.30,3.871%,423573201.00,United States,,582527,Health Care,Biotechnology: Pharmaceutical Preparations
ZVSA,ZyVersa Therapeutics Inc. Common Stock,$2.09,-0.01,-0.476%,2151020.00,United States,2022,45173,Health Care,Biotechnology: Pharmaceutical Preparations
ZWS,Zurn Elkay Water Solutions Corporation Common Stock,$36.06,0.09,0.25%,6163681530.00,United States,2012,1027084,Industrials,Industrial Machinery/Components
ZYME,Zymeworks Inc. Common Stock,$13.24,0.31,2.398%,940667444.00,United States,,639747,Health Care,Biotechnology: Pharmaceutical Preparations
ZYXI,Zynex Inc. Common Stock,$8.88,-0.24,-2.632%,281873595.00,United States,,147785,Health Care,Biotechnology: Electromedical & Electrotherapeutic Apparatus
